Kommune;Indikator;Indikator_Original;Einheit;Jahr;Wert;Dateiname
Bochum, kreisfreie Stadt;Abwasserbehandlung;Abwasserbehandlung (%);%;2016;;bochum_Abwasserbehandlung.csv
Bochum, kreisfreie Stadt;Abwasserbehandlung;Abwasserbehandlung (%);%;2017;;bochum_Abwasserbehandlung.csv
Bochum, kreisfreie Stadt;Abwasserbehandlung;Abwasserbehandlung (%);%;2018;;bochum_Abwasserbehandlung.csv
Bochum, kreisfreie Stadt;Abwasserbehandlung;Abwasserbehandlung (%);%;2019;100.0;bochum_Abwasserbehandlung.csv
Bochum, kreisfreie Stadt;Abwasserbehandlung;Abwasserbehandlung (%);%;2020;100.0;bochum_Abwasserbehandlung.csv
Bochum, kreisfreie Stadt;Abwasserbehandlung;Abwasserbehandlung (%);%;2021;100.0;bochum_Abwasserbehandlung.csv
Bochum, kreisfreie Stadt;Abwasserbehandlung;Abwasserbehandlung (%);%;2022;100.0;bochum_Abwasserbehandlung.csv
Bochum, kreisfreie Stadt;Abwasserbehandlung;Abwasserbehandlung (%);%;2023;100.0;bochum_Abwasserbehandlung.csv
Bochum, kreisfreie Stadt;Altersarmut;Altersarmut (%);%;2016;4.2;bochum_Altersarmut.csv
Bochum, kreisfreie Stadt;Altersarmut;Altersarmut (%);%;2017;4.3;bochum_Altersarmut.csv
Bochum, kreisfreie Stadt;Altersarmut;Altersarmut (%);%;2018;4.5;bochum_Altersarmut.csv
Bochum, kreisfreie Stadt;Altersarmut;Altersarmut (%);%;2019;4.5;bochum_Altersarmut.csv
Bochum, kreisfreie Stadt;Altersarmut;Altersarmut (%);%;2020;4.4;bochum_Altersarmut.csv
Bochum, kreisfreie Stadt;Altersarmut;Altersarmut (%);%;2021;4.6;bochum_Altersarmut.csv
Bochum, kreisfreie Stadt;Altersarmut;Altersarmut (%);%;2022;5.0;bochum_Altersarmut.csv
Bochum, kreisfreie Stadt;Altersarmut;Altersarmut (%);%;2023;5.3;bochum_Altersarmut.csv
Bochum, kreisfreie Stadt;Beschäftigungsquote;Beschäftigungsquote (%);%;2016;51.1;bochum_Beschaeftigungsquote.csv
Bochum, kreisfreie Stadt;Beschäftigungsquote;Beschäftigungsquote (%);%;2017;52.0;bochum_Beschaeftigungsquote.csv
Bochum, kreisfreie Stadt;Beschäftigungsquote;Beschäftigungsquote (%);%;2018;53.5;bochum_Beschaeftigungsquote.csv
Bochum, kreisfreie Stadt;Beschäftigungsquote;Beschäftigungsquote (%);%;2019;54.5;bochum_Beschaeftigungsquote.csv
Bochum, kreisfreie Stadt;Beschäftigungsquote;Beschäftigungsquote (%);%;2020;55.2;bochum_Beschaeftigungsquote.csv
Bochum, kreisfreie Stadt;Beschäftigungsquote;Beschäftigungsquote (%);%;2021;56.8;bochum_Beschaeftigungsquote.csv
Bochum, kreisfreie Stadt;Beschäftigungsquote;Beschäftigungsquote (%);%;2022;57.7;bochum_Beschaeftigungsquote.csv
Bochum, kreisfreie Stadt;Beschäftigungsquote;Beschäftigungsquote (%);%;2023;58.1;bochum_Beschaeftigungsquote.csv
Bochum, kreisfreie Stadt;Breitbandversorgung - Private Haushalte;Breitbandversorgung - Private Haushalte (%);%;2016;;bochum_Breitbandversorgung_Haushalte.csv
Bochum, kreisfreie Stadt;Breitbandversorgung - Private Haushalte;Breitbandversorgung - Private Haushalte (%);%;2017;90.3;bochum_Breitbandversorgung_Haushalte.csv
Bochum, kreisfreie Stadt;Breitbandversorgung - Private Haushalte;Breitbandversorgung - Private Haushalte (%);%;2018;;bochum_Breitbandversorgung_Haushalte.csv
Bochum, kreisfreie Stadt;Breitbandversorgung - Private Haushalte;Breitbandversorgung - Private Haushalte (%);%;2019;;bochum_Breitbandversorgung_Haushalte.csv
Bochum, kreisfreie Stadt;Breitbandversorgung - Private Haushalte;Breitbandversorgung - Private Haushalte (%);%;2020;97.6;bochum_Breitbandversorgung_Haushalte.csv
Bochum, kreisfreie Stadt;Breitbandversorgung - Private Haushalte;Breitbandversorgung - Private Haushalte (%);%;2021;97.7;bochum_Breitbandversorgung_Haushalte.csv
Bochum, kreisfreie Stadt;Breitbandversorgung - Private Haushalte;Breitbandversorgung - Private Haushalte (%);%;2022;97.1;bochum_Breitbandversorgung_Haushalte.csv
Bochum, kreisfreie Stadt;Breitbandversorgung - Private Haushalte;Breitbandversorgung - Private Haushalte (%);%;2023;;bochum_Breitbandversorgung_Haushalte.csv
Bochum, kreisfreie Stadt;Eingebürgerte im Jahr;Eingebürgerte im Jahr (%);%;2016;1.5;bochum_Einbuergerungen.csv
Bochum, kreisfreie Stadt;Eingebürgerte im Jahr;Eingebürgerte im Jahr (%);%;2017;1.3;bochum_Einbuergerungen.csv
Bochum, kreisfreie Stadt;Eingebürgerte im Jahr;Eingebürgerte im Jahr (%);%;2018;1.2;bochum_Einbuergerungen.csv
Bochum, kreisfreie Stadt;Eingebürgerte im Jahr;Eingebürgerte im Jahr (%);%;2019;1.3;bochum_Einbuergerungen.csv
Bochum, kreisfreie Stadt;Eingebürgerte im Jahr;Eingebürgerte im Jahr (%);%;2020;1.5;bochum_Einbuergerungen.csv
Bochum, kreisfreie Stadt;Eingebürgerte im Jahr;Eingebürgerte im Jahr (%);%;2021;1.3;bochum_Einbuergerungen.csv
Bochum, kreisfreie Stadt;Eingebürgerte im Jahr;Eingebürgerte im Jahr (%);%;2022;1.2;bochum_Einbuergerungen.csv
Bochum, kreisfreie Stadt;Eingebürgerte im Jahr;Eingebürgerte im Jahr (%);%;2023;4.2;bochum_Einbuergerungen.csv
Bochum, kreisfreie Stadt;Erwerbstätige Aufstocker:innen - Gesamt;Erwerbstätige Aufstocker:innen - Gesamt (%);%;2016;23.3;bochum_Erwerbstaetige_Aufstockende.csv
Bochum, kreisfreie Stadt;Erwerbstätige Aufstocker:innen - Gesamt;Erwerbstätige Aufstocker:innen - Gesamt (%);%;2017;23.4;bochum_Erwerbstaetige_Aufstockende.csv
Bochum, kreisfreie Stadt;Erwerbstätige Aufstocker:innen - Gesamt;Erwerbstätige Aufstocker:innen - Gesamt (%);%;2018;23.9;bochum_Erwerbstaetige_Aufstockende.csv
Bochum, kreisfreie Stadt;Erwerbstätige Aufstocker:innen - Gesamt;Erwerbstätige Aufstocker:innen - Gesamt (%);%;2019;23.8;bochum_Erwerbstaetige_Aufstockende.csv
Bochum, kreisfreie Stadt;Erwerbstätige Aufstocker:innen - Gesamt;Erwerbstätige Aufstocker:innen - Gesamt (%);%;2020;21.4;bochum_Erwerbstaetige_Aufstockende.csv
Bochum, kreisfreie Stadt;Erwerbstätige Aufstocker:innen - Gesamt;Erwerbstätige Aufstocker:innen - Gesamt (%);%;2021;22.3;bochum_Erwerbstaetige_Aufstockende.csv
Bochum, kreisfreie Stadt;Erwerbstätige Aufstocker:innen - Gesamt;Erwerbstätige Aufstocker:innen - Gesamt (%);%;2022;20.6;bochum_Erwerbstaetige_Aufstockende.csv
Bochum, kreisfreie Stadt;Erwerbstätige Aufstocker:innen - Gesamt;Erwerbstätige Aufstocker:innen - Gesamt (%);%;2023;21.1;bochum_Erwerbstaetige_Aufstockende.csv
Bochum, kreisfreie Stadt;Existenzgründungen;Existenzgründungen (Neuerrichtungen je 1.000 Einwohner:innen);Neuerrichtungen je 1.000 Einwohner:innen;2016;6.3;bochum_Existenzgruendungen.csv
Bochum, kreisfreie Stadt;Existenzgründungen;Existenzgründungen (Neuerrichtungen je 1.000 Einwohner:innen);Neuerrichtungen je 1.000 Einwohner:innen;2017;6.4;bochum_Existenzgruendungen.csv
Bochum, kreisfreie Stadt;Existenzgründungen;Existenzgründungen (Neuerrichtungen je 1.000 Einwohner:innen);Neuerrichtungen je 1.000 Einwohner:innen;2018;7.2;bochum_Existenzgruendungen.csv
Bochum, kreisfreie Stadt;Existenzgründungen;Existenzgründungen (Neuerrichtungen je 1.000 Einwohner:innen);Neuerrichtungen je 1.000 Einwohner:innen;2019;7.1;bochum_Existenzgruendungen.csv
Bochum, kreisfreie Stadt;Existenzgründungen;Existenzgründungen (Neuerrichtungen je 1.000 Einwohner:innen);Neuerrichtungen je 1.000 Einwohner:innen;2020;6.6;bochum_Existenzgruendungen.csv
Bochum, kreisfreie Stadt;Existenzgründungen;Existenzgründungen (Neuerrichtungen je 1.000 Einwohner:innen);Neuerrichtungen je 1.000 Einwohner:innen;2021;7.6;bochum_Existenzgruendungen.csv
Bochum, kreisfreie Stadt;Existenzgründungen;Existenzgründungen (Neuerrichtungen je 1.000 Einwohner:innen);Neuerrichtungen je 1.000 Einwohner:innen;2022;7.2;bochum_Existenzgruendungen.csv
Bochum, kreisfreie Stadt;Existenzgründungen;Existenzgründungen (Neuerrichtungen je 1.000 Einwohner:innen);Neuerrichtungen je 1.000 Einwohner:innen;2023;7.2;bochum_Existenzgruendungen.csv
Bochum, kreisfreie Stadt;Fertiggestellte Wohngebäude mit erneuerbarer Energie;Fertiggestellte Wohngebäude mit erneuerbarer Energie (%);%;2016;41.8;bochum_Wohngebaeude_erneuerbare_Heizenergie.csv
Bochum, kreisfreie Stadt;Fertiggestellte Wohngebäude mit erneuerbarer Energie;Fertiggestellte Wohngebäude mit erneuerbarer Energie (%);%;2017;31.7;bochum_Wohngebaeude_erneuerbare_Heizenergie.csv
Bochum, kreisfreie Stadt;Fertiggestellte Wohngebäude mit erneuerbarer Energie;Fertiggestellte Wohngebäude mit erneuerbarer Energie (%);%;2018;24.6;bochum_Wohngebaeude_erneuerbare_Heizenergie.csv
Bochum, kreisfreie Stadt;Fertiggestellte Wohngebäude mit erneuerbarer Energie;Fertiggestellte Wohngebäude mit erneuerbarer Energie (%);%;2019;44.4;bochum_Wohngebaeude_erneuerbare_Heizenergie.csv
Bochum, kreisfreie Stadt;Fertiggestellte Wohngebäude mit erneuerbarer Energie;Fertiggestellte Wohngebäude mit erneuerbarer Energie (%);%;2020;45.7;bochum_Wohngebaeude_erneuerbare_Heizenergie.csv
Bochum, kreisfreie Stadt;Fertiggestellte Wohngebäude mit erneuerbarer Energie;Fertiggestellte Wohngebäude mit erneuerbarer Energie (%);%;2021;47.5;bochum_Wohngebaeude_erneuerbare_Heizenergie.csv
Bochum, kreisfreie Stadt;Fertiggestellte Wohngebäude mit erneuerbarer Energie;Fertiggestellte Wohngebäude mit erneuerbarer Energie (%);%;2022;54.0;bochum_Wohngebaeude_erneuerbare_Heizenergie.csv
Bochum, kreisfreie Stadt;Fertiggestellte Wohngebäude mit erneuerbarer Energie;Fertiggestellte Wohngebäude mit erneuerbarer Energie (%);%;2023;65.5;bochum_Wohngebaeude_erneuerbare_Heizenergie.csv
Bochum, kreisfreie Stadt;Finanzmittelsaldo;Finanzmittelsaldo (Euro je Einwohner:in);Euro je Einwohner:in;2016;-138.0;bochum_Finanzmittelsaldo.csv
Bochum, kreisfreie Stadt;Finanzmittelsaldo;Finanzmittelsaldo (Euro je Einwohner:in);Euro je Einwohner:in;2017;-109.0;bochum_Finanzmittelsaldo.csv
Bochum, kreisfreie Stadt;Finanzmittelsaldo;Finanzmittelsaldo (Euro je Einwohner:in);Euro je Einwohner:in;2018;138.0;bochum_Finanzmittelsaldo.csv
Bochum, kreisfreie Stadt;Finanzmittelsaldo;Finanzmittelsaldo (Euro je Einwohner:in);Euro je Einwohner:in;2019;108.0;bochum_Finanzmittelsaldo.csv
Bochum, kreisfreie Stadt;Finanzmittelsaldo;Finanzmittelsaldo (Euro je Einwohner:in);Euro je Einwohner:in;2020;-47.0;bochum_Finanzmittelsaldo.csv
Bochum, kreisfreie Stadt;Finanzmittelsaldo;Finanzmittelsaldo (Euro je Einwohner:in);Euro je Einwohner:in;2021;79.0;bochum_Finanzmittelsaldo.csv
Bochum, kreisfreie Stadt;Finanzmittelsaldo;Finanzmittelsaldo (Euro je Einwohner:in);Euro je Einwohner:in;2022;131.0;bochum_Finanzmittelsaldo.csv
Bochum, kreisfreie Stadt;Finanzmittelsaldo;Finanzmittelsaldo (Euro je Einwohner:in);Euro je Einwohner:in;2023;-25.0;bochum_Finanzmittelsaldo.csv
Bochum, kreisfreie Stadt;Flächeninanspruchnahme;Flächeninanspruchnahme (%);%;2016;69.6;bochum_Flaecheninanspruchnahme.csv
Bochum, kreisfreie Stadt;Flächeninanspruchnahme;Flächeninanspruchnahme (%);%;2017;69.4;bochum_Flaecheninanspruchnahme.csv
Bochum, kreisfreie Stadt;Flächeninanspruchnahme;Flächeninanspruchnahme (%);%;2018;69.6;bochum_Flaecheninanspruchnahme.csv
Bochum, kreisfreie Stadt;Flächeninanspruchnahme;Flächeninanspruchnahme (%);%;2019;69.8;bochum_Flaecheninanspruchnahme.csv
Bochum, kreisfreie Stadt;Flächeninanspruchnahme;Flächeninanspruchnahme (%);%;2020;70.1;bochum_Flaecheninanspruchnahme.csv
Bochum, kreisfreie Stadt;Flächeninanspruchnahme;Flächeninanspruchnahme (%);%;2021;70.4;bochum_Flaecheninanspruchnahme.csv
Bochum, kreisfreie Stadt;Flächeninanspruchnahme;Flächeninanspruchnahme (%);%;2022;70.3;bochum_Flaecheninanspruchnahme.csv
Bochum, kreisfreie Stadt;Flächeninanspruchnahme;Flächeninanspruchnahme (%);%;2023;70.0;bochum_Flaecheninanspruchnahme.csv
Bochum, kreisfreie Stadt;Flächennutzungsintensität;Flächennutzungsintensität (qm/Einwohner:in);qm/Einwohner:in;2016;277.8;bochum_Flaechennutzungsintensitaet.csv
Bochum, kreisfreie Stadt;Flächennutzungsintensität;Flächennutzungsintensität (qm/Einwohner:in);qm/Einwohner:in;2017;276.5;bochum_Flaechennutzungsintensitaet.csv
Bochum, kreisfreie Stadt;Flächennutzungsintensität;Flächennutzungsintensität (qm/Einwohner:in);qm/Einwohner:in;2018;278.0;bochum_Flaechennutzungsintensitaet.csv
Bochum, kreisfreie Stadt;Flächennutzungsintensität;Flächennutzungsintensität (qm/Einwohner:in);qm/Einwohner:in;2019;278.0;bochum_Flaechennutzungsintensitaet.csv
Bochum, kreisfreie Stadt;Flächennutzungsintensität;Flächennutzungsintensität (qm/Einwohner:in);qm/Einwohner:in;2020;280.3;bochum_Flaechennutzungsintensitaet.csv
Bochum, kreisfreie Stadt;Flächennutzungsintensität;Flächennutzungsintensität (qm/Einwohner:in);qm/Einwohner:in;2021;282.2;bochum_Flaechennutzungsintensitaet.csv
Bochum, kreisfreie Stadt;Flächennutzungsintensität;Flächennutzungsintensität (qm/Einwohner:in);qm/Einwohner:in;2022;279.8;bochum_Flaechennutzungsintensitaet.csv
Bochum, kreisfreie Stadt;Flächennutzungsintensität;Flächennutzungsintensität (qm/Einwohner:in);qm/Einwohner:in;2023;278.2;bochum_Flaechennutzungsintensitaet.csv
Bochum, kreisfreie Stadt;Hochqualifizierte am Arbeitsort;Hochqualifizierte am Arbeitsort (%);%;2016;15.3;bochum_Hochqualifizierte_am_Arbeitsort.csv
Bochum, kreisfreie Stadt;Hochqualifizierte am Arbeitsort;Hochqualifizierte am Arbeitsort (%);%;2017;16.0;bochum_Hochqualifizierte_am_Arbeitsort.csv
Bochum, kreisfreie Stadt;Hochqualifizierte am Arbeitsort;Hochqualifizierte am Arbeitsort (%);%;2018;16.9;bochum_Hochqualifizierte_am_Arbeitsort.csv
Bochum, kreisfreie Stadt;Hochqualifizierte am Arbeitsort;Hochqualifizierte am Arbeitsort (%);%;2019;17.4;bochum_Hochqualifizierte_am_Arbeitsort.csv
Bochum, kreisfreie Stadt;Hochqualifizierte am Arbeitsort;Hochqualifizierte am Arbeitsort (%);%;2020;18.1;bochum_Hochqualifizierte_am_Arbeitsort.csv
Bochum, kreisfreie Stadt;Hochqualifizierte am Arbeitsort;Hochqualifizierte am Arbeitsort (%);%;2021;18.8;bochum_Hochqualifizierte_am_Arbeitsort.csv
Bochum, kreisfreie Stadt;Hochqualifizierte am Arbeitsort;Hochqualifizierte am Arbeitsort (%);%;2022;19.4;bochum_Hochqualifizierte_am_Arbeitsort.csv
Bochum, kreisfreie Stadt;Hochqualifizierte am Arbeitsort;Hochqualifizierte am Arbeitsort (%);%;2023;20.1;bochum_Hochqualifizierte_am_Arbeitsort.csv
Bochum, kreisfreie Stadt;Jugendarmut;Jugendarmut (%);%;2016;20.6;bochum_Jugendarmut.csv
Bochum, kreisfreie Stadt;Jugendarmut;Jugendarmut (%);%;2017;21.3;bochum_Jugendarmut.csv
Bochum, kreisfreie Stadt;Jugendarmut;Jugendarmut (%);%;2018;22.8;bochum_Jugendarmut.csv
Bochum, kreisfreie Stadt;Jugendarmut;Jugendarmut (%);%;2019;23.2;bochum_Jugendarmut.csv
Bochum, kreisfreie Stadt;Jugendarmut;Jugendarmut (%);%;2020;23.5;bochum_Jugendarmut.csv
Bochum, kreisfreie Stadt;Jugendarmut;Jugendarmut (%);%;2021;22.5;bochum_Jugendarmut.csv
Bochum, kreisfreie Stadt;Jugendarmut;Jugendarmut (%);%;2022;23.2;bochum_Jugendarmut.csv
Bochum, kreisfreie Stadt;Jugendarmut;Jugendarmut (%);%;2023;23.8;bochum_Jugendarmut.csv
Bochum, kreisfreie Stadt;Kinderarmut;Kinderarmut (%);%;2016;26.2;bochum_Kinderarmut.csv
Bochum, kreisfreie Stadt;Kinderarmut;Kinderarmut (%);%;2017;25.9;bochum_Kinderarmut.csv
Bochum, kreisfreie Stadt;Kinderarmut;Kinderarmut (%);%;2018;28.0;bochum_Kinderarmut.csv
Bochum, kreisfreie Stadt;Kinderarmut;Kinderarmut (%);%;2019;27.6;bochum_Kinderarmut.csv
Bochum, kreisfreie Stadt;Kinderarmut;Kinderarmut (%);%;2020;26.6;bochum_Kinderarmut.csv
Bochum, kreisfreie Stadt;Kinderarmut;Kinderarmut (%);%;2021;25.1;bochum_Kinderarmut.csv
Bochum, kreisfreie Stadt;Kinderarmut;Kinderarmut (%);%;2022;24.7;bochum_Kinderarmut.csv
Bochum, kreisfreie Stadt;Kinderarmut;Kinderarmut (%);%;2023;23.8;bochum_Kinderarmut.csv
Bochum, kreisfreie Stadt;Ladesäuleninfrastruktur;Ladesäuleninfrastruktur (Ladepunkte je 1.000 Einwohner:innen);Ladepunkte je 1.000 Einwohner:innen;2016;0.09;bochum_Ladesaeuleninfrastruktur.csv
Bochum, kreisfreie Stadt;Ladesäuleninfrastruktur;Ladesäuleninfrastruktur (Ladepunkte je 1.000 Einwohner:innen);Ladepunkte je 1.000 Einwohner:innen;2017;0.09;bochum_Ladesaeuleninfrastruktur.csv
Bochum, kreisfreie Stadt;Ladesäuleninfrastruktur;Ladesäuleninfrastruktur (Ladepunkte je 1.000 Einwohner:innen);Ladepunkte je 1.000 Einwohner:innen;2018;0.12;bochum_Ladesaeuleninfrastruktur.csv
Bochum, kreisfreie Stadt;Ladesäuleninfrastruktur;Ladesäuleninfrastruktur (Ladepunkte je 1.000 Einwohner:innen);Ladepunkte je 1.000 Einwohner:innen;2019;0.15;bochum_Ladesaeuleninfrastruktur.csv
Bochum, kreisfreie Stadt;Ladesäuleninfrastruktur;Ladesäuleninfrastruktur (Ladepunkte je 1.000 Einwohner:innen);Ladepunkte je 1.000 Einwohner:innen;2020;0.19;bochum_Ladesaeuleninfrastruktur.csv
Bochum, kreisfreie Stadt;Ladesäuleninfrastruktur;Ladesäuleninfrastruktur (Ladepunkte je 1.000 Einwohner:innen);Ladepunkte je 1.000 Einwohner:innen;2021;0.27;bochum_Ladesaeuleninfrastruktur.csv
Bochum, kreisfreie Stadt;Ladesäuleninfrastruktur;Ladesäuleninfrastruktur (Ladepunkte je 1.000 Einwohner:innen);Ladepunkte je 1.000 Einwohner:innen;2022;0.97;bochum_Ladesaeuleninfrastruktur.csv
Bochum, kreisfreie Stadt;Ladesäuleninfrastruktur;Ladesäuleninfrastruktur (Ladepunkte je 1.000 Einwohner:innen);Ladepunkte je 1.000 Einwohner:innen;2023;1.58;bochum_Ladesaeuleninfrastruktur.csv
Bochum, kreisfreie Stadt;Landschaftsqualität;Landschaftsqualität (Hemerobiewert);Hemerobiewert;2016;;bochum_Landschaftsqualitaet.csv
Bochum, kreisfreie Stadt;Landschaftsqualität;Landschaftsqualität (Hemerobiewert);Hemerobiewert;2017;;bochum_Landschaftsqualitaet.csv
Bochum, kreisfreie Stadt;Landschaftsqualität;Landschaftsqualität (Hemerobiewert);Hemerobiewert;2018;5.3;bochum_Landschaftsqualitaet.csv
Bochum, kreisfreie Stadt;Landschaftsqualität;Landschaftsqualität (Hemerobiewert);Hemerobiewert;2019;;bochum_Landschaftsqualitaet.csv
Bochum, kreisfreie Stadt;Landschaftsqualität;Landschaftsqualität (Hemerobiewert);Hemerobiewert;2020;5.3;bochum_Landschaftsqualitaet.csv
Bochum, kreisfreie Stadt;Landschaftsqualität;Landschaftsqualität (Hemerobiewert);Hemerobiewert;2021;5.3;bochum_Landschaftsqualitaet.csv
Bochum, kreisfreie Stadt;Landschaftsqualität;Landschaftsqualität (Hemerobiewert);Hemerobiewert;2022;;bochum_Landschaftsqualitaet.csv
Bochum, kreisfreie Stadt;Landschaftsqualität;Landschaftsqualität (Hemerobiewert);Hemerobiewert;2023;;bochum_Landschaftsqualitaet.csv
Bochum, kreisfreie Stadt;Langzeitarbeitslosenquote;Langzeitarbeitslosenquote (%);%;2016;5.6;bochum_Langzeitarbeitslosenquote.csv
Bochum, kreisfreie Stadt;Langzeitarbeitslosenquote;Langzeitarbeitslosenquote (%);%;2017;5.4;bochum_Langzeitarbeitslosenquote.csv
Bochum, kreisfreie Stadt;Langzeitarbeitslosenquote;Langzeitarbeitslosenquote (%);%;2018;5.0;bochum_Langzeitarbeitslosenquote.csv
Bochum, kreisfreie Stadt;Langzeitarbeitslosenquote;Langzeitarbeitslosenquote (%);%;2019;4.3;bochum_Langzeitarbeitslosenquote.csv
Bochum, kreisfreie Stadt;Langzeitarbeitslosenquote;Langzeitarbeitslosenquote (%);%;2020;4.7;bochum_Langzeitarbeitslosenquote.csv
Bochum, kreisfreie Stadt;Langzeitarbeitslosenquote;Langzeitarbeitslosenquote (%);%;2021;5.5;bochum_Langzeitarbeitslosenquote.csv
Bochum, kreisfreie Stadt;Langzeitarbeitslosenquote;Langzeitarbeitslosenquote (%);%;2022;4.8;bochum_Langzeitarbeitslosenquote.csv
Bochum, kreisfreie Stadt;Langzeitarbeitslosenquote;Langzeitarbeitslosenquote (%);%;2023;4.5;bochum_Langzeitarbeitslosenquote.csv
Bochum, kreisfreie Stadt;Liquiditätskredite;Liquiditätskredite (Euro je Einwohner:in);Euro je Einwohner:in;2016;2326.0;bochum_Liquiditaetskredite.csv
Bochum, kreisfreie Stadt;Liquiditätskredite;Liquiditätskredite (Euro je Einwohner:in);Euro je Einwohner:in;2017;2443.0;bochum_Liquiditaetskredite.csv
Bochum, kreisfreie Stadt;Liquiditätskredite;Liquiditätskredite (Euro je Einwohner:in);Euro je Einwohner:in;2018;2069.0;bochum_Liquiditaetskredite.csv
Bochum, kreisfreie Stadt;Liquiditätskredite;Liquiditätskredite (Euro je Einwohner:in);Euro je Einwohner:in;2019;1953.0;bochum_Liquiditaetskredite.csv
Bochum, kreisfreie Stadt;Liquiditätskredite;Liquiditätskredite (Euro je Einwohner:in);Euro je Einwohner:in;2020;1924.0;bochum_Liquiditaetskredite.csv
Bochum, kreisfreie Stadt;Liquiditätskredite;Liquiditätskredite (Euro je Einwohner:in);Euro je Einwohner:in;2021;1778.0;bochum_Liquiditaetskredite.csv
Bochum, kreisfreie Stadt;Liquiditätskredite;Liquiditätskredite (Euro je Einwohner:in);Euro je Einwohner:in;2022;1503.0;bochum_Liquiditaetskredite.csv
Bochum, kreisfreie Stadt;Liquiditätskredite;Liquiditätskredite (Euro je Einwohner:in);Euro je Einwohner:in;2023;1490.0;bochum_Liquiditaetskredite.csv
Bochum, kreisfreie Stadt;Luftschadstoffbelastung;Luftschadstoffbelastung (μg / m³);μg / m³;2016;12.78;bochum_Luftschadstoffbelastung.csv
Bochum, kreisfreie Stadt;Luftschadstoffbelastung;Luftschadstoffbelastung (μg / m³);μg / m³;2017;13.36;bochum_Luftschadstoffbelastung.csv
Bochum, kreisfreie Stadt;Luftschadstoffbelastung;Luftschadstoffbelastung (μg / m³);μg / m³;2018;12.46;bochum_Luftschadstoffbelastung.csv
Bochum, kreisfreie Stadt;Luftschadstoffbelastung;Luftschadstoffbelastung (μg / m³);μg / m³;2019;11.26;bochum_Luftschadstoffbelastung.csv
Bochum, kreisfreie Stadt;Luftschadstoffbelastung;Luftschadstoffbelastung (μg / m³);μg / m³;2020;9.43;bochum_Luftschadstoffbelastung.csv
Bochum, kreisfreie Stadt;Luftschadstoffbelastung;Luftschadstoffbelastung (μg / m³);μg / m³;2021;11.01;bochum_Luftschadstoffbelastung.csv
Bochum, kreisfreie Stadt;Luftschadstoffbelastung;Luftschadstoffbelastung (μg / m³);μg / m³;2022;10.41;bochum_Luftschadstoffbelastung.csv
Bochum, kreisfreie Stadt;Luftschadstoffbelastung;Luftschadstoffbelastung (μg / m³);μg / m³;2023;8.61;bochum_Luftschadstoffbelastung.csv
Bochum, kreisfreie Stadt;Naherholungsflächen;Naherholungsflächen (m² je Einwohner:in);m² je Einwohner:in;2016;41.84;bochum_Naherholungsflaechen.csv
Bochum, kreisfreie Stadt;Naherholungsflächen;Naherholungsflächen (m² je Einwohner:in);m² je Einwohner:in;2017;42.79;bochum_Naherholungsflaechen.csv
Bochum, kreisfreie Stadt;Naherholungsflächen;Naherholungsflächen (m² je Einwohner:in);m² je Einwohner:in;2018;44.02;bochum_Naherholungsflaechen.csv
Bochum, kreisfreie Stadt;Naherholungsflächen;Naherholungsflächen (m² je Einwohner:in);m² je Einwohner:in;2019;43.55;bochum_Naherholungsflaechen.csv
Bochum, kreisfreie Stadt;Naherholungsflächen;Naherholungsflächen (m² je Einwohner:in);m² je Einwohner:in;2020;44.18;bochum_Naherholungsflaechen.csv
Bochum, kreisfreie Stadt;Naherholungsflächen;Naherholungsflächen (m² je Einwohner:in);m² je Einwohner:in;2021;46.78;bochum_Naherholungsflaechen.csv
Bochum, kreisfreie Stadt;Naherholungsflächen;Naherholungsflächen (m² je Einwohner:in);m² je Einwohner:in;2022;46.48;bochum_Naherholungsflaechen.csv
Bochum, kreisfreie Stadt;Naherholungsflächen;Naherholungsflächen (m² je Einwohner:in);m² je Einwohner:in;2023;46.59;bochum_Naherholungsflaechen.csv
Bochum, kreisfreie Stadt;Naturschutzflächen;Naturschutzflächen (%);%;2016;1.0;bochum_Naturschutzflaechen.csv
Bochum, kreisfreie Stadt;Naturschutzflächen;Naturschutzflächen (%);%;2017;0.8;bochum_Naturschutzflaechen.csv
Bochum, kreisfreie Stadt;Naturschutzflächen;Naturschutzflächen (%);%;2018;0.8;bochum_Naturschutzflaechen.csv
Bochum, kreisfreie Stadt;Naturschutzflächen;Naturschutzflächen (%);%;2019;0.8;bochum_Naturschutzflaechen.csv
Bochum, kreisfreie Stadt;Naturschutzflächen;Naturschutzflächen (%);%;2020;;bochum_Naturschutzflaechen.csv
Bochum, kreisfreie Stadt;Naturschutzflächen;Naturschutzflächen (%);%;2021;;bochum_Naturschutzflaechen.csv
Bochum, kreisfreie Stadt;Naturschutzflächen;Naturschutzflächen (%);%;2022;2.6;bochum_Naturschutzflaechen.csv
Bochum, kreisfreie Stadt;Naturschutzflächen;Naturschutzflächen (%);%;2023;;bochum_Naturschutzflaechen.csv
Bochum, kreisfreie Stadt;SGB II-/SGB XII-Quote;SGB II-/SGB XII-Quote (%);%;2016;16.3;bochum_SGB_II_XII_Quote.csv
Bochum, kreisfreie Stadt;SGB II-/SGB XII-Quote;SGB II-/SGB XII-Quote (%);%;2017;16.6;bochum_SGB_II_XII_Quote.csv
Bochum, kreisfreie Stadt;SGB II-/SGB XII-Quote;SGB II-/SGB XII-Quote (%);%;2018;16.3;bochum_SGB_II_XII_Quote.csv
Bochum, kreisfreie Stadt;SGB II-/SGB XII-Quote;SGB II-/SGB XII-Quote (%);%;2019;15.9;bochum_SGB_II_XII_Quote.csv
Bochum, kreisfreie Stadt;SGB II-/SGB XII-Quote;SGB II-/SGB XII-Quote (%);%;2020;15.8;bochum_SGB_II_XII_Quote.csv
Bochum, kreisfreie Stadt;SGB II-/SGB XII-Quote;SGB II-/SGB XII-Quote (%);%;2021;15.1;bochum_SGB_II_XII_Quote.csv
Bochum, kreisfreie Stadt;SGB II-/SGB XII-Quote;SGB II-/SGB XII-Quote (%);%;2022;15.0;bochum_SGB_II_XII_Quote.csv
Bochum, kreisfreie Stadt;SGB II-/SGB XII-Quote;SGB II-/SGB XII-Quote (%);%;2023;14.9;bochum_SGB_II_XII_Quote.csv
Bochum, kreisfreie Stadt;Schulabgänger:innen allgmb. Schulen ohne Hauptschulabschluss - Gesamt;Schulabgänger:innen allgmb. Schulen ohne Hauptschulabschluss - Gesamt (%);%;2016;2.2;bochum_Schulabgaenger_ohne_Hauptschulabschluss.csv
Bochum, kreisfreie Stadt;Schulabgänger:innen allgmb. Schulen ohne Hauptschulabschluss - Gesamt;Schulabgänger:innen allgmb. Schulen ohne Hauptschulabschluss - Gesamt (%);%;2017;2.7;bochum_Schulabgaenger_ohne_Hauptschulabschluss.csv
Bochum, kreisfreie Stadt;Schulabgänger:innen allgmb. Schulen ohne Hauptschulabschluss - Gesamt;Schulabgänger:innen allgmb. Schulen ohne Hauptschulabschluss - Gesamt (%);%;2018;2.9;bochum_Schulabgaenger_ohne_Hauptschulabschluss.csv
Bochum, kreisfreie Stadt;Schulabgänger:innen allgmb. Schulen ohne Hauptschulabschluss - Gesamt;Schulabgänger:innen allgmb. Schulen ohne Hauptschulabschluss - Gesamt (%);%;2019;3.4;bochum_Schulabgaenger_ohne_Hauptschulabschluss.csv
Bochum, kreisfreie Stadt;Schulabgänger:innen allgmb. Schulen ohne Hauptschulabschluss - Gesamt;Schulabgänger:innen allgmb. Schulen ohne Hauptschulabschluss - Gesamt (%);%;2020;2.5;bochum_Schulabgaenger_ohne_Hauptschulabschluss.csv
Bochum, kreisfreie Stadt;Schulabgänger:innen allgmb. Schulen ohne Hauptschulabschluss - Gesamt;Schulabgänger:innen allgmb. Schulen ohne Hauptschulabschluss - Gesamt (%);%;2021;2.7;bochum_Schulabgaenger_ohne_Hauptschulabschluss.csv
Bochum, kreisfreie Stadt;Schulabgänger:innen allgmb. Schulen ohne Hauptschulabschluss - Gesamt;Schulabgänger:innen allgmb. Schulen ohne Hauptschulabschluss - Gesamt (%);%;2022;3.8;bochum_Schulabgaenger_ohne_Hauptschulabschluss.csv
Bochum, kreisfreie Stadt;Schulabgänger:innen allgmb. Schulen ohne Hauptschulabschluss - Gesamt;Schulabgänger:innen allgmb. Schulen ohne Hauptschulabschluss - Gesamt (%);%;2023;2.3;bochum_Schulabgaenger_ohne_Hauptschulabschluss.csv
Bochum, kreisfreie Stadt;Siedlungslast im Überschwemmungsgebiet;Siedlungslast im Überschwemmungsgebiet (%);%;2016;20.0;bochum_Siedlungslast_Ueberschwemmungsgebiet.csv
Bochum, kreisfreie Stadt;Siedlungslast im Überschwemmungsgebiet;Siedlungslast im Überschwemmungsgebiet (%);%;2017;20.1;bochum_Siedlungslast_Ueberschwemmungsgebiet.csv
Bochum, kreisfreie Stadt;Siedlungslast im Überschwemmungsgebiet;Siedlungslast im Überschwemmungsgebiet (%);%;2018;20.2;bochum_Siedlungslast_Ueberschwemmungsgebiet.csv
Bochum, kreisfreie Stadt;Siedlungslast im Überschwemmungsgebiet;Siedlungslast im Überschwemmungsgebiet (%);%;2019;20.0;bochum_Siedlungslast_Ueberschwemmungsgebiet.csv
Bochum, kreisfreie Stadt;Siedlungslast im Überschwemmungsgebiet;Siedlungslast im Überschwemmungsgebiet (%);%;2020;20.0;bochum_Siedlungslast_Ueberschwemmungsgebiet.csv
Bochum, kreisfreie Stadt;Siedlungslast im Überschwemmungsgebiet;Siedlungslast im Überschwemmungsgebiet (%);%;2021;20.0;bochum_Siedlungslast_Ueberschwemmungsgebiet.csv
Bochum, kreisfreie Stadt;Siedlungslast im Überschwemmungsgebiet;Siedlungslast im Überschwemmungsgebiet (%);%;2022;20.1;bochum_Siedlungslast_Ueberschwemmungsgebiet.csv
Bochum, kreisfreie Stadt;Siedlungslast im Überschwemmungsgebiet;Siedlungslast im Überschwemmungsgebiet (%);%;2023;20.1;bochum_Siedlungslast_Ueberschwemmungsgebiet.csv
Bochum, kreisfreie Stadt;Steuereinnahmen pro Einwohner:in;Steuereinnahmen pro Einwohner:in (Euro je Einwohner:in);Euro je Einwohner:in;2016;1068.0;bochum_Steuereinnahmen.csv
Bochum, kreisfreie Stadt;Steuereinnahmen pro Einwohner:in;Steuereinnahmen pro Einwohner:in (Euro je Einwohner:in);Euro je Einwohner:in;2017;1121.0;bochum_Steuereinnahmen.csv
Bochum, kreisfreie Stadt;Steuereinnahmen pro Einwohner:in;Steuereinnahmen pro Einwohner:in (Euro je Einwohner:in);Euro je Einwohner:in;2018;1224.0;bochum_Steuereinnahmen.csv
Bochum, kreisfreie Stadt;Steuereinnahmen pro Einwohner:in;Steuereinnahmen pro Einwohner:in (Euro je Einwohner:in);Euro je Einwohner:in;2019;1273.0;bochum_Steuereinnahmen.csv
Bochum, kreisfreie Stadt;Steuereinnahmen pro Einwohner:in;Steuereinnahmen pro Einwohner:in (Euro je Einwohner:in);Euro je Einwohner:in;2020;1293.0;bochum_Steuereinnahmen.csv
Bochum, kreisfreie Stadt;Steuereinnahmen pro Einwohner:in;Steuereinnahmen pro Einwohner:in (Euro je Einwohner:in);Euro je Einwohner:in;2021;1359.0;bochum_Steuereinnahmen.csv
Bochum, kreisfreie Stadt;Steuereinnahmen pro Einwohner:in;Steuereinnahmen pro Einwohner:in (Euro je Einwohner:in);Euro je Einwohner:in;2022;1399.0;bochum_Steuereinnahmen.csv
Bochum, kreisfreie Stadt;Steuereinnahmen pro Einwohner:in;Steuereinnahmen pro Einwohner:in (Euro je Einwohner:in);Euro je Einwohner:in;2023;1471.0;bochum_Steuereinnahmen.csv
Bochum, kreisfreie Stadt;Strom aus erneuerbaren Quellen;Strom aus erneuerbaren Quellen (kW je Einwohner:in);kW je Einwohner:in;2016;;bochum_Strom_aus_erneuerbaren_Quellen.csv
Bochum, kreisfreie Stadt;Strom aus erneuerbaren Quellen;Strom aus erneuerbaren Quellen (kW je Einwohner:in);kW je Einwohner:in;2017;;bochum_Strom_aus_erneuerbaren_Quellen.csv
Bochum, kreisfreie Stadt;Strom aus erneuerbaren Quellen;Strom aus erneuerbaren Quellen (kW je Einwohner:in);kW je Einwohner:in;2018;;bochum_Strom_aus_erneuerbaren_Quellen.csv
Bochum, kreisfreie Stadt;Strom aus erneuerbaren Quellen;Strom aus erneuerbaren Quellen (kW je Einwohner:in);kW je Einwohner:in;2019;0.13;bochum_Strom_aus_erneuerbaren_Quellen.csv
Bochum, kreisfreie Stadt;Strom aus erneuerbaren Quellen;Strom aus erneuerbaren Quellen (kW je Einwohner:in);kW je Einwohner:in;2020;0.14;bochum_Strom_aus_erneuerbaren_Quellen.csv
Bochum, kreisfreie Stadt;Strom aus erneuerbaren Quellen;Strom aus erneuerbaren Quellen (kW je Einwohner:in);kW je Einwohner:in;2021;0.15;bochum_Strom_aus_erneuerbaren_Quellen.csv
Bochum, kreisfreie Stadt;Strom aus erneuerbaren Quellen;Strom aus erneuerbaren Quellen (kW je Einwohner:in);kW je Einwohner:in;2022;;bochum_Strom_aus_erneuerbaren_Quellen.csv
Bochum, kreisfreie Stadt;Strom aus erneuerbaren Quellen;Strom aus erneuerbaren Quellen (kW je Einwohner:in);kW je Einwohner:in;2023;0.17;bochum_Strom_aus_erneuerbaren_Quellen.csv
Bochum, kreisfreie Stadt;Unter 3-Jährige in Tageseinrichtungen;Unter 3-Jährige in Tageseinrichtungen (%);%;2016;14.4;bochum_U3_in_Tageseinrichtungen.csv
Bochum, kreisfreie Stadt;Unter 3-Jährige in Tageseinrichtungen;Unter 3-Jährige in Tageseinrichtungen (%);%;2017;14.7;bochum_U3_in_Tageseinrichtungen.csv
Bochum, kreisfreie Stadt;Unter 3-Jährige in Tageseinrichtungen;Unter 3-Jährige in Tageseinrichtungen (%);%;2018;14.3;bochum_U3_in_Tageseinrichtungen.csv
Bochum, kreisfreie Stadt;Unter 3-Jährige in Tageseinrichtungen;Unter 3-Jährige in Tageseinrichtungen (%);%;2019;14.9;bochum_U3_in_Tageseinrichtungen.csv
Bochum, kreisfreie Stadt;Unter 3-Jährige in Tageseinrichtungen;Unter 3-Jährige in Tageseinrichtungen (%);%;2020;;bochum_U3_in_Tageseinrichtungen.csv
Bochum, kreisfreie Stadt;Unter 3-Jährige in Tageseinrichtungen;Unter 3-Jährige in Tageseinrichtungen (%);%;2021;16.1;bochum_U3_in_Tageseinrichtungen.csv
Bochum, kreisfreie Stadt;Unter 3-Jährige in Tageseinrichtungen;Unter 3-Jährige in Tageseinrichtungen (%);%;2022;16.8;bochum_U3_in_Tageseinrichtungen.csv
Bochum, kreisfreie Stadt;Unter 3-Jährige in Tageseinrichtungen;Unter 3-Jährige in Tageseinrichtungen (%);%;2023;18.2;bochum_U3_in_Tageseinrichtungen.csv
Bochum, kreisfreie Stadt;Verhältnis der Beschäftigungsquote von Frauen und Männern;Verhältnis der Beschäftigungsquote von Frauen und Männern (%);%;2016;88.7;bochum_Verhaeltnis_Beschaeftigung_Frauen_Maenner.csv
Bochum, kreisfreie Stadt;Verhältnis der Beschäftigungsquote von Frauen und Männern;Verhältnis der Beschäftigungsquote von Frauen und Männern (%);%;2017;88.4;bochum_Verhaeltnis_Beschaeftigung_Frauen_Maenner.csv
Bochum, kreisfreie Stadt;Verhältnis der Beschäftigungsquote von Frauen und Männern;Verhältnis der Beschäftigungsquote von Frauen und Männern (%);%;2018;87.3;bochum_Verhaeltnis_Beschaeftigung_Frauen_Maenner.csv
Bochum, kreisfreie Stadt;Verhältnis der Beschäftigungsquote von Frauen und Männern;Verhältnis der Beschäftigungsquote von Frauen und Männern (%);%;2019;86.9;bochum_Verhaeltnis_Beschaeftigung_Frauen_Maenner.csv
Bochum, kreisfreie Stadt;Verhältnis der Beschäftigungsquote von Frauen und Männern;Verhältnis der Beschäftigungsquote von Frauen und Männern (%);%;2020;87.1;bochum_Verhaeltnis_Beschaeftigung_Frauen_Maenner.csv
Bochum, kreisfreie Stadt;Verhältnis der Beschäftigungsquote von Frauen und Männern;Verhältnis der Beschäftigungsquote von Frauen und Männern (%);%;2021;86.9;bochum_Verhaeltnis_Beschaeftigung_Frauen_Maenner.csv
Bochum, kreisfreie Stadt;Verhältnis der Beschäftigungsquote von Frauen und Männern;Verhältnis der Beschäftigungsquote von Frauen und Männern (%);%;2022;85.5;bochum_Verhaeltnis_Beschaeftigung_Frauen_Maenner.csv
Bochum, kreisfreie Stadt;Verhältnis der Beschäftigungsquote von Frauen und Männern;Verhältnis der Beschäftigungsquote von Frauen und Männern (%);%;2023;85.6;bochum_Verhaeltnis_Beschaeftigung_Frauen_Maenner.csv
Bochum, kreisfreie Stadt;Verunglückte im Verkehr;Verunglückte im Verkehr (Verunglückte je 1.000 Einwohner:innen);Verunglückte je 1.000 Einwohner:innen;2016;3.2;bochum_Verunglueckte_im_Verkehr.csv
Bochum, kreisfreie Stadt;Verunglückte im Verkehr;Verunglückte im Verkehr (Verunglückte je 1.000 Einwohner:innen);Verunglückte je 1.000 Einwohner:innen;2017;3.0;bochum_Verunglueckte_im_Verkehr.csv
Bochum, kreisfreie Stadt;Verunglückte im Verkehr;Verunglückte im Verkehr (Verunglückte je 1.000 Einwohner:innen);Verunglückte je 1.000 Einwohner:innen;2018;3.5;bochum_Verunglueckte_im_Verkehr.csv
Bochum, kreisfreie Stadt;Verunglückte im Verkehr;Verunglückte im Verkehr (Verunglückte je 1.000 Einwohner:innen);Verunglückte je 1.000 Einwohner:innen;2019;3.5;bochum_Verunglueckte_im_Verkehr.csv
Bochum, kreisfreie Stadt;Verunglückte im Verkehr;Verunglückte im Verkehr (Verunglückte je 1.000 Einwohner:innen);Verunglückte je 1.000 Einwohner:innen;2020;3.4;bochum_Verunglueckte_im_Verkehr.csv
Bochum, kreisfreie Stadt;Verunglückte im Verkehr;Verunglückte im Verkehr (Verunglückte je 1.000 Einwohner:innen);Verunglückte je 1.000 Einwohner:innen;2021;3.0;bochum_Verunglueckte_im_Verkehr.csv
Bochum, kreisfreie Stadt;Verunglückte im Verkehr;Verunglückte im Verkehr (Verunglückte je 1.000 Einwohner:innen);Verunglückte je 1.000 Einwohner:innen;2022;3.6;bochum_Verunglueckte_im_Verkehr.csv
Bochum, kreisfreie Stadt;Verunglückte im Verkehr;Verunglückte im Verkehr (Verunglückte je 1.000 Einwohner:innen);Verunglückte je 1.000 Einwohner:innen;2023;3.8;bochum_Verunglueckte_im_Verkehr.csv
Bochum, kreisfreie Stadt;Vorzeitige Sterblichkeit - Gesamt;Vorzeitige Sterblichkeit - Gesamt (Todesfälle je 1.000 Einwohner:innen);Todesfälle je 1.000 Einwohner:innen;2016;2.8;bochum_Vorzeitige_Sterblichkeit.csv
Bochum, kreisfreie Stadt;Vorzeitige Sterblichkeit - Gesamt;Vorzeitige Sterblichkeit - Gesamt (Todesfälle je 1.000 Einwohner:innen);Todesfälle je 1.000 Einwohner:innen;2017;2.8;bochum_Vorzeitige_Sterblichkeit.csv
Bochum, kreisfreie Stadt;Vorzeitige Sterblichkeit - Gesamt;Vorzeitige Sterblichkeit - Gesamt (Todesfälle je 1.000 Einwohner:innen);Todesfälle je 1.000 Einwohner:innen;2018;;bochum_Vorzeitige_Sterblichkeit.csv
Bochum, kreisfreie Stadt;Vorzeitige Sterblichkeit - Gesamt;Vorzeitige Sterblichkeit - Gesamt (Todesfälle je 1.000 Einwohner:innen);Todesfälle je 1.000 Einwohner:innen;2019;2.7;bochum_Vorzeitige_Sterblichkeit.csv
Bochum, kreisfreie Stadt;Vorzeitige Sterblichkeit - Gesamt;Vorzeitige Sterblichkeit - Gesamt (Todesfälle je 1.000 Einwohner:innen);Todesfälle je 1.000 Einwohner:innen;2020;2.7;bochum_Vorzeitige_Sterblichkeit.csv
Bochum, kreisfreie Stadt;Vorzeitige Sterblichkeit - Gesamt;Vorzeitige Sterblichkeit - Gesamt (Todesfälle je 1.000 Einwohner:innen);Todesfälle je 1.000 Einwohner:innen;2021;3.0;bochum_Vorzeitige_Sterblichkeit.csv
Bochum, kreisfreie Stadt;Vorzeitige Sterblichkeit - Gesamt;Vorzeitige Sterblichkeit - Gesamt (Todesfälle je 1.000 Einwohner:innen);Todesfälle je 1.000 Einwohner:innen;2022;2.8;bochum_Vorzeitige_Sterblichkeit.csv
Bochum, kreisfreie Stadt;Vorzeitige Sterblichkeit - Gesamt;Vorzeitige Sterblichkeit - Gesamt (Todesfälle je 1.000 Einwohner:innen);Todesfälle je 1.000 Einwohner:innen;2023;2.7;bochum_Vorzeitige_Sterblichkeit.csv
Bochum, kreisfreie Stadt;Wohnfläche pro Person;Wohnfläche pro Person (m²);m²;2016;41.0;bochum_Wohnflaeche.csv
Bochum, kreisfreie Stadt;Wohnfläche pro Person;Wohnfläche pro Person (m²);m²;2017;40.7;bochum_Wohnflaeche.csv
Bochum, kreisfreie Stadt;Wohnfläche pro Person;Wohnfläche pro Person (m²);m²;2018;41.3;bochum_Wohnflaeche.csv
Bochum, kreisfreie Stadt;Wohnfläche pro Person;Wohnfläche pro Person (m²);m²;2019;40.9;bochum_Wohnflaeche.csv
Bochum, kreisfreie Stadt;Wohnfläche pro Person;Wohnfläche pro Person (m²);m²;2020;41.3;bochum_Wohnflaeche.csv
Bochum, kreisfreie Stadt;Wohnfläche pro Person;Wohnfläche pro Person (m²);m²;2021;41.6;bochum_Wohnflaeche.csv
Bochum, kreisfreie Stadt;Wohnfläche pro Person;Wohnfläche pro Person (m²);m²;2022;41.4;bochum_Wohnflaeche.csv
Bochum, kreisfreie Stadt;Wohnfläche pro Person;Wohnfläche pro Person (m²);m²;2023;42.0;bochum_Wohnflaeche.csv
Bochum, kreisfreie Stadt;Wohnungsnahe Grundversorgung - Apotheke;Wohnungsnahe Grundversorgung - Apotheke (Meter);Meter;2016;;bochum_Wohnungsnahe_Apotheke.csv
Bochum, kreisfreie Stadt;Wohnungsnahe Grundversorgung - Apotheke;Wohnungsnahe Grundversorgung - Apotheke (Meter);Meter;2017;;bochum_Wohnungsnahe_Apotheke.csv
Bochum, kreisfreie Stadt;Wohnungsnahe Grundversorgung - Apotheke;Wohnungsnahe Grundversorgung - Apotheke (Meter);Meter;2018;;bochum_Wohnungsnahe_Apotheke.csv
Bochum, kreisfreie Stadt;Wohnungsnahe Grundversorgung - Apotheke;Wohnungsnahe Grundversorgung - Apotheke (Meter);Meter;2019;;bochum_Wohnungsnahe_Apotheke.csv
Bochum, kreisfreie Stadt;Wohnungsnahe Grundversorgung - Apotheke;Wohnungsnahe Grundversorgung - Apotheke (Meter);Meter;2020;;bochum_Wohnungsnahe_Apotheke.csv
Bochum, kreisfreie Stadt;Wohnungsnahe Grundversorgung - Apotheke;Wohnungsnahe Grundversorgung - Apotheke (Meter);Meter;2021;594.0;bochum_Wohnungsnahe_Apotheke.csv
Bochum, kreisfreie Stadt;Wohnungsnahe Grundversorgung - Apotheke;Wohnungsnahe Grundversorgung - Apotheke (Meter);Meter;2022;;bochum_Wohnungsnahe_Apotheke.csv
Bochum, kreisfreie Stadt;Wohnungsnahe Grundversorgung - Apotheke;Wohnungsnahe Grundversorgung - Apotheke (Meter);Meter;2023;;bochum_Wohnungsnahe_Apotheke.csv
Bochum, kreisfreie Stadt;Wohnungsnahe Grundversorgung - Grundschule;Wohnungsnahe Grundversorgung - Grundschule (Meter);Meter;2016;;bochum_Wohnungsnahe_Grundschule.csv
Bochum, kreisfreie Stadt;Wohnungsnahe Grundversorgung - Grundschule;Wohnungsnahe Grundversorgung - Grundschule (Meter);Meter;2017;;bochum_Wohnungsnahe_Grundschule.csv
Bochum, kreisfreie Stadt;Wohnungsnahe Grundversorgung - Grundschule;Wohnungsnahe Grundversorgung - Grundschule (Meter);Meter;2018;619.0;bochum_Wohnungsnahe_Grundschule.csv
Bochum, kreisfreie Stadt;Wohnungsnahe Grundversorgung - Grundschule;Wohnungsnahe Grundversorgung - Grundschule (Meter);Meter;2019;;bochum_Wohnungsnahe_Grundschule.csv
Bochum, kreisfreie Stadt;Wohnungsnahe Grundversorgung - Grundschule;Wohnungsnahe Grundversorgung - Grundschule (Meter);Meter;2020;;bochum_Wohnungsnahe_Grundschule.csv
Bochum, kreisfreie Stadt;Wohnungsnahe Grundversorgung - Grundschule;Wohnungsnahe Grundversorgung - Grundschule (Meter);Meter;2021;626.0;bochum_Wohnungsnahe_Grundschule.csv
Bochum, kreisfreie Stadt;Wohnungsnahe Grundversorgung - Grundschule;Wohnungsnahe Grundversorgung - Grundschule (Meter);Meter;2022;;bochum_Wohnungsnahe_Grundschule.csv
Bochum, kreisfreie Stadt;Wohnungsnahe Grundversorgung - Grundschule;Wohnungsnahe Grundversorgung - Grundschule (Meter);Meter;2023;;bochum_Wohnungsnahe_Grundschule.csv
Bochum, kreisfreie Stadt;Wohnungsnahe Grundversorgung - Hausarzt;Wohnungsnahe Grundversorgung - Hausarzt (Meter);Meter;2016;;bochum_Wohnungsnaher_Hausarzt.csv
Bochum, kreisfreie Stadt;Wohnungsnahe Grundversorgung - Hausarzt;Wohnungsnahe Grundversorgung - Hausarzt (Meter);Meter;2017;;bochum_Wohnungsnaher_Hausarzt.csv
Bochum, kreisfreie Stadt;Wohnungsnahe Grundversorgung - Hausarzt;Wohnungsnahe Grundversorgung - Hausarzt (Meter);Meter;2018;;bochum_Wohnungsnaher_Hausarzt.csv
Bochum, kreisfreie Stadt;Wohnungsnahe Grundversorgung - Hausarzt;Wohnungsnahe Grundversorgung - Hausarzt (Meter);Meter;2019;;bochum_Wohnungsnaher_Hausarzt.csv
Bochum, kreisfreie Stadt;Wohnungsnahe Grundversorgung - Hausarzt;Wohnungsnahe Grundversorgung - Hausarzt (Meter);Meter;2020;;bochum_Wohnungsnaher_Hausarzt.csv
Bochum, kreisfreie Stadt;Wohnungsnahe Grundversorgung - Hausarzt;Wohnungsnahe Grundversorgung - Hausarzt (Meter);Meter;2021;461.0;bochum_Wohnungsnaher_Hausarzt.csv
Bochum, kreisfreie Stadt;Wohnungsnahe Grundversorgung - Hausarzt;Wohnungsnahe Grundversorgung - Hausarzt (Meter);Meter;2022;;bochum_Wohnungsnaher_Hausarzt.csv
Bochum, kreisfreie Stadt;Wohnungsnahe Grundversorgung - Hausarzt;Wohnungsnahe Grundversorgung - Hausarzt (Meter);Meter;2023;;bochum_Wohnungsnaher_Hausarzt.csv
Bochum, kreisfreie Stadt;Wohnungsnahe Grundversorgung - Supermarkt;Wohnungsnahe Grundversorgung - Supermarkt (Meter);Meter;2016;;bochum_Wohnungsnaher_Supermarkt.csv
Bochum, kreisfreie Stadt;Wohnungsnahe Grundversorgung - Supermarkt;Wohnungsnahe Grundversorgung - Supermarkt (Meter);Meter;2017;;bochum_Wohnungsnaher_Supermarkt.csv
Bochum, kreisfreie Stadt;Wohnungsnahe Grundversorgung - Supermarkt;Wohnungsnahe Grundversorgung - Supermarkt (Meter);Meter;2018;;bochum_Wohnungsnaher_Supermarkt.csv
Bochum, kreisfreie Stadt;Wohnungsnahe Grundversorgung - Supermarkt;Wohnungsnahe Grundversorgung - Supermarkt (Meter);Meter;2019;;bochum_Wohnungsnaher_Supermarkt.csv
Bochum, kreisfreie Stadt;Wohnungsnahe Grundversorgung - Supermarkt;Wohnungsnahe Grundversorgung - Supermarkt (Meter);Meter;2020;;bochum_Wohnungsnaher_Supermarkt.csv
Bochum, kreisfreie Stadt;Wohnungsnahe Grundversorgung - Supermarkt;Wohnungsnahe Grundversorgung - Supermarkt (Meter);Meter;2021;508.0;bochum_Wohnungsnaher_Supermarkt.csv
Bochum, kreisfreie Stadt;Wohnungsnahe Grundversorgung - Supermarkt;Wohnungsnahe Grundversorgung - Supermarkt (Meter);Meter;2022;;bochum_Wohnungsnaher_Supermarkt.csv
Bochum, kreisfreie Stadt;Wohnungsnahe Grundversorgung - Supermarkt;Wohnungsnahe Grundversorgung - Supermarkt (Meter);Meter;2023;;bochum_Wohnungsnaher_Supermarkt.csv
Dortmund, kreisfreie Stadt;Abwasserbehandlung;Abwasserbehandlung (%);%;2016;;dortmund_Abwasserbehandlung.csv
Dortmund, kreisfreie Stadt;Abwasserbehandlung;Abwasserbehandlung (%);%;2017;;dortmund_Abwasserbehandlung.csv
Dortmund, kreisfreie Stadt;Abwasserbehandlung;Abwasserbehandlung (%);%;2018;;dortmund_Abwasserbehandlung.csv
Dortmund, kreisfreie Stadt;Abwasserbehandlung;Abwasserbehandlung (%);%;2019;100.0;dortmund_Abwasserbehandlung.csv
Dortmund, kreisfreie Stadt;Abwasserbehandlung;Abwasserbehandlung (%);%;2020;100.0;dortmund_Abwasserbehandlung.csv
Dortmund, kreisfreie Stadt;Abwasserbehandlung;Abwasserbehandlung (%);%;2021;100.0;dortmund_Abwasserbehandlung.csv
Dortmund, kreisfreie Stadt;Abwasserbehandlung;Abwasserbehandlung (%);%;2022;100.0;dortmund_Abwasserbehandlung.csv
Dortmund, kreisfreie Stadt;Abwasserbehandlung;Abwasserbehandlung (%);%;2023;100.0;dortmund_Abwasserbehandlung.csv
Dortmund, kreisfreie Stadt;Altersarmut;Altersarmut (%);%;2016;6.4;dortmund_Altersarmut.csv
Dortmund, kreisfreie Stadt;Altersarmut;Altersarmut (%);%;2017;6.5;dortmund_Altersarmut.csv
Dortmund, kreisfreie Stadt;Altersarmut;Altersarmut (%);%;2018;6.7;dortmund_Altersarmut.csv
Dortmund, kreisfreie Stadt;Altersarmut;Altersarmut (%);%;2019;6.8;dortmund_Altersarmut.csv
Dortmund, kreisfreie Stadt;Altersarmut;Altersarmut (%);%;2020;6.7;dortmund_Altersarmut.csv
Dortmund, kreisfreie Stadt;Altersarmut;Altersarmut (%);%;2021;7.0;dortmund_Altersarmut.csv
Dortmund, kreisfreie Stadt;Altersarmut;Altersarmut (%);%;2022;7.6;dortmund_Altersarmut.csv
Dortmund, kreisfreie Stadt;Altersarmut;Altersarmut (%);%;2023;7.9;dortmund_Altersarmut.csv
Dortmund, kreisfreie Stadt;Beschäftigungsquote;Beschäftigungsquote (%);%;2016;51.2;dortmund_Beschaeftigungsquote.csv
Dortmund, kreisfreie Stadt;Beschäftigungsquote;Beschäftigungsquote (%);%;2017;52.7;dortmund_Beschaeftigungsquote.csv
Dortmund, kreisfreie Stadt;Beschäftigungsquote;Beschäftigungsquote (%);%;2018;54.2;dortmund_Beschaeftigungsquote.csv
Dortmund, kreisfreie Stadt;Beschäftigungsquote;Beschäftigungsquote (%);%;2019;55.2;dortmund_Beschaeftigungsquote.csv
Dortmund, kreisfreie Stadt;Beschäftigungsquote;Beschäftigungsquote (%);%;2020;55.6;dortmund_Beschaeftigungsquote.csv
Dortmund, kreisfreie Stadt;Beschäftigungsquote;Beschäftigungsquote (%);%;2021;57.0;dortmund_Beschaeftigungsquote.csv
Dortmund, kreisfreie Stadt;Beschäftigungsquote;Beschäftigungsquote (%);%;2022;57.9;dortmund_Beschaeftigungsquote.csv
Dortmund, kreisfreie Stadt;Beschäftigungsquote;Beschäftigungsquote (%);%;2023;58.0;dortmund_Beschaeftigungsquote.csv
Dortmund, kreisfreie Stadt;Breitbandversorgung - Private Haushalte;Breitbandversorgung - Private Haushalte (%);%;2016;;dortmund_Breitbandversorgung_Haushalte.csv
Dortmund, kreisfreie Stadt;Breitbandversorgung - Private Haushalte;Breitbandversorgung - Private Haushalte (%);%;2017;74.6;dortmund_Breitbandversorgung_Haushalte.csv
Dortmund, kreisfreie Stadt;Breitbandversorgung - Private Haushalte;Breitbandversorgung - Private Haushalte (%);%;2018;;dortmund_Breitbandversorgung_Haushalte.csv
Dortmund, kreisfreie Stadt;Breitbandversorgung - Private Haushalte;Breitbandversorgung - Private Haushalte (%);%;2019;;dortmund_Breitbandversorgung_Haushalte.csv
Dortmund, kreisfreie Stadt;Breitbandversorgung - Private Haushalte;Breitbandversorgung - Private Haushalte (%);%;2020;93.0;dortmund_Breitbandversorgung_Haushalte.csv
Dortmund, kreisfreie Stadt;Breitbandversorgung - Private Haushalte;Breitbandversorgung - Private Haushalte (%);%;2021;93.4;dortmund_Breitbandversorgung_Haushalte.csv
Dortmund, kreisfreie Stadt;Breitbandversorgung - Private Haushalte;Breitbandversorgung - Private Haushalte (%);%;2022;95.0;dortmund_Breitbandversorgung_Haushalte.csv
Dortmund, kreisfreie Stadt;Breitbandversorgung - Private Haushalte;Breitbandversorgung - Private Haushalte (%);%;2023;;dortmund_Breitbandversorgung_Haushalte.csv
Dortmund, kreisfreie Stadt;Eingebürgerte im Jahr;Eingebürgerte im Jahr (%);%;2016;1.3;dortmund_Einbuergerungen.csv
Dortmund, kreisfreie Stadt;Eingebürgerte im Jahr;Eingebürgerte im Jahr (%);%;2017;1.3;dortmund_Einbuergerungen.csv
Dortmund, kreisfreie Stadt;Eingebürgerte im Jahr;Eingebürgerte im Jahr (%);%;2018;1.3;dortmund_Einbuergerungen.csv
Dortmund, kreisfreie Stadt;Eingebürgerte im Jahr;Eingebürgerte im Jahr (%);%;2019;1.3;dortmund_Einbuergerungen.csv
Dortmund, kreisfreie Stadt;Eingebürgerte im Jahr;Eingebürgerte im Jahr (%);%;2020;0.9;dortmund_Einbuergerungen.csv
Dortmund, kreisfreie Stadt;Eingebürgerte im Jahr;Eingebürgerte im Jahr (%);%;2021;1.2;dortmund_Einbuergerungen.csv
Dortmund, kreisfreie Stadt;Eingebürgerte im Jahr;Eingebürgerte im Jahr (%);%;2022;1.6;dortmund_Einbuergerungen.csv
Dortmund, kreisfreie Stadt;Eingebürgerte im Jahr;Eingebürgerte im Jahr (%);%;2023;2.3;dortmund_Einbuergerungen.csv
Dortmund, kreisfreie Stadt;Erwerbstätige Aufstocker:innen - Gesamt;Erwerbstätige Aufstocker:innen - Gesamt (%);%;2016;24.3;dortmund_Erwerbstaetige_Aufstockende.csv
Dortmund, kreisfreie Stadt;Erwerbstätige Aufstocker:innen - Gesamt;Erwerbstätige Aufstocker:innen - Gesamt (%);%;2017;25.0;dortmund_Erwerbstaetige_Aufstockende.csv
Dortmund, kreisfreie Stadt;Erwerbstätige Aufstocker:innen - Gesamt;Erwerbstätige Aufstocker:innen - Gesamt (%);%;2018;24.7;dortmund_Erwerbstaetige_Aufstockende.csv
Dortmund, kreisfreie Stadt;Erwerbstätige Aufstocker:innen - Gesamt;Erwerbstätige Aufstocker:innen - Gesamt (%);%;2019;24.4;dortmund_Erwerbstaetige_Aufstockende.csv
Dortmund, kreisfreie Stadt;Erwerbstätige Aufstocker:innen - Gesamt;Erwerbstätige Aufstocker:innen - Gesamt (%);%;2020;21.3;dortmund_Erwerbstaetige_Aufstockende.csv
Dortmund, kreisfreie Stadt;Erwerbstätige Aufstocker:innen - Gesamt;Erwerbstätige Aufstocker:innen - Gesamt (%);%;2021;22.1;dortmund_Erwerbstaetige_Aufstockende.csv
Dortmund, kreisfreie Stadt;Erwerbstätige Aufstocker:innen - Gesamt;Erwerbstätige Aufstocker:innen - Gesamt (%);%;2022;20.2;dortmund_Erwerbstaetige_Aufstockende.csv
Dortmund, kreisfreie Stadt;Erwerbstätige Aufstocker:innen - Gesamt;Erwerbstätige Aufstocker:innen - Gesamt (%);%;2023;21.2;dortmund_Erwerbstaetige_Aufstockende.csv
Dortmund, kreisfreie Stadt;Existenzgründungen;Existenzgründungen (Neuerrichtungen je 1.000 Einwohner:innen);Neuerrichtungen je 1.000 Einwohner:innen;2016;6.0;dortmund_Existenzgruendungen.csv
Dortmund, kreisfreie Stadt;Existenzgründungen;Existenzgründungen (Neuerrichtungen je 1.000 Einwohner:innen);Neuerrichtungen je 1.000 Einwohner:innen;2017;6.0;dortmund_Existenzgruendungen.csv
Dortmund, kreisfreie Stadt;Existenzgründungen;Existenzgründungen (Neuerrichtungen je 1.000 Einwohner:innen);Neuerrichtungen je 1.000 Einwohner:innen;2018;6.4;dortmund_Existenzgruendungen.csv
Dortmund, kreisfreie Stadt;Existenzgründungen;Existenzgründungen (Neuerrichtungen je 1.000 Einwohner:innen);Neuerrichtungen je 1.000 Einwohner:innen;2019;6.5;dortmund_Existenzgruendungen.csv
Dortmund, kreisfreie Stadt;Existenzgründungen;Existenzgründungen (Neuerrichtungen je 1.000 Einwohner:innen);Neuerrichtungen je 1.000 Einwohner:innen;2020;6.2;dortmund_Existenzgruendungen.csv
Dortmund, kreisfreie Stadt;Existenzgründungen;Existenzgründungen (Neuerrichtungen je 1.000 Einwohner:innen);Neuerrichtungen je 1.000 Einwohner:innen;2021;6.3;dortmund_Existenzgruendungen.csv
Dortmund, kreisfreie Stadt;Existenzgründungen;Existenzgründungen (Neuerrichtungen je 1.000 Einwohner:innen);Neuerrichtungen je 1.000 Einwohner:innen;2022;6.6;dortmund_Existenzgruendungen.csv
Dortmund, kreisfreie Stadt;Existenzgründungen;Existenzgründungen (Neuerrichtungen je 1.000 Einwohner:innen);Neuerrichtungen je 1.000 Einwohner:innen;2023;7.4;dortmund_Existenzgruendungen.csv
Dortmund, kreisfreie Stadt;Fertiggestellte Wohngebäude mit erneuerbarer Energie;Fertiggestellte Wohngebäude mit erneuerbarer Energie (%);%;2016;31.6;dortmund_Wohngebaeude_erneuerbare_Heizenergie.csv
Dortmund, kreisfreie Stadt;Fertiggestellte Wohngebäude mit erneuerbarer Energie;Fertiggestellte Wohngebäude mit erneuerbarer Energie (%);%;2017;26.6;dortmund_Wohngebaeude_erneuerbare_Heizenergie.csv
Dortmund, kreisfreie Stadt;Fertiggestellte Wohngebäude mit erneuerbarer Energie;Fertiggestellte Wohngebäude mit erneuerbarer Energie (%);%;2018;26.5;dortmund_Wohngebaeude_erneuerbare_Heizenergie.csv
Dortmund, kreisfreie Stadt;Fertiggestellte Wohngebäude mit erneuerbarer Energie;Fertiggestellte Wohngebäude mit erneuerbarer Energie (%);%;2019;36.7;dortmund_Wohngebaeude_erneuerbare_Heizenergie.csv
Dortmund, kreisfreie Stadt;Fertiggestellte Wohngebäude mit erneuerbarer Energie;Fertiggestellte Wohngebäude mit erneuerbarer Energie (%);%;2020;37.3;dortmund_Wohngebaeude_erneuerbare_Heizenergie.csv
Dortmund, kreisfreie Stadt;Fertiggestellte Wohngebäude mit erneuerbarer Energie;Fertiggestellte Wohngebäude mit erneuerbarer Energie (%);%;2021;49.8;dortmund_Wohngebaeude_erneuerbare_Heizenergie.csv
Dortmund, kreisfreie Stadt;Fertiggestellte Wohngebäude mit erneuerbarer Energie;Fertiggestellte Wohngebäude mit erneuerbarer Energie (%);%;2022;43.8;dortmund_Wohngebaeude_erneuerbare_Heizenergie.csv
Dortmund, kreisfreie Stadt;Fertiggestellte Wohngebäude mit erneuerbarer Energie;Fertiggestellte Wohngebäude mit erneuerbarer Energie (%);%;2023;58.4;dortmund_Wohngebaeude_erneuerbare_Heizenergie.csv
Dortmund, kreisfreie Stadt;Finanzmittelsaldo;Finanzmittelsaldo (Euro je Einwohner:in);Euro je Einwohner:in;2016;-57.0;dortmund_Finanzmittelsaldo.csv
Dortmund, kreisfreie Stadt;Finanzmittelsaldo;Finanzmittelsaldo (Euro je Einwohner:in);Euro je Einwohner:in;2017;164.0;dortmund_Finanzmittelsaldo.csv
Dortmund, kreisfreie Stadt;Finanzmittelsaldo;Finanzmittelsaldo (Euro je Einwohner:in);Euro je Einwohner:in;2018;78.0;dortmund_Finanzmittelsaldo.csv
Dortmund, kreisfreie Stadt;Finanzmittelsaldo;Finanzmittelsaldo (Euro je Einwohner:in);Euro je Einwohner:in;2019;49.0;dortmund_Finanzmittelsaldo.csv
Dortmund, kreisfreie Stadt;Finanzmittelsaldo;Finanzmittelsaldo (Euro je Einwohner:in);Euro je Einwohner:in;2020;55.0;dortmund_Finanzmittelsaldo.csv
Dortmund, kreisfreie Stadt;Finanzmittelsaldo;Finanzmittelsaldo (Euro je Einwohner:in);Euro je Einwohner:in;2021;152.0;dortmund_Finanzmittelsaldo.csv
Dortmund, kreisfreie Stadt;Finanzmittelsaldo;Finanzmittelsaldo (Euro je Einwohner:in);Euro je Einwohner:in;2022;-164.0;dortmund_Finanzmittelsaldo.csv
Dortmund, kreisfreie Stadt;Finanzmittelsaldo;Finanzmittelsaldo (Euro je Einwohner:in);Euro je Einwohner:in;2023;-98.0;dortmund_Finanzmittelsaldo.csv
Dortmund, kreisfreie Stadt;Flächeninanspruchnahme;Flächeninanspruchnahme (%);%;2016;59.6;dortmund_Flaecheninanspruchnahme.csv
Dortmund, kreisfreie Stadt;Flächeninanspruchnahme;Flächeninanspruchnahme (%);%;2017;59.6;dortmund_Flaecheninanspruchnahme.csv
Dortmund, kreisfreie Stadt;Flächeninanspruchnahme;Flächeninanspruchnahme (%);%;2018;59.7;dortmund_Flaecheninanspruchnahme.csv
Dortmund, kreisfreie Stadt;Flächeninanspruchnahme;Flächeninanspruchnahme (%);%;2019;59.8;dortmund_Flaecheninanspruchnahme.csv
Dortmund, kreisfreie Stadt;Flächeninanspruchnahme;Flächeninanspruchnahme (%);%;2020;59.9;dortmund_Flaecheninanspruchnahme.csv
Dortmund, kreisfreie Stadt;Flächeninanspruchnahme;Flächeninanspruchnahme (%);%;2021;60.0;dortmund_Flaecheninanspruchnahme.csv
Dortmund, kreisfreie Stadt;Flächeninanspruchnahme;Flächeninanspruchnahme (%);%;2022;60.1;dortmund_Flaecheninanspruchnahme.csv
Dortmund, kreisfreie Stadt;Flächeninanspruchnahme;Flächeninanspruchnahme (%);%;2023;60.1;dortmund_Flaecheninanspruchnahme.csv
Dortmund, kreisfreie Stadt;Flächennutzungsintensität;Flächennutzungsintensität (qm/Einwohner:in);qm/Einwohner:in;2016;285.8;dortmund_Flaechennutzungsintensitaet.csv
Dortmund, kreisfreie Stadt;Flächennutzungsintensität;Flächennutzungsintensität (qm/Einwohner:in);qm/Einwohner:in;2017;285.4;dortmund_Flaechennutzungsintensitaet.csv
Dortmund, kreisfreie Stadt;Flächennutzungsintensität;Flächennutzungsintensität (qm/Einwohner:in);qm/Einwohner:in;2018;285.6;dortmund_Flaechennutzungsintensitaet.csv
Dortmund, kreisfreie Stadt;Flächennutzungsintensität;Flächennutzungsintensität (qm/Einwohner:in);qm/Einwohner:in;2019;285.4;dortmund_Flaechennutzungsintensitaet.csv
Dortmund, kreisfreie Stadt;Flächennutzungsintensität;Flächennutzungsintensität (qm/Einwohner:in);qm/Einwohner:in;2020;286.0;dortmund_Flaechennutzungsintensitaet.csv
Dortmund, kreisfreie Stadt;Flächennutzungsintensität;Flächennutzungsintensität (qm/Einwohner:in);qm/Einwohner:in;2021;286.9;dortmund_Flaechennutzungsintensitaet.csv
Dortmund, kreisfreie Stadt;Flächennutzungsintensität;Flächennutzungsintensität (qm/Einwohner:in);qm/Einwohner:in;2022;284.5;dortmund_Flaechennutzungsintensitaet.csv
Dortmund, kreisfreie Stadt;Flächennutzungsintensität;Flächennutzungsintensität (qm/Einwohner:in);qm/Einwohner:in;2023;283.5;dortmund_Flaechennutzungsintensitaet.csv
Dortmund, kreisfreie Stadt;Hochqualifizierte am Arbeitsort;Hochqualifizierte am Arbeitsort (%);%;2016;15.8;dortmund_Hochqualifizierte_am_Arbeitsort.csv
Dortmund, kreisfreie Stadt;Hochqualifizierte am Arbeitsort;Hochqualifizierte am Arbeitsort (%);%;2017;16.3;dortmund_Hochqualifizierte_am_Arbeitsort.csv
Dortmund, kreisfreie Stadt;Hochqualifizierte am Arbeitsort;Hochqualifizierte am Arbeitsort (%);%;2018;16.6;dortmund_Hochqualifizierte_am_Arbeitsort.csv
Dortmund, kreisfreie Stadt;Hochqualifizierte am Arbeitsort;Hochqualifizierte am Arbeitsort (%);%;2019;17.3;dortmund_Hochqualifizierte_am_Arbeitsort.csv
Dortmund, kreisfreie Stadt;Hochqualifizierte am Arbeitsort;Hochqualifizierte am Arbeitsort (%);%;2020;18.1;dortmund_Hochqualifizierte_am_Arbeitsort.csv
Dortmund, kreisfreie Stadt;Hochqualifizierte am Arbeitsort;Hochqualifizierte am Arbeitsort (%);%;2021;18.6;dortmund_Hochqualifizierte_am_Arbeitsort.csv
Dortmund, kreisfreie Stadt;Hochqualifizierte am Arbeitsort;Hochqualifizierte am Arbeitsort (%);%;2022;19.2;dortmund_Hochqualifizierte_am_Arbeitsort.csv
Dortmund, kreisfreie Stadt;Hochqualifizierte am Arbeitsort;Hochqualifizierte am Arbeitsort (%);%;2023;19.7;dortmund_Hochqualifizierte_am_Arbeitsort.csv
Dortmund, kreisfreie Stadt;Jugendarmut;Jugendarmut (%);%;2016;24.0;dortmund_Jugendarmut.csv
Dortmund, kreisfreie Stadt;Jugendarmut;Jugendarmut (%);%;2017;24.3;dortmund_Jugendarmut.csv
Dortmund, kreisfreie Stadt;Jugendarmut;Jugendarmut (%);%;2018;25.3;dortmund_Jugendarmut.csv
Dortmund, kreisfreie Stadt;Jugendarmut;Jugendarmut (%);%;2019;25.3;dortmund_Jugendarmut.csv
Dortmund, kreisfreie Stadt;Jugendarmut;Jugendarmut (%);%;2020;26.1;dortmund_Jugendarmut.csv
Dortmund, kreisfreie Stadt;Jugendarmut;Jugendarmut (%);%;2021;26.8;dortmund_Jugendarmut.csv
Dortmund, kreisfreie Stadt;Jugendarmut;Jugendarmut (%);%;2022;27.6;dortmund_Jugendarmut.csv
Dortmund, kreisfreie Stadt;Jugendarmut;Jugendarmut (%);%;2023;27.9;dortmund_Jugendarmut.csv
Dortmund, kreisfreie Stadt;Kinderarmut;Kinderarmut (%);%;2016;30.5;dortmund_Kinderarmut.csv
Dortmund, kreisfreie Stadt;Kinderarmut;Kinderarmut (%);%;2017;30.1;dortmund_Kinderarmut.csv
Dortmund, kreisfreie Stadt;Kinderarmut;Kinderarmut (%);%;2018;31.0;dortmund_Kinderarmut.csv
Dortmund, kreisfreie Stadt;Kinderarmut;Kinderarmut (%);%;2019;30.7;dortmund_Kinderarmut.csv
Dortmund, kreisfreie Stadt;Kinderarmut;Kinderarmut (%);%;2020;30.2;dortmund_Kinderarmut.csv
Dortmund, kreisfreie Stadt;Kinderarmut;Kinderarmut (%);%;2021;29.9;dortmund_Kinderarmut.csv
Dortmund, kreisfreie Stadt;Kinderarmut;Kinderarmut (%);%;2022;30.4;dortmund_Kinderarmut.csv
Dortmund, kreisfreie Stadt;Kinderarmut;Kinderarmut (%);%;2023;30.6;dortmund_Kinderarmut.csv
Dortmund, kreisfreie Stadt;Ladesäuleninfrastruktur;Ladesäuleninfrastruktur (Ladepunkte je 1.000 Einwohner:innen);Ladepunkte je 1.000 Einwohner:innen;2016;0.18;dortmund_Ladesaeuleninfrastruktur.csv
Dortmund, kreisfreie Stadt;Ladesäuleninfrastruktur;Ladesäuleninfrastruktur (Ladepunkte je 1.000 Einwohner:innen);Ladepunkte je 1.000 Einwohner:innen;2017;0.19;dortmund_Ladesaeuleninfrastruktur.csv
Dortmund, kreisfreie Stadt;Ladesäuleninfrastruktur;Ladesäuleninfrastruktur (Ladepunkte je 1.000 Einwohner:innen);Ladepunkte je 1.000 Einwohner:innen;2018;0.25;dortmund_Ladesaeuleninfrastruktur.csv
Dortmund, kreisfreie Stadt;Ladesäuleninfrastruktur;Ladesäuleninfrastruktur (Ladepunkte je 1.000 Einwohner:innen);Ladepunkte je 1.000 Einwohner:innen;2019;0.27;dortmund_Ladesaeuleninfrastruktur.csv
Dortmund, kreisfreie Stadt;Ladesäuleninfrastruktur;Ladesäuleninfrastruktur (Ladepunkte je 1.000 Einwohner:innen);Ladepunkte je 1.000 Einwohner:innen;2020;0.32;dortmund_Ladesaeuleninfrastruktur.csv
Dortmund, kreisfreie Stadt;Ladesäuleninfrastruktur;Ladesäuleninfrastruktur (Ladepunkte je 1.000 Einwohner:innen);Ladepunkte je 1.000 Einwohner:innen;2021;0.62;dortmund_Ladesaeuleninfrastruktur.csv
Dortmund, kreisfreie Stadt;Ladesäuleninfrastruktur;Ladesäuleninfrastruktur (Ladepunkte je 1.000 Einwohner:innen);Ladepunkte je 1.000 Einwohner:innen;2022;1.15;dortmund_Ladesaeuleninfrastruktur.csv
Dortmund, kreisfreie Stadt;Ladesäuleninfrastruktur;Ladesäuleninfrastruktur (Ladepunkte je 1.000 Einwohner:innen);Ladepunkte je 1.000 Einwohner:innen;2023;1.34;dortmund_Ladesaeuleninfrastruktur.csv
Dortmund, kreisfreie Stadt;Landschaftsqualität;Landschaftsqualität (Hemerobiewert);Hemerobiewert;2016;;dortmund_Landschaftsqualitaet.csv
Dortmund, kreisfreie Stadt;Landschaftsqualität;Landschaftsqualität (Hemerobiewert);Hemerobiewert;2017;;dortmund_Landschaftsqualitaet.csv
Dortmund, kreisfreie Stadt;Landschaftsqualität;Landschaftsqualität (Hemerobiewert);Hemerobiewert;2018;5.1;dortmund_Landschaftsqualitaet.csv
Dortmund, kreisfreie Stadt;Landschaftsqualität;Landschaftsqualität (Hemerobiewert);Hemerobiewert;2019;;dortmund_Landschaftsqualitaet.csv
Dortmund, kreisfreie Stadt;Landschaftsqualität;Landschaftsqualität (Hemerobiewert);Hemerobiewert;2020;5.1;dortmund_Landschaftsqualitaet.csv
Dortmund, kreisfreie Stadt;Landschaftsqualität;Landschaftsqualität (Hemerobiewert);Hemerobiewert;2021;5.1;dortmund_Landschaftsqualitaet.csv
Dortmund, kreisfreie Stadt;Landschaftsqualität;Landschaftsqualität (Hemerobiewert);Hemerobiewert;2022;;dortmund_Landschaftsqualitaet.csv
Dortmund, kreisfreie Stadt;Landschaftsqualität;Landschaftsqualität (Hemerobiewert);Hemerobiewert;2023;;dortmund_Landschaftsqualitaet.csv
Dortmund, kreisfreie Stadt;Langzeitarbeitslosenquote;Langzeitarbeitslosenquote (%);%;2016;6.7;dortmund_Langzeitarbeitslosenquote.csv
Dortmund, kreisfreie Stadt;Langzeitarbeitslosenquote;Langzeitarbeitslosenquote (%);%;2017;6.0;dortmund_Langzeitarbeitslosenquote.csv
Dortmund, kreisfreie Stadt;Langzeitarbeitslosenquote;Langzeitarbeitslosenquote (%);%;2018;5.3;dortmund_Langzeitarbeitslosenquote.csv
Dortmund, kreisfreie Stadt;Langzeitarbeitslosenquote;Langzeitarbeitslosenquote (%);%;2019;5.1;dortmund_Langzeitarbeitslosenquote.csv
Dortmund, kreisfreie Stadt;Langzeitarbeitslosenquote;Langzeitarbeitslosenquote (%);%;2020;5.8;dortmund_Langzeitarbeitslosenquote.csv
Dortmund, kreisfreie Stadt;Langzeitarbeitslosenquote;Langzeitarbeitslosenquote (%);%;2021;7.1;dortmund_Langzeitarbeitslosenquote.csv
Dortmund, kreisfreie Stadt;Langzeitarbeitslosenquote;Langzeitarbeitslosenquote (%);%;2022;6.3;dortmund_Langzeitarbeitslosenquote.csv
Dortmund, kreisfreie Stadt;Langzeitarbeitslosenquote;Langzeitarbeitslosenquote (%);%;2023;6.2;dortmund_Langzeitarbeitslosenquote.csv
Dortmund, kreisfreie Stadt;Liquiditätskredite;Liquiditätskredite (Euro je Einwohner:in);Euro je Einwohner:in;2016;2694.0;dortmund_Liquiditaetskredite.csv
Dortmund, kreisfreie Stadt;Liquiditätskredite;Liquiditätskredite (Euro je Einwohner:in);Euro je Einwohner:in;2017;2701.0;dortmund_Liquiditaetskredite.csv
Dortmund, kreisfreie Stadt;Liquiditätskredite;Liquiditätskredite (Euro je Einwohner:in);Euro je Einwohner:in;2018;2717.0;dortmund_Liquiditaetskredite.csv
Dortmund, kreisfreie Stadt;Liquiditätskredite;Liquiditätskredite (Euro je Einwohner:in);Euro je Einwohner:in;2019;2507.0;dortmund_Liquiditaetskredite.csv
Dortmund, kreisfreie Stadt;Liquiditätskredite;Liquiditätskredite (Euro je Einwohner:in);Euro je Einwohner:in;2020;2537.0;dortmund_Liquiditaetskredite.csv
Dortmund, kreisfreie Stadt;Liquiditätskredite;Liquiditätskredite (Euro je Einwohner:in);Euro je Einwohner:in;2021;2503.0;dortmund_Liquiditaetskredite.csv
Dortmund, kreisfreie Stadt;Liquiditätskredite;Liquiditätskredite (Euro je Einwohner:in);Euro je Einwohner:in;2022;2420.0;dortmund_Liquiditaetskredite.csv
Dortmund, kreisfreie Stadt;Liquiditätskredite;Liquiditätskredite (Euro je Einwohner:in);Euro je Einwohner:in;2023;2360.0;dortmund_Liquiditaetskredite.csv
Dortmund, kreisfreie Stadt;Naherholungsflächen;Naherholungsflächen (m² je Einwohner:in);m² je Einwohner:in;2016;32.11;dortmund_Naherholungsflaechen.csv
Dortmund, kreisfreie Stadt;Naherholungsflächen;Naherholungsflächen (m² je Einwohner:in);m² je Einwohner:in;2017;33.17;dortmund_Naherholungsflaechen.csv
Dortmund, kreisfreie Stadt;Naherholungsflächen;Naherholungsflächen (m² je Einwohner:in);m² je Einwohner:in;2018;33.46;dortmund_Naherholungsflaechen.csv
Dortmund, kreisfreie Stadt;Naherholungsflächen;Naherholungsflächen (m² je Einwohner:in);m² je Einwohner:in;2019;33.52;dortmund_Naherholungsflaechen.csv
Dortmund, kreisfreie Stadt;Naherholungsflächen;Naherholungsflächen (m² je Einwohner:in);m² je Einwohner:in;2020;33.71;dortmund_Naherholungsflaechen.csv
Dortmund, kreisfreie Stadt;Naherholungsflächen;Naherholungsflächen (m² je Einwohner:in);m² je Einwohner:in;2021;33.84;dortmund_Naherholungsflaechen.csv
Dortmund, kreisfreie Stadt;Naherholungsflächen;Naherholungsflächen (m² je Einwohner:in);m² je Einwohner:in;2022;33.76;dortmund_Naherholungsflaechen.csv
Dortmund, kreisfreie Stadt;Naherholungsflächen;Naherholungsflächen (m² je Einwohner:in);m² je Einwohner:in;2023;33.79;dortmund_Naherholungsflaechen.csv
Dortmund, kreisfreie Stadt;Naturschutzflächen;Naturschutzflächen (%);%;2016;6.0;dortmund_Naturschutzflaechen.csv
Dortmund, kreisfreie Stadt;Naturschutzflächen;Naturschutzflächen (%);%;2017;6.0;dortmund_Naturschutzflaechen.csv
Dortmund, kreisfreie Stadt;Naturschutzflächen;Naturschutzflächen (%);%;2018;6.0;dortmund_Naturschutzflaechen.csv
Dortmund, kreisfreie Stadt;Naturschutzflächen;Naturschutzflächen (%);%;2019;6.0;dortmund_Naturschutzflaechen.csv
Dortmund, kreisfreie Stadt;Naturschutzflächen;Naturschutzflächen (%);%;2020;;dortmund_Naturschutzflaechen.csv
Dortmund, kreisfreie Stadt;Naturschutzflächen;Naturschutzflächen (%);%;2021;;dortmund_Naturschutzflaechen.csv
Dortmund, kreisfreie Stadt;Naturschutzflächen;Naturschutzflächen (%);%;2022;9.6;dortmund_Naturschutzflaechen.csv
Dortmund, kreisfreie Stadt;Naturschutzflächen;Naturschutzflächen (%);%;2023;;dortmund_Naturschutzflaechen.csv
Dortmund, kreisfreie Stadt;SGB II-/SGB XII-Quote;SGB II-/SGB XII-Quote (%);%;2016;19.6;dortmund_SGB_II_XII_Quote.csv
Dortmund, kreisfreie Stadt;SGB II-/SGB XII-Quote;SGB II-/SGB XII-Quote (%);%;2017;19.6;dortmund_SGB_II_XII_Quote.csv
Dortmund, kreisfreie Stadt;SGB II-/SGB XII-Quote;SGB II-/SGB XII-Quote (%);%;2018;19.0;dortmund_SGB_II_XII_Quote.csv
Dortmund, kreisfreie Stadt;SGB II-/SGB XII-Quote;SGB II-/SGB XII-Quote (%);%;2019;18.8;dortmund_SGB_II_XII_Quote.csv
Dortmund, kreisfreie Stadt;SGB II-/SGB XII-Quote;SGB II-/SGB XII-Quote (%);%;2020;18.9;dortmund_SGB_II_XII_Quote.csv
Dortmund, kreisfreie Stadt;SGB II-/SGB XII-Quote;SGB II-/SGB XII-Quote (%);%;2021;18.8;dortmund_SGB_II_XII_Quote.csv
Dortmund, kreisfreie Stadt;SGB II-/SGB XII-Quote;SGB II-/SGB XII-Quote (%);%;2022;19.1;dortmund_SGB_II_XII_Quote.csv
Dortmund, kreisfreie Stadt;SGB II-/SGB XII-Quote;SGB II-/SGB XII-Quote (%);%;2023;19.5;dortmund_SGB_II_XII_Quote.csv
Dortmund, kreisfreie Stadt;Schulabgänger:innen allgmb. Schulen ohne Hauptschulabschluss - Gesamt;Schulabgänger:innen allgmb. Schulen ohne Hauptschulabschluss - Gesamt (%);%;2016;2.3;dortmund_Schulabgaenger_ohne_Hauptschulabschluss.csv
Dortmund, kreisfreie Stadt;Schulabgänger:innen allgmb. Schulen ohne Hauptschulabschluss - Gesamt;Schulabgänger:innen allgmb. Schulen ohne Hauptschulabschluss - Gesamt (%);%;2017;3.0;dortmund_Schulabgaenger_ohne_Hauptschulabschluss.csv
Dortmund, kreisfreie Stadt;Schulabgänger:innen allgmb. Schulen ohne Hauptschulabschluss - Gesamt;Schulabgänger:innen allgmb. Schulen ohne Hauptschulabschluss - Gesamt (%);%;2018;3.6;dortmund_Schulabgaenger_ohne_Hauptschulabschluss.csv
Dortmund, kreisfreie Stadt;Schulabgänger:innen allgmb. Schulen ohne Hauptschulabschluss - Gesamt;Schulabgänger:innen allgmb. Schulen ohne Hauptschulabschluss - Gesamt (%);%;2019;3.6;dortmund_Schulabgaenger_ohne_Hauptschulabschluss.csv
Dortmund, kreisfreie Stadt;Schulabgänger:innen allgmb. Schulen ohne Hauptschulabschluss - Gesamt;Schulabgänger:innen allgmb. Schulen ohne Hauptschulabschluss - Gesamt (%);%;2020;3.0;dortmund_Schulabgaenger_ohne_Hauptschulabschluss.csv
Dortmund, kreisfreie Stadt;Schulabgänger:innen allgmb. Schulen ohne Hauptschulabschluss - Gesamt;Schulabgänger:innen allgmb. Schulen ohne Hauptschulabschluss - Gesamt (%);%;2021;3.1;dortmund_Schulabgaenger_ohne_Hauptschulabschluss.csv
Dortmund, kreisfreie Stadt;Schulabgänger:innen allgmb. Schulen ohne Hauptschulabschluss - Gesamt;Schulabgänger:innen allgmb. Schulen ohne Hauptschulabschluss - Gesamt (%);%;2022;3.6;dortmund_Schulabgaenger_ohne_Hauptschulabschluss.csv
Dortmund, kreisfreie Stadt;Schulabgänger:innen allgmb. Schulen ohne Hauptschulabschluss - Gesamt;Schulabgänger:innen allgmb. Schulen ohne Hauptschulabschluss - Gesamt (%);%;2023;5.0;dortmund_Schulabgaenger_ohne_Hauptschulabschluss.csv
Dortmund, kreisfreie Stadt;Siedlungslast im Überschwemmungsgebiet;Siedlungslast im Überschwemmungsgebiet (%);%;2016;10.3;dortmund_Siedlungslast_Ueberschwemmungsgebiet.csv
Dortmund, kreisfreie Stadt;Siedlungslast im Überschwemmungsgebiet;Siedlungslast im Überschwemmungsgebiet (%);%;2017;10.3;dortmund_Siedlungslast_Ueberschwemmungsgebiet.csv
Dortmund, kreisfreie Stadt;Siedlungslast im Überschwemmungsgebiet;Siedlungslast im Überschwemmungsgebiet (%);%;2018;10.3;dortmund_Siedlungslast_Ueberschwemmungsgebiet.csv
Dortmund, kreisfreie Stadt;Siedlungslast im Überschwemmungsgebiet;Siedlungslast im Überschwemmungsgebiet (%);%;2019;10.3;dortmund_Siedlungslast_Ueberschwemmungsgebiet.csv
Dortmund, kreisfreie Stadt;Siedlungslast im Überschwemmungsgebiet;Siedlungslast im Überschwemmungsgebiet (%);%;2020;10.3;dortmund_Siedlungslast_Ueberschwemmungsgebiet.csv
Dortmund, kreisfreie Stadt;Siedlungslast im Überschwemmungsgebiet;Siedlungslast im Überschwemmungsgebiet (%);%;2021;10.4;dortmund_Siedlungslast_Ueberschwemmungsgebiet.csv
Dortmund, kreisfreie Stadt;Siedlungslast im Überschwemmungsgebiet;Siedlungslast im Überschwemmungsgebiet (%);%;2022;9.1;dortmund_Siedlungslast_Ueberschwemmungsgebiet.csv
Dortmund, kreisfreie Stadt;Siedlungslast im Überschwemmungsgebiet;Siedlungslast im Überschwemmungsgebiet (%);%;2023;8.0;dortmund_Siedlungslast_Ueberschwemmungsgebiet.csv
Dortmund, kreisfreie Stadt;Steuereinnahmen pro Einwohner:in;Steuereinnahmen pro Einwohner:in (Euro je Einwohner:in);Euro je Einwohner:in;2016;1114.0;dortmund_Steuereinnahmen.csv
Dortmund, kreisfreie Stadt;Steuereinnahmen pro Einwohner:in;Steuereinnahmen pro Einwohner:in (Euro je Einwohner:in);Euro je Einwohner:in;2017;1189.0;dortmund_Steuereinnahmen.csv
Dortmund, kreisfreie Stadt;Steuereinnahmen pro Einwohner:in;Steuereinnahmen pro Einwohner:in (Euro je Einwohner:in);Euro je Einwohner:in;2018;1258.0;dortmund_Steuereinnahmen.csv
Dortmund, kreisfreie Stadt;Steuereinnahmen pro Einwohner:in;Steuereinnahmen pro Einwohner:in (Euro je Einwohner:in);Euro je Einwohner:in;2019;1311.0;dortmund_Steuereinnahmen.csv
Dortmund, kreisfreie Stadt;Steuereinnahmen pro Einwohner:in;Steuereinnahmen pro Einwohner:in (Euro je Einwohner:in);Euro je Einwohner:in;2020;1333.0;dortmund_Steuereinnahmen.csv
Dortmund, kreisfreie Stadt;Steuereinnahmen pro Einwohner:in;Steuereinnahmen pro Einwohner:in (Euro je Einwohner:in);Euro je Einwohner:in;2021;1396.0;dortmund_Steuereinnahmen.csv
Dortmund, kreisfreie Stadt;Steuereinnahmen pro Einwohner:in;Steuereinnahmen pro Einwohner:in (Euro je Einwohner:in);Euro je Einwohner:in;2022;1433.0;dortmund_Steuereinnahmen.csv
Dortmund, kreisfreie Stadt;Steuereinnahmen pro Einwohner:in;Steuereinnahmen pro Einwohner:in (Euro je Einwohner:in);Euro je Einwohner:in;2023;1496.0;dortmund_Steuereinnahmen.csv
Dortmund, kreisfreie Stadt;Strom aus erneuerbaren Quellen;Strom aus erneuerbaren Quellen (kW je Einwohner:in);kW je Einwohner:in;2016;;dortmund_Strom_aus_erneuerbaren_Quellen.csv
Dortmund, kreisfreie Stadt;Strom aus erneuerbaren Quellen;Strom aus erneuerbaren Quellen (kW je Einwohner:in);kW je Einwohner:in;2017;;dortmund_Strom_aus_erneuerbaren_Quellen.csv
Dortmund, kreisfreie Stadt;Strom aus erneuerbaren Quellen;Strom aus erneuerbaren Quellen (kW je Einwohner:in);kW je Einwohner:in;2018;;dortmund_Strom_aus_erneuerbaren_Quellen.csv
Dortmund, kreisfreie Stadt;Strom aus erneuerbaren Quellen;Strom aus erneuerbaren Quellen (kW je Einwohner:in);kW je Einwohner:in;2019;0.12;dortmund_Strom_aus_erneuerbaren_Quellen.csv
Dortmund, kreisfreie Stadt;Strom aus erneuerbaren Quellen;Strom aus erneuerbaren Quellen (kW je Einwohner:in);kW je Einwohner:in;2020;0.13;dortmund_Strom_aus_erneuerbaren_Quellen.csv
Dortmund, kreisfreie Stadt;Strom aus erneuerbaren Quellen;Strom aus erneuerbaren Quellen (kW je Einwohner:in);kW je Einwohner:in;2021;0.14;dortmund_Strom_aus_erneuerbaren_Quellen.csv
Dortmund, kreisfreie Stadt;Strom aus erneuerbaren Quellen;Strom aus erneuerbaren Quellen (kW je Einwohner:in);kW je Einwohner:in;2022;;dortmund_Strom_aus_erneuerbaren_Quellen.csv
Dortmund, kreisfreie Stadt;Strom aus erneuerbaren Quellen;Strom aus erneuerbaren Quellen (kW je Einwohner:in);kW je Einwohner:in;2023;0.21;dortmund_Strom_aus_erneuerbaren_Quellen.csv
Dortmund, kreisfreie Stadt;Unter 3-Jährige in Tageseinrichtungen;Unter 3-Jährige in Tageseinrichtungen (%);%;2016;15.9;dortmund_U3_in_Tageseinrichtungen.csv
Dortmund, kreisfreie Stadt;Unter 3-Jährige in Tageseinrichtungen;Unter 3-Jährige in Tageseinrichtungen (%);%;2017;15.7;dortmund_U3_in_Tageseinrichtungen.csv
Dortmund, kreisfreie Stadt;Unter 3-Jährige in Tageseinrichtungen;Unter 3-Jährige in Tageseinrichtungen (%);%;2018;15.0;dortmund_U3_in_Tageseinrichtungen.csv
Dortmund, kreisfreie Stadt;Unter 3-Jährige in Tageseinrichtungen;Unter 3-Jährige in Tageseinrichtungen (%);%;2019;16.1;dortmund_U3_in_Tageseinrichtungen.csv
Dortmund, kreisfreie Stadt;Unter 3-Jährige in Tageseinrichtungen;Unter 3-Jährige in Tageseinrichtungen (%);%;2020;;dortmund_U3_in_Tageseinrichtungen.csv
Dortmund, kreisfreie Stadt;Unter 3-Jährige in Tageseinrichtungen;Unter 3-Jährige in Tageseinrichtungen (%);%;2021;16.8;dortmund_U3_in_Tageseinrichtungen.csv
Dortmund, kreisfreie Stadt;Unter 3-Jährige in Tageseinrichtungen;Unter 3-Jährige in Tageseinrichtungen (%);%;2022;17.6;dortmund_U3_in_Tageseinrichtungen.csv
Dortmund, kreisfreie Stadt;Unter 3-Jährige in Tageseinrichtungen;Unter 3-Jährige in Tageseinrichtungen (%);%;2023;18.5;dortmund_U3_in_Tageseinrichtungen.csv
Dortmund, kreisfreie Stadt;Verhältnis der Beschäftigungsquote von Frauen und Männern;Verhältnis der Beschäftigungsquote von Frauen und Männern (%);%;2016;85.7;dortmund_Verhaeltnis_Beschaeftigung_Frauen_Maenner.csv
Dortmund, kreisfreie Stadt;Verhältnis der Beschäftigungsquote von Frauen und Männern;Verhältnis der Beschäftigungsquote von Frauen und Männern (%);%;2017;85.4;dortmund_Verhaeltnis_Beschaeftigung_Frauen_Maenner.csv
Dortmund, kreisfreie Stadt;Verhältnis der Beschäftigungsquote von Frauen und Männern;Verhältnis der Beschäftigungsquote von Frauen und Männern (%);%;2018;84.1;dortmund_Verhaeltnis_Beschaeftigung_Frauen_Maenner.csv
Dortmund, kreisfreie Stadt;Verhältnis der Beschäftigungsquote von Frauen und Männern;Verhältnis der Beschäftigungsquote von Frauen und Männern (%);%;2019;83.9;dortmund_Verhaeltnis_Beschaeftigung_Frauen_Maenner.csv
Dortmund, kreisfreie Stadt;Verhältnis der Beschäftigungsquote von Frauen und Männern;Verhältnis der Beschäftigungsquote von Frauen und Männern (%);%;2020;84.2;dortmund_Verhaeltnis_Beschaeftigung_Frauen_Maenner.csv
Dortmund, kreisfreie Stadt;Verhältnis der Beschäftigungsquote von Frauen und Männern;Verhältnis der Beschäftigungsquote von Frauen und Männern (%);%;2021;84.0;dortmund_Verhaeltnis_Beschaeftigung_Frauen_Maenner.csv
Dortmund, kreisfreie Stadt;Verhältnis der Beschäftigungsquote von Frauen und Männern;Verhältnis der Beschäftigungsquote von Frauen und Männern (%);%;2022;83.0;dortmund_Verhaeltnis_Beschaeftigung_Frauen_Maenner.csv
Dortmund, kreisfreie Stadt;Verhältnis der Beschäftigungsquote von Frauen und Männern;Verhältnis der Beschäftigungsquote von Frauen und Männern (%);%;2023;83.0;dortmund_Verhaeltnis_Beschaeftigung_Frauen_Maenner.csv
Dortmund, kreisfreie Stadt;Verunglückte im Verkehr;Verunglückte im Verkehr (Verunglückte je 1.000 Einwohner:innen);Verunglückte je 1.000 Einwohner:innen;2016;4.4;dortmund_Verunglueckte_im_Verkehr.csv
Dortmund, kreisfreie Stadt;Verunglückte im Verkehr;Verunglückte im Verkehr (Verunglückte je 1.000 Einwohner:innen);Verunglückte je 1.000 Einwohner:innen;2017;4.1;dortmund_Verunglueckte_im_Verkehr.csv
Dortmund, kreisfreie Stadt;Verunglückte im Verkehr;Verunglückte im Verkehr (Verunglückte je 1.000 Einwohner:innen);Verunglückte je 1.000 Einwohner:innen;2018;4.4;dortmund_Verunglueckte_im_Verkehr.csv
Dortmund, kreisfreie Stadt;Verunglückte im Verkehr;Verunglückte im Verkehr (Verunglückte je 1.000 Einwohner:innen);Verunglückte je 1.000 Einwohner:innen;2019;4.1;dortmund_Verunglueckte_im_Verkehr.csv
Dortmund, kreisfreie Stadt;Verunglückte im Verkehr;Verunglückte im Verkehr (Verunglückte je 1.000 Einwohner:innen);Verunglückte je 1.000 Einwohner:innen;2020;3.6;dortmund_Verunglueckte_im_Verkehr.csv
Dortmund, kreisfreie Stadt;Verunglückte im Verkehr;Verunglückte im Verkehr (Verunglückte je 1.000 Einwohner:innen);Verunglückte je 1.000 Einwohner:innen;2021;3.6;dortmund_Verunglueckte_im_Verkehr.csv
Dortmund, kreisfreie Stadt;Verunglückte im Verkehr;Verunglückte im Verkehr (Verunglückte je 1.000 Einwohner:innen);Verunglückte je 1.000 Einwohner:innen;2022;4.0;dortmund_Verunglueckte_im_Verkehr.csv
Dortmund, kreisfreie Stadt;Verunglückte im Verkehr;Verunglückte im Verkehr (Verunglückte je 1.000 Einwohner:innen);Verunglückte je 1.000 Einwohner:innen;2023;4.2;dortmund_Verunglueckte_im_Verkehr.csv
Dortmund, kreisfreie Stadt;Vorzeitige Sterblichkeit - Gesamt;Vorzeitige Sterblichkeit - Gesamt (Todesfälle je 1.000 Einwohner:innen);Todesfälle je 1.000 Einwohner:innen;2016;2.8;dortmund_Vorzeitige_Sterblichkeit.csv
Dortmund, kreisfreie Stadt;Vorzeitige Sterblichkeit - Gesamt;Vorzeitige Sterblichkeit - Gesamt (Todesfälle je 1.000 Einwohner:innen);Todesfälle je 1.000 Einwohner:innen;2017;2.9;dortmund_Vorzeitige_Sterblichkeit.csv
Dortmund, kreisfreie Stadt;Vorzeitige Sterblichkeit - Gesamt;Vorzeitige Sterblichkeit - Gesamt (Todesfälle je 1.000 Einwohner:innen);Todesfälle je 1.000 Einwohner:innen;2018;;dortmund_Vorzeitige_Sterblichkeit.csv
Dortmund, kreisfreie Stadt;Vorzeitige Sterblichkeit - Gesamt;Vorzeitige Sterblichkeit - Gesamt (Todesfälle je 1.000 Einwohner:innen);Todesfälle je 1.000 Einwohner:innen;2019;2.8;dortmund_Vorzeitige_Sterblichkeit.csv
Dortmund, kreisfreie Stadt;Vorzeitige Sterblichkeit - Gesamt;Vorzeitige Sterblichkeit - Gesamt (Todesfälle je 1.000 Einwohner:innen);Todesfälle je 1.000 Einwohner:innen;2020;2.9;dortmund_Vorzeitige_Sterblichkeit.csv
Dortmund, kreisfreie Stadt;Vorzeitige Sterblichkeit - Gesamt;Vorzeitige Sterblichkeit - Gesamt (Todesfälle je 1.000 Einwohner:innen);Todesfälle je 1.000 Einwohner:innen;2021;3.1;dortmund_Vorzeitige_Sterblichkeit.csv
Dortmund, kreisfreie Stadt;Vorzeitige Sterblichkeit - Gesamt;Vorzeitige Sterblichkeit - Gesamt (Todesfälle je 1.000 Einwohner:innen);Todesfälle je 1.000 Einwohner:innen;2022;3.0;dortmund_Vorzeitige_Sterblichkeit.csv
Dortmund, kreisfreie Stadt;Vorzeitige Sterblichkeit - Gesamt;Vorzeitige Sterblichkeit - Gesamt (Todesfälle je 1.000 Einwohner:innen);Todesfälle je 1.000 Einwohner:innen;2023;3.0;dortmund_Vorzeitige_Sterblichkeit.csv
Dortmund, kreisfreie Stadt;Wohnfläche pro Person;Wohnfläche pro Person (m²);m²;2016;40.5;dortmund_Wohnflaeche.csv
Dortmund, kreisfreie Stadt;Wohnfläche pro Person;Wohnfläche pro Person (m²);m²;2017;40.5;dortmund_Wohnflaeche.csv
Dortmund, kreisfreie Stadt;Wohnfläche pro Person;Wohnfläche pro Person (m²);m²;2018;41.0;dortmund_Wohnflaeche.csv
Dortmund, kreisfreie Stadt;Wohnfläche pro Person;Wohnfläche pro Person (m²);m²;2019;40.9;dortmund_Wohnflaeche.csv
Dortmund, kreisfreie Stadt;Wohnfläche pro Person;Wohnfläche pro Person (m²);m²;2020;41.2;dortmund_Wohnflaeche.csv
Dortmund, kreisfreie Stadt;Wohnfläche pro Person;Wohnfläche pro Person (m²);m²;2021;41.4;dortmund_Wohnflaeche.csv
Dortmund, kreisfreie Stadt;Wohnfläche pro Person;Wohnfläche pro Person (m²);m²;2022;41.2;dortmund_Wohnflaeche.csv
Dortmund, kreisfreie Stadt;Wohnfläche pro Person;Wohnfläche pro Person (m²);m²;2023;41.5;dortmund_Wohnflaeche.csv
Dortmund, kreisfreie Stadt;Wohnungsnahe Grundversorgung - Apotheke;Wohnungsnahe Grundversorgung - Apotheke (Meter);Meter;2016;;dortmund_Wohnungsnahe_Apotheke.csv
Dortmund, kreisfreie Stadt;Wohnungsnahe Grundversorgung - Apotheke;Wohnungsnahe Grundversorgung - Apotheke (Meter);Meter;2017;;dortmund_Wohnungsnahe_Apotheke.csv
Dortmund, kreisfreie Stadt;Wohnungsnahe Grundversorgung - Apotheke;Wohnungsnahe Grundversorgung - Apotheke (Meter);Meter;2018;;dortmund_Wohnungsnahe_Apotheke.csv
Dortmund, kreisfreie Stadt;Wohnungsnahe Grundversorgung - Apotheke;Wohnungsnahe Grundversorgung - Apotheke (Meter);Meter;2019;;dortmund_Wohnungsnahe_Apotheke.csv
Dortmund, kreisfreie Stadt;Wohnungsnahe Grundversorgung - Apotheke;Wohnungsnahe Grundversorgung - Apotheke (Meter);Meter;2020;;dortmund_Wohnungsnahe_Apotheke.csv
Dortmund, kreisfreie Stadt;Wohnungsnahe Grundversorgung - Apotheke;Wohnungsnahe Grundversorgung - Apotheke (Meter);Meter;2021;603.0;dortmund_Wohnungsnahe_Apotheke.csv
Dortmund, kreisfreie Stadt;Wohnungsnahe Grundversorgung - Apotheke;Wohnungsnahe Grundversorgung - Apotheke (Meter);Meter;2022;;dortmund_Wohnungsnahe_Apotheke.csv
Dortmund, kreisfreie Stadt;Wohnungsnahe Grundversorgung - Apotheke;Wohnungsnahe Grundversorgung - Apotheke (Meter);Meter;2023;;dortmund_Wohnungsnahe_Apotheke.csv
Dortmund, kreisfreie Stadt;Wohnungsnahe Grundversorgung - Grundschule;Wohnungsnahe Grundversorgung - Grundschule (Meter);Meter;2016;;dortmund_Wohnungsnahe_Grundschule.csv
Dortmund, kreisfreie Stadt;Wohnungsnahe Grundversorgung - Grundschule;Wohnungsnahe Grundversorgung - Grundschule (Meter);Meter;2017;;dortmund_Wohnungsnahe_Grundschule.csv
Dortmund, kreisfreie Stadt;Wohnungsnahe Grundversorgung - Grundschule;Wohnungsnahe Grundversorgung - Grundschule (Meter);Meter;2018;583.0;dortmund_Wohnungsnahe_Grundschule.csv
Dortmund, kreisfreie Stadt;Wohnungsnahe Grundversorgung - Grundschule;Wohnungsnahe Grundversorgung - Grundschule (Meter);Meter;2019;;dortmund_Wohnungsnahe_Grundschule.csv
Dortmund, kreisfreie Stadt;Wohnungsnahe Grundversorgung - Grundschule;Wohnungsnahe Grundversorgung - Grundschule (Meter);Meter;2020;;dortmund_Wohnungsnahe_Grundschule.csv
Dortmund, kreisfreie Stadt;Wohnungsnahe Grundversorgung - Grundschule;Wohnungsnahe Grundversorgung - Grundschule (Meter);Meter;2021;589.0;dortmund_Wohnungsnahe_Grundschule.csv
Dortmund, kreisfreie Stadt;Wohnungsnahe Grundversorgung - Grundschule;Wohnungsnahe Grundversorgung - Grundschule (Meter);Meter;2022;;dortmund_Wohnungsnahe_Grundschule.csv
Dortmund, kreisfreie Stadt;Wohnungsnahe Grundversorgung - Grundschule;Wohnungsnahe Grundversorgung - Grundschule (Meter);Meter;2023;;dortmund_Wohnungsnahe_Grundschule.csv
Dortmund, kreisfreie Stadt;Wohnungsnahe Grundversorgung - Hausarzt;Wohnungsnahe Grundversorgung - Hausarzt (Meter);Meter;2016;;dortmund_Wohnungsnaher_Hausarzt.csv
Dortmund, kreisfreie Stadt;Wohnungsnahe Grundversorgung - Hausarzt;Wohnungsnahe Grundversorgung - Hausarzt (Meter);Meter;2017;;dortmund_Wohnungsnaher_Hausarzt.csv
Dortmund, kreisfreie Stadt;Wohnungsnahe Grundversorgung - Hausarzt;Wohnungsnahe Grundversorgung - Hausarzt (Meter);Meter;2018;;dortmund_Wohnungsnaher_Hausarzt.csv
Dortmund, kreisfreie Stadt;Wohnungsnahe Grundversorgung - Hausarzt;Wohnungsnahe Grundversorgung - Hausarzt (Meter);Meter;2019;;dortmund_Wohnungsnaher_Hausarzt.csv
Dortmund, kreisfreie Stadt;Wohnungsnahe Grundversorgung - Hausarzt;Wohnungsnahe Grundversorgung - Hausarzt (Meter);Meter;2020;;dortmund_Wohnungsnaher_Hausarzt.csv
Dortmund, kreisfreie Stadt;Wohnungsnahe Grundversorgung - Hausarzt;Wohnungsnahe Grundversorgung - Hausarzt (Meter);Meter;2021;510.0;dortmund_Wohnungsnaher_Hausarzt.csv
Dortmund, kreisfreie Stadt;Wohnungsnahe Grundversorgung - Hausarzt;Wohnungsnahe Grundversorgung - Hausarzt (Meter);Meter;2022;;dortmund_Wohnungsnaher_Hausarzt.csv
Dortmund, kreisfreie Stadt;Wohnungsnahe Grundversorgung - Hausarzt;Wohnungsnahe Grundversorgung - Hausarzt (Meter);Meter;2023;;dortmund_Wohnungsnaher_Hausarzt.csv
Dortmund, kreisfreie Stadt;Wohnungsnahe Grundversorgung - Supermarkt;Wohnungsnahe Grundversorgung - Supermarkt (Meter);Meter;2016;;dortmund_Wohnungsnaher_Supermarkt.csv
Dortmund, kreisfreie Stadt;Wohnungsnahe Grundversorgung - Supermarkt;Wohnungsnahe Grundversorgung - Supermarkt (Meter);Meter;2017;;dortmund_Wohnungsnaher_Supermarkt.csv
Dortmund, kreisfreie Stadt;Wohnungsnahe Grundversorgung - Supermarkt;Wohnungsnahe Grundversorgung - Supermarkt (Meter);Meter;2018;;dortmund_Wohnungsnaher_Supermarkt.csv
Dortmund, kreisfreie Stadt;Wohnungsnahe Grundversorgung - Supermarkt;Wohnungsnahe Grundversorgung - Supermarkt (Meter);Meter;2019;;dortmund_Wohnungsnaher_Supermarkt.csv
Dortmund, kreisfreie Stadt;Wohnungsnahe Grundversorgung - Supermarkt;Wohnungsnahe Grundversorgung - Supermarkt (Meter);Meter;2020;;dortmund_Wohnungsnaher_Supermarkt.csv
Dortmund, kreisfreie Stadt;Wohnungsnahe Grundversorgung - Supermarkt;Wohnungsnahe Grundversorgung - Supermarkt (Meter);Meter;2021;487.0;dortmund_Wohnungsnaher_Supermarkt.csv
Dortmund, kreisfreie Stadt;Wohnungsnahe Grundversorgung - Supermarkt;Wohnungsnahe Grundversorgung - Supermarkt (Meter);Meter;2022;;dortmund_Wohnungsnaher_Supermarkt.csv
Dortmund, kreisfreie Stadt;Wohnungsnahe Grundversorgung - Supermarkt;Wohnungsnahe Grundversorgung - Supermarkt (Meter);Meter;2023;;dortmund_Wohnungsnaher_Supermarkt.csv
Düsseldorf, kreisfreie Stadt;Abwasserbehandlung;Abwasserbehandlung (%);%;2016;;duesseldorf_Abwasserbehandlung.csv
Düsseldorf, kreisfreie Stadt;Abwasserbehandlung;Abwasserbehandlung (%);%;2017;;duesseldorf_Abwasserbehandlung.csv
Düsseldorf, kreisfreie Stadt;Abwasserbehandlung;Abwasserbehandlung (%);%;2018;;duesseldorf_Abwasserbehandlung.csv
Düsseldorf, kreisfreie Stadt;Abwasserbehandlung;Abwasserbehandlung (%);%;2019;100.0;duesseldorf_Abwasserbehandlung.csv
Düsseldorf, kreisfreie Stadt;Abwasserbehandlung;Abwasserbehandlung (%);%;2020;100.0;duesseldorf_Abwasserbehandlung.csv
Düsseldorf, kreisfreie Stadt;Abwasserbehandlung;Abwasserbehandlung (%);%;2021;100.0;duesseldorf_Abwasserbehandlung.csv
Düsseldorf, kreisfreie Stadt;Abwasserbehandlung;Abwasserbehandlung (%);%;2022;100.0;duesseldorf_Abwasserbehandlung.csv
Düsseldorf, kreisfreie Stadt;Abwasserbehandlung;Abwasserbehandlung (%);%;2023;100.0;duesseldorf_Abwasserbehandlung.csv
Düsseldorf, kreisfreie Stadt;Altersarmut;Altersarmut (%);%;2016;7.6;duesseldorf_Altersarmut.csv
Düsseldorf, kreisfreie Stadt;Altersarmut;Altersarmut (%);%;2017;7.8;duesseldorf_Altersarmut.csv
Düsseldorf, kreisfreie Stadt;Altersarmut;Altersarmut (%);%;2018;8.0;duesseldorf_Altersarmut.csv
Düsseldorf, kreisfreie Stadt;Altersarmut;Altersarmut (%);%;2019;8.0;duesseldorf_Altersarmut.csv
Düsseldorf, kreisfreie Stadt;Altersarmut;Altersarmut (%);%;2020;8.1;duesseldorf_Altersarmut.csv
Düsseldorf, kreisfreie Stadt;Altersarmut;Altersarmut (%);%;2021;8.2;duesseldorf_Altersarmut.csv
Düsseldorf, kreisfreie Stadt;Altersarmut;Altersarmut (%);%;2022;9.0;duesseldorf_Altersarmut.csv
Düsseldorf, kreisfreie Stadt;Altersarmut;Altersarmut (%);%;2023;9.0;duesseldorf_Altersarmut.csv
Düsseldorf, kreisfreie Stadt;Beschäftigungsquote;Beschäftigungsquote (%);%;2016;56.1;duesseldorf_Beschaeftigungsquote.csv
Düsseldorf, kreisfreie Stadt;Beschäftigungsquote;Beschäftigungsquote (%);%;2017;57.4;duesseldorf_Beschaeftigungsquote.csv
Düsseldorf, kreisfreie Stadt;Beschäftigungsquote;Beschäftigungsquote (%);%;2018;58.5;duesseldorf_Beschaeftigungsquote.csv
Düsseldorf, kreisfreie Stadt;Beschäftigungsquote;Beschäftigungsquote (%);%;2019;59.7;duesseldorf_Beschaeftigungsquote.csv
Düsseldorf, kreisfreie Stadt;Beschäftigungsquote;Beschäftigungsquote (%);%;2020;59.9;duesseldorf_Beschaeftigungsquote.csv
Düsseldorf, kreisfreie Stadt;Beschäftigungsquote;Beschäftigungsquote (%);%;2021;61.0;duesseldorf_Beschaeftigungsquote.csv
Düsseldorf, kreisfreie Stadt;Beschäftigungsquote;Beschäftigungsquote (%);%;2022;61.7;duesseldorf_Beschaeftigungsquote.csv
Düsseldorf, kreisfreie Stadt;Beschäftigungsquote;Beschäftigungsquote (%);%;2023;61.8;duesseldorf_Beschaeftigungsquote.csv
Düsseldorf, kreisfreie Stadt;Breitbandversorgung - Private Haushalte;Breitbandversorgung - Private Haushalte (%);%;2016;;duesseldorf_Breitbandversorgung_Haushalte.csv
Düsseldorf, kreisfreie Stadt;Breitbandversorgung - Private Haushalte;Breitbandversorgung - Private Haushalte (%);%;2017;93.6;duesseldorf_Breitbandversorgung_Haushalte.csv
Düsseldorf, kreisfreie Stadt;Breitbandversorgung - Private Haushalte;Breitbandversorgung - Private Haushalte (%);%;2018;;duesseldorf_Breitbandversorgung_Haushalte.csv
Düsseldorf, kreisfreie Stadt;Breitbandversorgung - Private Haushalte;Breitbandversorgung - Private Haushalte (%);%;2019;;duesseldorf_Breitbandversorgung_Haushalte.csv
Düsseldorf, kreisfreie Stadt;Breitbandversorgung - Private Haushalte;Breitbandversorgung - Private Haushalte (%);%;2020;98.6;duesseldorf_Breitbandversorgung_Haushalte.csv
Düsseldorf, kreisfreie Stadt;Breitbandversorgung - Private Haushalte;Breitbandversorgung - Private Haushalte (%);%;2021;98.7;duesseldorf_Breitbandversorgung_Haushalte.csv
Düsseldorf, kreisfreie Stadt;Breitbandversorgung - Private Haushalte;Breitbandversorgung - Private Haushalte (%);%;2022;99.7;duesseldorf_Breitbandversorgung_Haushalte.csv
Düsseldorf, kreisfreie Stadt;Breitbandversorgung - Private Haushalte;Breitbandversorgung - Private Haushalte (%);%;2023;;duesseldorf_Breitbandversorgung_Haushalte.csv
Düsseldorf, kreisfreie Stadt;Eingebürgerte im Jahr;Eingebürgerte im Jahr (%);%;2016;1.3;duesseldorf_Einbuergerungen.csv
Düsseldorf, kreisfreie Stadt;Eingebürgerte im Jahr;Eingebürgerte im Jahr (%);%;2017;1.3;duesseldorf_Einbuergerungen.csv
Düsseldorf, kreisfreie Stadt;Eingebürgerte im Jahr;Eingebürgerte im Jahr (%);%;2018;1.3;duesseldorf_Einbuergerungen.csv
Düsseldorf, kreisfreie Stadt;Eingebürgerte im Jahr;Eingebürgerte im Jahr (%);%;2019;1.2;duesseldorf_Einbuergerungen.csv
Düsseldorf, kreisfreie Stadt;Eingebürgerte im Jahr;Eingebürgerte im Jahr (%);%;2020;1.2;duesseldorf_Einbuergerungen.csv
Düsseldorf, kreisfreie Stadt;Eingebürgerte im Jahr;Eingebürgerte im Jahr (%);%;2021;1.8;duesseldorf_Einbuergerungen.csv
Düsseldorf, kreisfreie Stadt;Eingebürgerte im Jahr;Eingebürgerte im Jahr (%);%;2022;2.3;duesseldorf_Einbuergerungen.csv
Düsseldorf, kreisfreie Stadt;Eingebürgerte im Jahr;Eingebürgerte im Jahr (%);%;2023;2.0;duesseldorf_Einbuergerungen.csv
Düsseldorf, kreisfreie Stadt;Erwerbstätige Aufstocker:innen - Gesamt;Erwerbstätige Aufstocker:innen - Gesamt (%);%;2016;25.4;duesseldorf_Erwerbstaetige_Aufstockende.csv
Düsseldorf, kreisfreie Stadt;Erwerbstätige Aufstocker:innen - Gesamt;Erwerbstätige Aufstocker:innen - Gesamt (%);%;2017;25.2;duesseldorf_Erwerbstaetige_Aufstockende.csv
Düsseldorf, kreisfreie Stadt;Erwerbstätige Aufstocker:innen - Gesamt;Erwerbstätige Aufstocker:innen - Gesamt (%);%;2018;25.5;duesseldorf_Erwerbstaetige_Aufstockende.csv
Düsseldorf, kreisfreie Stadt;Erwerbstätige Aufstocker:innen - Gesamt;Erwerbstätige Aufstocker:innen - Gesamt (%);%;2019;25.5;duesseldorf_Erwerbstaetige_Aufstockende.csv
Düsseldorf, kreisfreie Stadt;Erwerbstätige Aufstocker:innen - Gesamt;Erwerbstätige Aufstocker:innen - Gesamt (%);%;2020;21.9;duesseldorf_Erwerbstaetige_Aufstockende.csv
Düsseldorf, kreisfreie Stadt;Erwerbstätige Aufstocker:innen - Gesamt;Erwerbstätige Aufstocker:innen - Gesamt (%);%;2021;23.3;duesseldorf_Erwerbstaetige_Aufstockende.csv
Düsseldorf, kreisfreie Stadt;Erwerbstätige Aufstocker:innen - Gesamt;Erwerbstätige Aufstocker:innen - Gesamt (%);%;2022;20.6;duesseldorf_Erwerbstaetige_Aufstockende.csv
Düsseldorf, kreisfreie Stadt;Erwerbstätige Aufstocker:innen - Gesamt;Erwerbstätige Aufstocker:innen - Gesamt (%);%;2023;21.4;duesseldorf_Erwerbstaetige_Aufstockende.csv
Düsseldorf, kreisfreie Stadt;Existenzgründungen;Existenzgründungen (Neuerrichtungen je 1.000 Einwohner:innen);Neuerrichtungen je 1.000 Einwohner:innen;2016;10.3;duesseldorf_Existenzgruendungen.csv
Düsseldorf, kreisfreie Stadt;Existenzgründungen;Existenzgründungen (Neuerrichtungen je 1.000 Einwohner:innen);Neuerrichtungen je 1.000 Einwohner:innen;2017;12.2;duesseldorf_Existenzgruendungen.csv
Düsseldorf, kreisfreie Stadt;Existenzgründungen;Existenzgründungen (Neuerrichtungen je 1.000 Einwohner:innen);Neuerrichtungen je 1.000 Einwohner:innen;2018;11.3;duesseldorf_Existenzgruendungen.csv
Düsseldorf, kreisfreie Stadt;Existenzgründungen;Existenzgründungen (Neuerrichtungen je 1.000 Einwohner:innen);Neuerrichtungen je 1.000 Einwohner:innen;2019;10.9;duesseldorf_Existenzgruendungen.csv
Düsseldorf, kreisfreie Stadt;Existenzgründungen;Existenzgründungen (Neuerrichtungen je 1.000 Einwohner:innen);Neuerrichtungen je 1.000 Einwohner:innen;2020;8.7;duesseldorf_Existenzgruendungen.csv
Düsseldorf, kreisfreie Stadt;Existenzgründungen;Existenzgründungen (Neuerrichtungen je 1.000 Einwohner:innen);Neuerrichtungen je 1.000 Einwohner:innen;2021;11.0;duesseldorf_Existenzgruendungen.csv
Düsseldorf, kreisfreie Stadt;Existenzgründungen;Existenzgründungen (Neuerrichtungen je 1.000 Einwohner:innen);Neuerrichtungen je 1.000 Einwohner:innen;2022;10.1;duesseldorf_Existenzgruendungen.csv
Düsseldorf, kreisfreie Stadt;Existenzgründungen;Existenzgründungen (Neuerrichtungen je 1.000 Einwohner:innen);Neuerrichtungen je 1.000 Einwohner:innen;2023;9.9;duesseldorf_Existenzgruendungen.csv
Düsseldorf, kreisfreie Stadt;Fertiggestellte Wohngebäude mit erneuerbarer Energie;Fertiggestellte Wohngebäude mit erneuerbarer Energie (%);%;2016;27.4;duesseldorf_Wohngebaeude_erneuerbare_Heizenergie.csv
Düsseldorf, kreisfreie Stadt;Fertiggestellte Wohngebäude mit erneuerbarer Energie;Fertiggestellte Wohngebäude mit erneuerbarer Energie (%);%;2017;18.5;duesseldorf_Wohngebaeude_erneuerbare_Heizenergie.csv
Düsseldorf, kreisfreie Stadt;Fertiggestellte Wohngebäude mit erneuerbarer Energie;Fertiggestellte Wohngebäude mit erneuerbarer Energie (%);%;2018;29.1;duesseldorf_Wohngebaeude_erneuerbare_Heizenergie.csv
Düsseldorf, kreisfreie Stadt;Fertiggestellte Wohngebäude mit erneuerbarer Energie;Fertiggestellte Wohngebäude mit erneuerbarer Energie (%);%;2019;27.4;duesseldorf_Wohngebaeude_erneuerbare_Heizenergie.csv
Düsseldorf, kreisfreie Stadt;Fertiggestellte Wohngebäude mit erneuerbarer Energie;Fertiggestellte Wohngebäude mit erneuerbarer Energie (%);%;2020;31.4;duesseldorf_Wohngebaeude_erneuerbare_Heizenergie.csv
Düsseldorf, kreisfreie Stadt;Fertiggestellte Wohngebäude mit erneuerbarer Energie;Fertiggestellte Wohngebäude mit erneuerbarer Energie (%);%;2021;24.4;duesseldorf_Wohngebaeude_erneuerbare_Heizenergie.csv
Düsseldorf, kreisfreie Stadt;Fertiggestellte Wohngebäude mit erneuerbarer Energie;Fertiggestellte Wohngebäude mit erneuerbarer Energie (%);%;2022;31.3;duesseldorf_Wohngebaeude_erneuerbare_Heizenergie.csv
Düsseldorf, kreisfreie Stadt;Fertiggestellte Wohngebäude mit erneuerbarer Energie;Fertiggestellte Wohngebäude mit erneuerbarer Energie (%);%;2023;34.7;duesseldorf_Wohngebaeude_erneuerbare_Heizenergie.csv
Düsseldorf, kreisfreie Stadt;Finanzmittelsaldo;Finanzmittelsaldo (Euro je Einwohner:in);Euro je Einwohner:in;2016;-414.0;duesseldorf_Finanzmittelsaldo.csv
Düsseldorf, kreisfreie Stadt;Finanzmittelsaldo;Finanzmittelsaldo (Euro je Einwohner:in);Euro je Einwohner:in;2017;1024.0;duesseldorf_Finanzmittelsaldo.csv
Düsseldorf, kreisfreie Stadt;Finanzmittelsaldo;Finanzmittelsaldo (Euro je Einwohner:in);Euro je Einwohner:in;2018;202.0;duesseldorf_Finanzmittelsaldo.csv
Düsseldorf, kreisfreie Stadt;Finanzmittelsaldo;Finanzmittelsaldo (Euro je Einwohner:in);Euro je Einwohner:in;2019;-171.0;duesseldorf_Finanzmittelsaldo.csv
Düsseldorf, kreisfreie Stadt;Finanzmittelsaldo;Finanzmittelsaldo (Euro je Einwohner:in);Euro je Einwohner:in;2020;-249.0;duesseldorf_Finanzmittelsaldo.csv
Düsseldorf, kreisfreie Stadt;Finanzmittelsaldo;Finanzmittelsaldo (Euro je Einwohner:in);Euro je Einwohner:in;2021;-304.0;duesseldorf_Finanzmittelsaldo.csv
Düsseldorf, kreisfreie Stadt;Finanzmittelsaldo;Finanzmittelsaldo (Euro je Einwohner:in);Euro je Einwohner:in;2022;42.0;duesseldorf_Finanzmittelsaldo.csv
Düsseldorf, kreisfreie Stadt;Finanzmittelsaldo;Finanzmittelsaldo (Euro je Einwohner:in);Euro je Einwohner:in;2023;226.0;duesseldorf_Finanzmittelsaldo.csv
Düsseldorf, kreisfreie Stadt;Flächeninanspruchnahme;Flächeninanspruchnahme (%);%;2016;60.6;duesseldorf_Flaecheninanspruchnahme.csv
Düsseldorf, kreisfreie Stadt;Flächeninanspruchnahme;Flächeninanspruchnahme (%);%;2017;61.2;duesseldorf_Flaecheninanspruchnahme.csv
Düsseldorf, kreisfreie Stadt;Flächeninanspruchnahme;Flächeninanspruchnahme (%);%;2018;61.2;duesseldorf_Flaecheninanspruchnahme.csv
Düsseldorf, kreisfreie Stadt;Flächeninanspruchnahme;Flächeninanspruchnahme (%);%;2019;61.2;duesseldorf_Flaecheninanspruchnahme.csv
Düsseldorf, kreisfreie Stadt;Flächeninanspruchnahme;Flächeninanspruchnahme (%);%;2020;61.6;duesseldorf_Flaecheninanspruchnahme.csv
Düsseldorf, kreisfreie Stadt;Flächeninanspruchnahme;Flächeninanspruchnahme (%);%;2021;61.7;duesseldorf_Flaecheninanspruchnahme.csv
Düsseldorf, kreisfreie Stadt;Flächeninanspruchnahme;Flächeninanspruchnahme (%);%;2022;61.7;duesseldorf_Flaecheninanspruchnahme.csv
Düsseldorf, kreisfreie Stadt;Flächeninanspruchnahme;Flächeninanspruchnahme (%);%;2023;61.7;duesseldorf_Flaecheninanspruchnahme.csv
Düsseldorf, kreisfreie Stadt;Flächennutzungsintensität;Flächennutzungsintensität (qm/Einwohner:in);qm/Einwohner:in;2016;214.8;duesseldorf_Flaechennutzungsintensitaet.csv
Düsseldorf, kreisfreie Stadt;Flächennutzungsintensität;Flächennutzungsintensität (qm/Einwohner:in);qm/Einwohner:in;2017;215.4;duesseldorf_Flaechennutzungsintensitaet.csv
Düsseldorf, kreisfreie Stadt;Flächennutzungsintensität;Flächennutzungsintensität (qm/Einwohner:in);qm/Einwohner:in;2018;214.9;duesseldorf_Flaechennutzungsintensitaet.csv
Düsseldorf, kreisfreie Stadt;Flächennutzungsintensität;Flächennutzungsintensität (qm/Einwohner:in);qm/Einwohner:in;2019;214.1;duesseldorf_Flaechennutzungsintensitaet.csv
Düsseldorf, kreisfreie Stadt;Flächennutzungsintensität;Flächennutzungsintensität (qm/Einwohner:in);qm/Einwohner:in;2020;215.8;duesseldorf_Flaechennutzungsintensitaet.csv
Düsseldorf, kreisfreie Stadt;Flächennutzungsintensität;Flächennutzungsintensität (qm/Einwohner:in);qm/Einwohner:in;2021;216.5;duesseldorf_Flaechennutzungsintensitaet.csv
Düsseldorf, kreisfreie Stadt;Flächennutzungsintensität;Flächennutzungsintensität (qm/Einwohner:in);qm/Einwohner:in;2022;213.3;duesseldorf_Flaechennutzungsintensitaet.csv
Düsseldorf, kreisfreie Stadt;Flächennutzungsintensität;Flächennutzungsintensität (qm/Einwohner:in);qm/Einwohner:in;2023;212.6;duesseldorf_Flaechennutzungsintensitaet.csv
Düsseldorf, kreisfreie Stadt;Hochqualifizierte am Arbeitsort;Hochqualifizierte am Arbeitsort (%);%;2016;23.0;duesseldorf_Hochqualifizierte_am_Arbeitsort.csv
Düsseldorf, kreisfreie Stadt;Hochqualifizierte am Arbeitsort;Hochqualifizierte am Arbeitsort (%);%;2017;24.0;duesseldorf_Hochqualifizierte_am_Arbeitsort.csv
Düsseldorf, kreisfreie Stadt;Hochqualifizierte am Arbeitsort;Hochqualifizierte am Arbeitsort (%);%;2018;25.2;duesseldorf_Hochqualifizierte_am_Arbeitsort.csv
Düsseldorf, kreisfreie Stadt;Hochqualifizierte am Arbeitsort;Hochqualifizierte am Arbeitsort (%);%;2019;26.3;duesseldorf_Hochqualifizierte_am_Arbeitsort.csv
Düsseldorf, kreisfreie Stadt;Hochqualifizierte am Arbeitsort;Hochqualifizierte am Arbeitsort (%);%;2020;27.1;duesseldorf_Hochqualifizierte_am_Arbeitsort.csv
Düsseldorf, kreisfreie Stadt;Hochqualifizierte am Arbeitsort;Hochqualifizierte am Arbeitsort (%);%;2021;28.4;duesseldorf_Hochqualifizierte_am_Arbeitsort.csv
Düsseldorf, kreisfreie Stadt;Hochqualifizierte am Arbeitsort;Hochqualifizierte am Arbeitsort (%);%;2022;29.9;duesseldorf_Hochqualifizierte_am_Arbeitsort.csv
Düsseldorf, kreisfreie Stadt;Hochqualifizierte am Arbeitsort;Hochqualifizierte am Arbeitsort (%);%;2023;30.9;duesseldorf_Hochqualifizierte_am_Arbeitsort.csv
Düsseldorf, kreisfreie Stadt;Jugendarmut;Jugendarmut (%);%;2016;18.4;duesseldorf_Jugendarmut.csv
Düsseldorf, kreisfreie Stadt;Jugendarmut;Jugendarmut (%);%;2017;18.5;duesseldorf_Jugendarmut.csv
Düsseldorf, kreisfreie Stadt;Jugendarmut;Jugendarmut (%);%;2018;18.9;duesseldorf_Jugendarmut.csv
Düsseldorf, kreisfreie Stadt;Jugendarmut;Jugendarmut (%);%;2019;18.2;duesseldorf_Jugendarmut.csv
Düsseldorf, kreisfreie Stadt;Jugendarmut;Jugendarmut (%);%;2020;18.4;duesseldorf_Jugendarmut.csv
Düsseldorf, kreisfreie Stadt;Jugendarmut;Jugendarmut (%);%;2021;17.6;duesseldorf_Jugendarmut.csv
Düsseldorf, kreisfreie Stadt;Jugendarmut;Jugendarmut (%);%;2022;18.6;duesseldorf_Jugendarmut.csv
Düsseldorf, kreisfreie Stadt;Jugendarmut;Jugendarmut (%);%;2023;17.3;duesseldorf_Jugendarmut.csv
Düsseldorf, kreisfreie Stadt;Kinderarmut;Kinderarmut (%);%;2016;20.3;duesseldorf_Kinderarmut.csv
Düsseldorf, kreisfreie Stadt;Kinderarmut;Kinderarmut (%);%;2017;20.0;duesseldorf_Kinderarmut.csv
Düsseldorf, kreisfreie Stadt;Kinderarmut;Kinderarmut (%);%;2018;19.8;duesseldorf_Kinderarmut.csv
Düsseldorf, kreisfreie Stadt;Kinderarmut;Kinderarmut (%);%;2019;19.0;duesseldorf_Kinderarmut.csv
Düsseldorf, kreisfreie Stadt;Kinderarmut;Kinderarmut (%);%;2020;19.0;duesseldorf_Kinderarmut.csv
Düsseldorf, kreisfreie Stadt;Kinderarmut;Kinderarmut (%);%;2021;17.9;duesseldorf_Kinderarmut.csv
Düsseldorf, kreisfreie Stadt;Kinderarmut;Kinderarmut (%);%;2022;17.9;duesseldorf_Kinderarmut.csv
Düsseldorf, kreisfreie Stadt;Kinderarmut;Kinderarmut (%);%;2023;16.6;duesseldorf_Kinderarmut.csv
Düsseldorf, kreisfreie Stadt;Ladesäuleninfrastruktur;Ladesäuleninfrastruktur (Ladepunkte je 1.000 Einwohner:innen);Ladepunkte je 1.000 Einwohner:innen;2016;0.2;duesseldorf_Ladesaeuleninfrastruktur.csv
Düsseldorf, kreisfreie Stadt;Ladesäuleninfrastruktur;Ladesäuleninfrastruktur (Ladepunkte je 1.000 Einwohner:innen);Ladepunkte je 1.000 Einwohner:innen;2017;0.22;duesseldorf_Ladesaeuleninfrastruktur.csv
Düsseldorf, kreisfreie Stadt;Ladesäuleninfrastruktur;Ladesäuleninfrastruktur (Ladepunkte je 1.000 Einwohner:innen);Ladepunkte je 1.000 Einwohner:innen;2018;0.26;duesseldorf_Ladesaeuleninfrastruktur.csv
Düsseldorf, kreisfreie Stadt;Ladesäuleninfrastruktur;Ladesäuleninfrastruktur (Ladepunkte je 1.000 Einwohner:innen);Ladepunkte je 1.000 Einwohner:innen;2019;0.3;duesseldorf_Ladesaeuleninfrastruktur.csv
Düsseldorf, kreisfreie Stadt;Ladesäuleninfrastruktur;Ladesäuleninfrastruktur (Ladepunkte je 1.000 Einwohner:innen);Ladepunkte je 1.000 Einwohner:innen;2020;0.42;duesseldorf_Ladesaeuleninfrastruktur.csv
Düsseldorf, kreisfreie Stadt;Ladesäuleninfrastruktur;Ladesäuleninfrastruktur (Ladepunkte je 1.000 Einwohner:innen);Ladepunkte je 1.000 Einwohner:innen;2021;0.63;duesseldorf_Ladesaeuleninfrastruktur.csv
Düsseldorf, kreisfreie Stadt;Ladesäuleninfrastruktur;Ladesäuleninfrastruktur (Ladepunkte je 1.000 Einwohner:innen);Ladepunkte je 1.000 Einwohner:innen;2022;1.42;duesseldorf_Ladesaeuleninfrastruktur.csv
Düsseldorf, kreisfreie Stadt;Ladesäuleninfrastruktur;Ladesäuleninfrastruktur (Ladepunkte je 1.000 Einwohner:innen);Ladepunkte je 1.000 Einwohner:innen;2023;2.22;duesseldorf_Ladesaeuleninfrastruktur.csv
Düsseldorf, kreisfreie Stadt;Landschaftsqualität;Landschaftsqualität (Hemerobiewert);Hemerobiewert;2016;;duesseldorf_Landschaftsqualitaet.csv
Düsseldorf, kreisfreie Stadt;Landschaftsqualität;Landschaftsqualität (Hemerobiewert);Hemerobiewert;2017;;duesseldorf_Landschaftsqualitaet.csv
Düsseldorf, kreisfreie Stadt;Landschaftsqualität;Landschaftsqualität (Hemerobiewert);Hemerobiewert;2018;5.1;duesseldorf_Landschaftsqualitaet.csv
Düsseldorf, kreisfreie Stadt;Landschaftsqualität;Landschaftsqualität (Hemerobiewert);Hemerobiewert;2019;;duesseldorf_Landschaftsqualitaet.csv
Düsseldorf, kreisfreie Stadt;Landschaftsqualität;Landschaftsqualität (Hemerobiewert);Hemerobiewert;2020;5.1;duesseldorf_Landschaftsqualitaet.csv
Düsseldorf, kreisfreie Stadt;Landschaftsqualität;Landschaftsqualität (Hemerobiewert);Hemerobiewert;2021;5.1;duesseldorf_Landschaftsqualitaet.csv
Düsseldorf, kreisfreie Stadt;Landschaftsqualität;Landschaftsqualität (Hemerobiewert);Hemerobiewert;2022;;duesseldorf_Landschaftsqualitaet.csv
Düsseldorf, kreisfreie Stadt;Landschaftsqualität;Landschaftsqualität (Hemerobiewert);Hemerobiewert;2023;;duesseldorf_Landschaftsqualitaet.csv
Düsseldorf, kreisfreie Stadt;Langzeitarbeitslosenquote;Langzeitarbeitslosenquote (%);%;2016;3.9;duesseldorf_Langzeitarbeitslosenquote.csv
Düsseldorf, kreisfreie Stadt;Langzeitarbeitslosenquote;Langzeitarbeitslosenquote (%);%;2017;3.4;duesseldorf_Langzeitarbeitslosenquote.csv
Düsseldorf, kreisfreie Stadt;Langzeitarbeitslosenquote;Langzeitarbeitslosenquote (%);%;2018;3.0;duesseldorf_Langzeitarbeitslosenquote.csv
Düsseldorf, kreisfreie Stadt;Langzeitarbeitslosenquote;Langzeitarbeitslosenquote (%);%;2019;2.7;duesseldorf_Langzeitarbeitslosenquote.csv
Düsseldorf, kreisfreie Stadt;Langzeitarbeitslosenquote;Langzeitarbeitslosenquote (%);%;2020;3.2;duesseldorf_Langzeitarbeitslosenquote.csv
Düsseldorf, kreisfreie Stadt;Langzeitarbeitslosenquote;Langzeitarbeitslosenquote (%);%;2021;4.1;duesseldorf_Langzeitarbeitslosenquote.csv
Düsseldorf, kreisfreie Stadt;Langzeitarbeitslosenquote;Langzeitarbeitslosenquote (%);%;2022;3.5;duesseldorf_Langzeitarbeitslosenquote.csv
Düsseldorf, kreisfreie Stadt;Langzeitarbeitslosenquote;Langzeitarbeitslosenquote (%);%;2023;3.0;duesseldorf_Langzeitarbeitslosenquote.csv
Düsseldorf, kreisfreie Stadt;Liquiditätskredite;Liquiditätskredite (Euro je Einwohner:in);Euro je Einwohner:in;2016;471.0;duesseldorf_Liquiditaetskredite.csv
Düsseldorf, kreisfreie Stadt;Liquiditätskredite;Liquiditätskredite (Euro je Einwohner:in);Euro je Einwohner:in;2017;0.0;duesseldorf_Liquiditaetskredite.csv
Düsseldorf, kreisfreie Stadt;Liquiditätskredite;Liquiditätskredite (Euro je Einwohner:in);Euro je Einwohner:in;2018;0.0;duesseldorf_Liquiditaetskredite.csv
Düsseldorf, kreisfreie Stadt;Liquiditätskredite;Liquiditätskredite (Euro je Einwohner:in);Euro je Einwohner:in;2019;0.0;duesseldorf_Liquiditaetskredite.csv
Düsseldorf, kreisfreie Stadt;Liquiditätskredite;Liquiditätskredite (Euro je Einwohner:in);Euro je Einwohner:in;2020;246.0;duesseldorf_Liquiditaetskredite.csv
Düsseldorf, kreisfreie Stadt;Liquiditätskredite;Liquiditätskredite (Euro je Einwohner:in);Euro je Einwohner:in;2021;235.0;duesseldorf_Liquiditaetskredite.csv
Düsseldorf, kreisfreie Stadt;Liquiditätskredite;Liquiditätskredite (Euro je Einwohner:in);Euro je Einwohner:in;2022;112.0;duesseldorf_Liquiditaetskredite.csv
Düsseldorf, kreisfreie Stadt;Liquiditätskredite;Liquiditätskredite (Euro je Einwohner:in);Euro je Einwohner:in;2023;0.0;duesseldorf_Liquiditaetskredite.csv
Düsseldorf, kreisfreie Stadt;Luftschadstoffbelastung;Luftschadstoffbelastung (μg / m³);μg / m³;2016;12.72;duesseldorf_Luftschadstoffbelastung.csv
Düsseldorf, kreisfreie Stadt;Luftschadstoffbelastung;Luftschadstoffbelastung (μg / m³);μg / m³;2017;12.47;duesseldorf_Luftschadstoffbelastung.csv
Düsseldorf, kreisfreie Stadt;Luftschadstoffbelastung;Luftschadstoffbelastung (μg / m³);μg / m³;2018;11.08;duesseldorf_Luftschadstoffbelastung.csv
Düsseldorf, kreisfreie Stadt;Luftschadstoffbelastung;Luftschadstoffbelastung (μg / m³);μg / m³;2019;10.14;duesseldorf_Luftschadstoffbelastung.csv
Düsseldorf, kreisfreie Stadt;Luftschadstoffbelastung;Luftschadstoffbelastung (μg / m³);μg / m³;2020;9.2;duesseldorf_Luftschadstoffbelastung.csv
Düsseldorf, kreisfreie Stadt;Luftschadstoffbelastung;Luftschadstoffbelastung (μg / m³);μg / m³;2021;11.48;duesseldorf_Luftschadstoffbelastung.csv
Düsseldorf, kreisfreie Stadt;Luftschadstoffbelastung;Luftschadstoffbelastung (μg / m³);μg / m³;2022;10.06;duesseldorf_Luftschadstoffbelastung.csv
Düsseldorf, kreisfreie Stadt;Luftschadstoffbelastung;Luftschadstoffbelastung (μg / m³);μg / m³;2023;8.25;duesseldorf_Luftschadstoffbelastung.csv
Düsseldorf, kreisfreie Stadt;Naherholungsflächen;Naherholungsflächen (m² je Einwohner:in);m² je Einwohner:in;2016;33.02;duesseldorf_Naherholungsflaechen.csv
Düsseldorf, kreisfreie Stadt;Naherholungsflächen;Naherholungsflächen (m² je Einwohner:in);m² je Einwohner:in;2017;34.13;duesseldorf_Naherholungsflaechen.csv
Düsseldorf, kreisfreie Stadt;Naherholungsflächen;Naherholungsflächen (m² je Einwohner:in);m² je Einwohner:in;2018;33.75;duesseldorf_Naherholungsflaechen.csv
Düsseldorf, kreisfreie Stadt;Naherholungsflächen;Naherholungsflächen (m² je Einwohner:in);m² je Einwohner:in;2019;33.35;duesseldorf_Naherholungsflaechen.csv
Düsseldorf, kreisfreie Stadt;Naherholungsflächen;Naherholungsflächen (m² je Einwohner:in);m² je Einwohner:in;2020;33.29;duesseldorf_Naherholungsflaechen.csv
Düsseldorf, kreisfreie Stadt;Naherholungsflächen;Naherholungsflächen (m² je Einwohner:in);m² je Einwohner:in;2021;33.37;duesseldorf_Naherholungsflaechen.csv
Düsseldorf, kreisfreie Stadt;Naherholungsflächen;Naherholungsflächen (m² je Einwohner:in);m² je Einwohner:in;2022;32.8;duesseldorf_Naherholungsflaechen.csv
Düsseldorf, kreisfreie Stadt;Naherholungsflächen;Naherholungsflächen (m² je Einwohner:in);m² je Einwohner:in;2023;32.65;duesseldorf_Naherholungsflaechen.csv
Düsseldorf, kreisfreie Stadt;Naturschutzflächen;Naturschutzflächen (%);%;2016;8.2;duesseldorf_Naturschutzflaechen.csv
Düsseldorf, kreisfreie Stadt;Naturschutzflächen;Naturschutzflächen (%);%;2017;7.6;duesseldorf_Naturschutzflaechen.csv
Düsseldorf, kreisfreie Stadt;Naturschutzflächen;Naturschutzflächen (%);%;2018;7.6;duesseldorf_Naturschutzflaechen.csv
Düsseldorf, kreisfreie Stadt;Naturschutzflächen;Naturschutzflächen (%);%;2019;7.6;duesseldorf_Naturschutzflaechen.csv
Düsseldorf, kreisfreie Stadt;Naturschutzflächen;Naturschutzflächen (%);%;2020;;duesseldorf_Naturschutzflaechen.csv
Düsseldorf, kreisfreie Stadt;Naturschutzflächen;Naturschutzflächen (%);%;2021;;duesseldorf_Naturschutzflaechen.csv
Düsseldorf, kreisfreie Stadt;Naturschutzflächen;Naturschutzflächen (%);%;2022;7.6;duesseldorf_Naturschutzflaechen.csv
Düsseldorf, kreisfreie Stadt;Naturschutzflächen;Naturschutzflächen (%);%;2023;;duesseldorf_Naturschutzflaechen.csv
Düsseldorf, kreisfreie Stadt;SGB II-/SGB XII-Quote;SGB II-/SGB XII-Quote (%);%;2016;13.4;duesseldorf_SGB_II_XII_Quote.csv
Düsseldorf, kreisfreie Stadt;SGB II-/SGB XII-Quote;SGB II-/SGB XII-Quote (%);%;2017;13.1;duesseldorf_SGB_II_XII_Quote.csv
Düsseldorf, kreisfreie Stadt;SGB II-/SGB XII-Quote;SGB II-/SGB XII-Quote (%);%;2018;12.5;duesseldorf_SGB_II_XII_Quote.csv
Düsseldorf, kreisfreie Stadt;SGB II-/SGB XII-Quote;SGB II-/SGB XII-Quote (%);%;2019;11.9;duesseldorf_SGB_II_XII_Quote.csv
Düsseldorf, kreisfreie Stadt;SGB II-/SGB XII-Quote;SGB II-/SGB XII-Quote (%);%;2020;12.3;duesseldorf_SGB_II_XII_Quote.csv
Düsseldorf, kreisfreie Stadt;SGB II-/SGB XII-Quote;SGB II-/SGB XII-Quote (%);%;2021;11.6;duesseldorf_SGB_II_XII_Quote.csv
Düsseldorf, kreisfreie Stadt;SGB II-/SGB XII-Quote;SGB II-/SGB XII-Quote (%);%;2022;11.6;duesseldorf_SGB_II_XII_Quote.csv
Düsseldorf, kreisfreie Stadt;SGB II-/SGB XII-Quote;SGB II-/SGB XII-Quote (%);%;2023;11.0;duesseldorf_SGB_II_XII_Quote.csv
Düsseldorf, kreisfreie Stadt;Schulabgänger:innen allgmb. Schulen ohne Hauptschulabschluss - Gesamt;Schulabgänger:innen allgmb. Schulen ohne Hauptschulabschluss - Gesamt (%);%;2016;3.4;duesseldorf_Schulabgaenger_ohne_Hauptschulabschluss.csv
Düsseldorf, kreisfreie Stadt;Schulabgänger:innen allgmb. Schulen ohne Hauptschulabschluss - Gesamt;Schulabgänger:innen allgmb. Schulen ohne Hauptschulabschluss - Gesamt (%);%;2017;2.9;duesseldorf_Schulabgaenger_ohne_Hauptschulabschluss.csv
Düsseldorf, kreisfreie Stadt;Schulabgänger:innen allgmb. Schulen ohne Hauptschulabschluss - Gesamt;Schulabgänger:innen allgmb. Schulen ohne Hauptschulabschluss - Gesamt (%);%;2018;3.7;duesseldorf_Schulabgaenger_ohne_Hauptschulabschluss.csv
Düsseldorf, kreisfreie Stadt;Schulabgänger:innen allgmb. Schulen ohne Hauptschulabschluss - Gesamt;Schulabgänger:innen allgmb. Schulen ohne Hauptschulabschluss - Gesamt (%);%;2019;3.0;duesseldorf_Schulabgaenger_ohne_Hauptschulabschluss.csv
Düsseldorf, kreisfreie Stadt;Schulabgänger:innen allgmb. Schulen ohne Hauptschulabschluss - Gesamt;Schulabgänger:innen allgmb. Schulen ohne Hauptschulabschluss - Gesamt (%);%;2020;1.7;duesseldorf_Schulabgaenger_ohne_Hauptschulabschluss.csv
Düsseldorf, kreisfreie Stadt;Schulabgänger:innen allgmb. Schulen ohne Hauptschulabschluss - Gesamt;Schulabgänger:innen allgmb. Schulen ohne Hauptschulabschluss - Gesamt (%);%;2021;1.7;duesseldorf_Schulabgaenger_ohne_Hauptschulabschluss.csv
Düsseldorf, kreisfreie Stadt;Schulabgänger:innen allgmb. Schulen ohne Hauptschulabschluss - Gesamt;Schulabgänger:innen allgmb. Schulen ohne Hauptschulabschluss - Gesamt (%);%;2022;1.5;duesseldorf_Schulabgaenger_ohne_Hauptschulabschluss.csv
Düsseldorf, kreisfreie Stadt;Schulabgänger:innen allgmb. Schulen ohne Hauptschulabschluss - Gesamt;Schulabgänger:innen allgmb. Schulen ohne Hauptschulabschluss - Gesamt (%);%;2023;1.5;duesseldorf_Schulabgaenger_ohne_Hauptschulabschluss.csv
Düsseldorf, kreisfreie Stadt;Siedlungslast im Überschwemmungsgebiet;Siedlungslast im Überschwemmungsgebiet (%);%;2016;5.3;duesseldorf_Siedlungslast_Ueberschwemmungsgebiet.csv
Düsseldorf, kreisfreie Stadt;Siedlungslast im Überschwemmungsgebiet;Siedlungslast im Überschwemmungsgebiet (%);%;2017;5.4;duesseldorf_Siedlungslast_Ueberschwemmungsgebiet.csv
Düsseldorf, kreisfreie Stadt;Siedlungslast im Überschwemmungsgebiet;Siedlungslast im Überschwemmungsgebiet (%);%;2018;5.4;duesseldorf_Siedlungslast_Ueberschwemmungsgebiet.csv
Düsseldorf, kreisfreie Stadt;Siedlungslast im Überschwemmungsgebiet;Siedlungslast im Überschwemmungsgebiet (%);%;2019;5.4;duesseldorf_Siedlungslast_Ueberschwemmungsgebiet.csv
Düsseldorf, kreisfreie Stadt;Siedlungslast im Überschwemmungsgebiet;Siedlungslast im Überschwemmungsgebiet (%);%;2020;5.4;duesseldorf_Siedlungslast_Ueberschwemmungsgebiet.csv
Düsseldorf, kreisfreie Stadt;Siedlungslast im Überschwemmungsgebiet;Siedlungslast im Überschwemmungsgebiet (%);%;2021;5.4;duesseldorf_Siedlungslast_Ueberschwemmungsgebiet.csv
Düsseldorf, kreisfreie Stadt;Siedlungslast im Überschwemmungsgebiet;Siedlungslast im Überschwemmungsgebiet (%);%;2022;5.3;duesseldorf_Siedlungslast_Ueberschwemmungsgebiet.csv
Düsseldorf, kreisfreie Stadt;Siedlungslast im Überschwemmungsgebiet;Siedlungslast im Überschwemmungsgebiet (%);%;2023;5.3;duesseldorf_Siedlungslast_Ueberschwemmungsgebiet.csv
Düsseldorf, kreisfreie Stadt;Steuereinnahmen pro Einwohner:in;Steuereinnahmen pro Einwohner:in (Euro je Einwohner:in);Euro je Einwohner:in;2016;2207.0;duesseldorf_Steuereinnahmen.csv
Düsseldorf, kreisfreie Stadt;Steuereinnahmen pro Einwohner:in;Steuereinnahmen pro Einwohner:in (Euro je Einwohner:in);Euro je Einwohner:in;2017;2278.0;duesseldorf_Steuereinnahmen.csv
Düsseldorf, kreisfreie Stadt;Steuereinnahmen pro Einwohner:in;Steuereinnahmen pro Einwohner:in (Euro je Einwohner:in);Euro je Einwohner:in;2018;2363.0;duesseldorf_Steuereinnahmen.csv
Düsseldorf, kreisfreie Stadt;Steuereinnahmen pro Einwohner:in;Steuereinnahmen pro Einwohner:in (Euro je Einwohner:in);Euro je Einwohner:in;2019;2461.0;duesseldorf_Steuereinnahmen.csv
Düsseldorf, kreisfreie Stadt;Steuereinnahmen pro Einwohner:in;Steuereinnahmen pro Einwohner:in (Euro je Einwohner:in);Euro je Einwohner:in;2020;2491.0;duesseldorf_Steuereinnahmen.csv
Düsseldorf, kreisfreie Stadt;Steuereinnahmen pro Einwohner:in;Steuereinnahmen pro Einwohner:in (Euro je Einwohner:in);Euro je Einwohner:in;2021;2523.0;duesseldorf_Steuereinnahmen.csv
Düsseldorf, kreisfreie Stadt;Steuereinnahmen pro Einwohner:in;Steuereinnahmen pro Einwohner:in (Euro je Einwohner:in);Euro je Einwohner:in;2022;2649.0;duesseldorf_Steuereinnahmen.csv
Düsseldorf, kreisfreie Stadt;Steuereinnahmen pro Einwohner:in;Steuereinnahmen pro Einwohner:in (Euro je Einwohner:in);Euro je Einwohner:in;2023;2896.0;duesseldorf_Steuereinnahmen.csv
Düsseldorf, kreisfreie Stadt;Strom aus erneuerbaren Quellen;Strom aus erneuerbaren Quellen (kW je Einwohner:in);kW je Einwohner:in;2016;;duesseldorf_Strom_aus_erneuerbaren_Quellen.csv
Düsseldorf, kreisfreie Stadt;Strom aus erneuerbaren Quellen;Strom aus erneuerbaren Quellen (kW je Einwohner:in);kW je Einwohner:in;2017;;duesseldorf_Strom_aus_erneuerbaren_Quellen.csv
Düsseldorf, kreisfreie Stadt;Strom aus erneuerbaren Quellen;Strom aus erneuerbaren Quellen (kW je Einwohner:in);kW je Einwohner:in;2018;;duesseldorf_Strom_aus_erneuerbaren_Quellen.csv
Düsseldorf, kreisfreie Stadt;Strom aus erneuerbaren Quellen;Strom aus erneuerbaren Quellen (kW je Einwohner:in);kW je Einwohner:in;2019;0.22;duesseldorf_Strom_aus_erneuerbaren_Quellen.csv
Düsseldorf, kreisfreie Stadt;Strom aus erneuerbaren Quellen;Strom aus erneuerbaren Quellen (kW je Einwohner:in);kW je Einwohner:in;2020;0.22;duesseldorf_Strom_aus_erneuerbaren_Quellen.csv
Düsseldorf, kreisfreie Stadt;Strom aus erneuerbaren Quellen;Strom aus erneuerbaren Quellen (kW je Einwohner:in);kW je Einwohner:in;2021;0.23;duesseldorf_Strom_aus_erneuerbaren_Quellen.csv
Düsseldorf, kreisfreie Stadt;Strom aus erneuerbaren Quellen;Strom aus erneuerbaren Quellen (kW je Einwohner:in);kW je Einwohner:in;2022;;duesseldorf_Strom_aus_erneuerbaren_Quellen.csv
Düsseldorf, kreisfreie Stadt;Strom aus erneuerbaren Quellen;Strom aus erneuerbaren Quellen (kW je Einwohner:in);kW je Einwohner:in;2023;0.27;duesseldorf_Strom_aus_erneuerbaren_Quellen.csv
Düsseldorf, kreisfreie Stadt;Unter 3-Jährige in Tageseinrichtungen;Unter 3-Jährige in Tageseinrichtungen (%);%;2016;22.0;duesseldorf_U3_in_Tageseinrichtungen.csv
Düsseldorf, kreisfreie Stadt;Unter 3-Jährige in Tageseinrichtungen;Unter 3-Jährige in Tageseinrichtungen (%);%;2017;21.4;duesseldorf_U3_in_Tageseinrichtungen.csv
Düsseldorf, kreisfreie Stadt;Unter 3-Jährige in Tageseinrichtungen;Unter 3-Jährige in Tageseinrichtungen (%);%;2018;21.5;duesseldorf_U3_in_Tageseinrichtungen.csv
Düsseldorf, kreisfreie Stadt;Unter 3-Jährige in Tageseinrichtungen;Unter 3-Jährige in Tageseinrichtungen (%);%;2019;21.5;duesseldorf_U3_in_Tageseinrichtungen.csv
Düsseldorf, kreisfreie Stadt;Unter 3-Jährige in Tageseinrichtungen;Unter 3-Jährige in Tageseinrichtungen (%);%;2020;;duesseldorf_U3_in_Tageseinrichtungen.csv
Düsseldorf, kreisfreie Stadt;Unter 3-Jährige in Tageseinrichtungen;Unter 3-Jährige in Tageseinrichtungen (%);%;2021;22.2;duesseldorf_U3_in_Tageseinrichtungen.csv
Düsseldorf, kreisfreie Stadt;Unter 3-Jährige in Tageseinrichtungen;Unter 3-Jährige in Tageseinrichtungen (%);%;2022;22.7;duesseldorf_U3_in_Tageseinrichtungen.csv
Düsseldorf, kreisfreie Stadt;Unter 3-Jährige in Tageseinrichtungen;Unter 3-Jährige in Tageseinrichtungen (%);%;2023;22.5;duesseldorf_U3_in_Tageseinrichtungen.csv
Düsseldorf, kreisfreie Stadt;Verhältnis der Beschäftigungsquote von Frauen und Männern;Verhältnis der Beschäftigungsquote von Frauen und Männern (%);%;2016;91.1;duesseldorf_Verhaeltnis_Beschaeftigung_Frauen_Maenner.csv
Düsseldorf, kreisfreie Stadt;Verhältnis der Beschäftigungsquote von Frauen und Männern;Verhältnis der Beschäftigungsquote von Frauen und Männern (%);%;2017;90.4;duesseldorf_Verhaeltnis_Beschaeftigung_Frauen_Maenner.csv
Düsseldorf, kreisfreie Stadt;Verhältnis der Beschäftigungsquote von Frauen und Männern;Verhältnis der Beschäftigungsquote von Frauen und Männern (%);%;2018;89.9;duesseldorf_Verhaeltnis_Beschaeftigung_Frauen_Maenner.csv
Düsseldorf, kreisfreie Stadt;Verhältnis der Beschäftigungsquote von Frauen und Männern;Verhältnis der Beschäftigungsquote von Frauen und Männern (%);%;2019;90.1;duesseldorf_Verhaeltnis_Beschaeftigung_Frauen_Maenner.csv
Düsseldorf, kreisfreie Stadt;Verhältnis der Beschäftigungsquote von Frauen und Männern;Verhältnis der Beschäftigungsquote von Frauen und Männern (%);%;2020;90.7;duesseldorf_Verhaeltnis_Beschaeftigung_Frauen_Maenner.csv
Düsseldorf, kreisfreie Stadt;Verhältnis der Beschäftigungsquote von Frauen und Männern;Verhältnis der Beschäftigungsquote von Frauen und Männern (%);%;2021;90.9;duesseldorf_Verhaeltnis_Beschaeftigung_Frauen_Maenner.csv
Düsseldorf, kreisfreie Stadt;Verhältnis der Beschäftigungsquote von Frauen und Männern;Verhältnis der Beschäftigungsquote von Frauen und Männern (%);%;2022;89.8;duesseldorf_Verhaeltnis_Beschaeftigung_Frauen_Maenner.csv
Düsseldorf, kreisfreie Stadt;Verhältnis der Beschäftigungsquote von Frauen und Männern;Verhältnis der Beschäftigungsquote von Frauen und Männern (%);%;2023;90.0;duesseldorf_Verhaeltnis_Beschaeftigung_Frauen_Maenner.csv
Düsseldorf, kreisfreie Stadt;Verunglückte im Verkehr;Verunglückte im Verkehr (Verunglückte je 1.000 Einwohner:innen);Verunglückte je 1.000 Einwohner:innen;2016;5.3;duesseldorf_Verunglueckte_im_Verkehr.csv
Düsseldorf, kreisfreie Stadt;Verunglückte im Verkehr;Verunglückte im Verkehr (Verunglückte je 1.000 Einwohner:innen);Verunglückte je 1.000 Einwohner:innen;2017;4.6;duesseldorf_Verunglueckte_im_Verkehr.csv
Düsseldorf, kreisfreie Stadt;Verunglückte im Verkehr;Verunglückte im Verkehr (Verunglückte je 1.000 Einwohner:innen);Verunglückte je 1.000 Einwohner:innen;2018;5.0;duesseldorf_Verunglueckte_im_Verkehr.csv
Düsseldorf, kreisfreie Stadt;Verunglückte im Verkehr;Verunglückte im Verkehr (Verunglückte je 1.000 Einwohner:innen);Verunglückte je 1.000 Einwohner:innen;2019;5.1;duesseldorf_Verunglueckte_im_Verkehr.csv
Düsseldorf, kreisfreie Stadt;Verunglückte im Verkehr;Verunglückte im Verkehr (Verunglückte je 1.000 Einwohner:innen);Verunglückte je 1.000 Einwohner:innen;2020;4.5;duesseldorf_Verunglueckte_im_Verkehr.csv
Düsseldorf, kreisfreie Stadt;Verunglückte im Verkehr;Verunglückte im Verkehr (Verunglückte je 1.000 Einwohner:innen);Verunglückte je 1.000 Einwohner:innen;2021;4.4;duesseldorf_Verunglueckte_im_Verkehr.csv
Düsseldorf, kreisfreie Stadt;Verunglückte im Verkehr;Verunglückte im Verkehr (Verunglückte je 1.000 Einwohner:innen);Verunglückte je 1.000 Einwohner:innen;2022;4.9;duesseldorf_Verunglueckte_im_Verkehr.csv
Düsseldorf, kreisfreie Stadt;Verunglückte im Verkehr;Verunglückte im Verkehr (Verunglückte je 1.000 Einwohner:innen);Verunglückte je 1.000 Einwohner:innen;2023;5.0;duesseldorf_Verunglueckte_im_Verkehr.csv
Düsseldorf, kreisfreie Stadt;Vorzeitige Sterblichkeit - Gesamt;Vorzeitige Sterblichkeit - Gesamt (Todesfälle je 1.000 Einwohner:innen);Todesfälle je 1.000 Einwohner:innen;2016;2.3;duesseldorf_Vorzeitige_Sterblichkeit.csv
Düsseldorf, kreisfreie Stadt;Vorzeitige Sterblichkeit - Gesamt;Vorzeitige Sterblichkeit - Gesamt (Todesfälle je 1.000 Einwohner:innen);Todesfälle je 1.000 Einwohner:innen;2017;2.2;duesseldorf_Vorzeitige_Sterblichkeit.csv
Düsseldorf, kreisfreie Stadt;Vorzeitige Sterblichkeit - Gesamt;Vorzeitige Sterblichkeit - Gesamt (Todesfälle je 1.000 Einwohner:innen);Todesfälle je 1.000 Einwohner:innen;2018;;duesseldorf_Vorzeitige_Sterblichkeit.csv
Düsseldorf, kreisfreie Stadt;Vorzeitige Sterblichkeit - Gesamt;Vorzeitige Sterblichkeit - Gesamt (Todesfälle je 1.000 Einwohner:innen);Todesfälle je 1.000 Einwohner:innen;2019;2.3;duesseldorf_Vorzeitige_Sterblichkeit.csv
Düsseldorf, kreisfreie Stadt;Vorzeitige Sterblichkeit - Gesamt;Vorzeitige Sterblichkeit - Gesamt (Todesfälle je 1.000 Einwohner:innen);Todesfälle je 1.000 Einwohner:innen;2020;2.1;duesseldorf_Vorzeitige_Sterblichkeit.csv
Düsseldorf, kreisfreie Stadt;Vorzeitige Sterblichkeit - Gesamt;Vorzeitige Sterblichkeit - Gesamt (Todesfälle je 1.000 Einwohner:innen);Todesfälle je 1.000 Einwohner:innen;2021;2.4;duesseldorf_Vorzeitige_Sterblichkeit.csv
Düsseldorf, kreisfreie Stadt;Vorzeitige Sterblichkeit - Gesamt;Vorzeitige Sterblichkeit - Gesamt (Todesfälle je 1.000 Einwohner:innen);Todesfälle je 1.000 Einwohner:innen;2022;2.3;duesseldorf_Vorzeitige_Sterblichkeit.csv
Düsseldorf, kreisfreie Stadt;Vorzeitige Sterblichkeit - Gesamt;Vorzeitige Sterblichkeit - Gesamt (Todesfälle je 1.000 Einwohner:innen);Todesfälle je 1.000 Einwohner:innen;2023;2.3;duesseldorf_Vorzeitige_Sterblichkeit.csv
Düsseldorf, kreisfreie Stadt;Wohnfläche pro Person;Wohnfläche pro Person (m²);m²;2016;40.8;duesseldorf_Wohnflaeche.csv
Düsseldorf, kreisfreie Stadt;Wohnfläche pro Person;Wohnfläche pro Person (m²);m²;2017;40.6;duesseldorf_Wohnflaeche.csv
Düsseldorf, kreisfreie Stadt;Wohnfläche pro Person;Wohnfläche pro Person (m²);m²;2018;41.1;duesseldorf_Wohnflaeche.csv
Düsseldorf, kreisfreie Stadt;Wohnfläche pro Person;Wohnfläche pro Person (m²);m²;2019;40.9;duesseldorf_Wohnflaeche.csv
Düsseldorf, kreisfreie Stadt;Wohnfläche pro Person;Wohnfläche pro Person (m²);m²;2020;41.3;duesseldorf_Wohnflaeche.csv
Düsseldorf, kreisfreie Stadt;Wohnfläche pro Person;Wohnfläche pro Person (m²);m²;2021;41.6;duesseldorf_Wohnflaeche.csv
Düsseldorf, kreisfreie Stadt;Wohnfläche pro Person;Wohnfläche pro Person (m²);m²;2022;41.2;duesseldorf_Wohnflaeche.csv
Düsseldorf, kreisfreie Stadt;Wohnfläche pro Person;Wohnfläche pro Person (m²);m²;2023;41.7;duesseldorf_Wohnflaeche.csv
Düsseldorf, kreisfreie Stadt;Wohnungsnahe Grundversorgung - Apotheke;Wohnungsnahe Grundversorgung - Apotheke (Meter);Meter;2016;;duesseldorf_Wohnungsnahe_Apotheke.csv
Düsseldorf, kreisfreie Stadt;Wohnungsnahe Grundversorgung - Apotheke;Wohnungsnahe Grundversorgung - Apotheke (Meter);Meter;2017;;duesseldorf_Wohnungsnahe_Apotheke.csv
Düsseldorf, kreisfreie Stadt;Wohnungsnahe Grundversorgung - Apotheke;Wohnungsnahe Grundversorgung - Apotheke (Meter);Meter;2018;;duesseldorf_Wohnungsnahe_Apotheke.csv
Düsseldorf, kreisfreie Stadt;Wohnungsnahe Grundversorgung - Apotheke;Wohnungsnahe Grundversorgung - Apotheke (Meter);Meter;2019;;duesseldorf_Wohnungsnahe_Apotheke.csv
Düsseldorf, kreisfreie Stadt;Wohnungsnahe Grundversorgung - Apotheke;Wohnungsnahe Grundversorgung - Apotheke (Meter);Meter;2020;;duesseldorf_Wohnungsnahe_Apotheke.csv
Düsseldorf, kreisfreie Stadt;Wohnungsnahe Grundversorgung - Apotheke;Wohnungsnahe Grundversorgung - Apotheke (Meter);Meter;2021;423.0;duesseldorf_Wohnungsnahe_Apotheke.csv
Düsseldorf, kreisfreie Stadt;Wohnungsnahe Grundversorgung - Apotheke;Wohnungsnahe Grundversorgung - Apotheke (Meter);Meter;2022;;duesseldorf_Wohnungsnahe_Apotheke.csv
Düsseldorf, kreisfreie Stadt;Wohnungsnahe Grundversorgung - Apotheke;Wohnungsnahe Grundversorgung - Apotheke (Meter);Meter;2023;;duesseldorf_Wohnungsnahe_Apotheke.csv
Düsseldorf, kreisfreie Stadt;Wohnungsnahe Grundversorgung - Grundschule;Wohnungsnahe Grundversorgung - Grundschule (Meter);Meter;2016;;duesseldorf_Wohnungsnahe_Grundschule.csv
Düsseldorf, kreisfreie Stadt;Wohnungsnahe Grundversorgung - Grundschule;Wohnungsnahe Grundversorgung - Grundschule (Meter);Meter;2017;;duesseldorf_Wohnungsnahe_Grundschule.csv
Düsseldorf, kreisfreie Stadt;Wohnungsnahe Grundversorgung - Grundschule;Wohnungsnahe Grundversorgung - Grundschule (Meter);Meter;2018;487.0;duesseldorf_Wohnungsnahe_Grundschule.csv
Düsseldorf, kreisfreie Stadt;Wohnungsnahe Grundversorgung - Grundschule;Wohnungsnahe Grundversorgung - Grundschule (Meter);Meter;2019;;duesseldorf_Wohnungsnahe_Grundschule.csv
Düsseldorf, kreisfreie Stadt;Wohnungsnahe Grundversorgung - Grundschule;Wohnungsnahe Grundversorgung - Grundschule (Meter);Meter;2020;;duesseldorf_Wohnungsnahe_Grundschule.csv
Düsseldorf, kreisfreie Stadt;Wohnungsnahe Grundversorgung - Grundschule;Wohnungsnahe Grundversorgung - Grundschule (Meter);Meter;2021;489.0;duesseldorf_Wohnungsnahe_Grundschule.csv
Düsseldorf, kreisfreie Stadt;Wohnungsnahe Grundversorgung - Grundschule;Wohnungsnahe Grundversorgung - Grundschule (Meter);Meter;2022;;duesseldorf_Wohnungsnahe_Grundschule.csv
Düsseldorf, kreisfreie Stadt;Wohnungsnahe Grundversorgung - Grundschule;Wohnungsnahe Grundversorgung - Grundschule (Meter);Meter;2023;;duesseldorf_Wohnungsnahe_Grundschule.csv
Düsseldorf, kreisfreie Stadt;Wohnungsnahe Grundversorgung - Hausarzt;Wohnungsnahe Grundversorgung - Hausarzt (Meter);Meter;2016;;duesseldorf_Wohnungsnaher_Hausarzt.csv
Düsseldorf, kreisfreie Stadt;Wohnungsnahe Grundversorgung - Hausarzt;Wohnungsnahe Grundversorgung - Hausarzt (Meter);Meter;2017;;duesseldorf_Wohnungsnaher_Hausarzt.csv
Düsseldorf, kreisfreie Stadt;Wohnungsnahe Grundversorgung - Hausarzt;Wohnungsnahe Grundversorgung - Hausarzt (Meter);Meter;2018;;duesseldorf_Wohnungsnaher_Hausarzt.csv
Düsseldorf, kreisfreie Stadt;Wohnungsnahe Grundversorgung - Hausarzt;Wohnungsnahe Grundversorgung - Hausarzt (Meter);Meter;2019;;duesseldorf_Wohnungsnaher_Hausarzt.csv
Düsseldorf, kreisfreie Stadt;Wohnungsnahe Grundversorgung - Hausarzt;Wohnungsnahe Grundversorgung - Hausarzt (Meter);Meter;2020;;duesseldorf_Wohnungsnaher_Hausarzt.csv
Düsseldorf, kreisfreie Stadt;Wohnungsnahe Grundversorgung - Hausarzt;Wohnungsnahe Grundversorgung - Hausarzt (Meter);Meter;2021;378.0;duesseldorf_Wohnungsnaher_Hausarzt.csv
Düsseldorf, kreisfreie Stadt;Wohnungsnahe Grundversorgung - Hausarzt;Wohnungsnahe Grundversorgung - Hausarzt (Meter);Meter;2022;;duesseldorf_Wohnungsnaher_Hausarzt.csv
Düsseldorf, kreisfreie Stadt;Wohnungsnahe Grundversorgung - Hausarzt;Wohnungsnahe Grundversorgung - Hausarzt (Meter);Meter;2023;;duesseldorf_Wohnungsnaher_Hausarzt.csv
Düsseldorf, kreisfreie Stadt;Wohnungsnahe Grundversorgung - Supermarkt;Wohnungsnahe Grundversorgung - Supermarkt (Meter);Meter;2016;;duesseldorf_Wohnungsnaher_Supermarkt.csv
Düsseldorf, kreisfreie Stadt;Wohnungsnahe Grundversorgung - Supermarkt;Wohnungsnahe Grundversorgung - Supermarkt (Meter);Meter;2017;;duesseldorf_Wohnungsnaher_Supermarkt.csv
Düsseldorf, kreisfreie Stadt;Wohnungsnahe Grundversorgung - Supermarkt;Wohnungsnahe Grundversorgung - Supermarkt (Meter);Meter;2018;;duesseldorf_Wohnungsnaher_Supermarkt.csv
Düsseldorf, kreisfreie Stadt;Wohnungsnahe Grundversorgung - Supermarkt;Wohnungsnahe Grundversorgung - Supermarkt (Meter);Meter;2019;;duesseldorf_Wohnungsnaher_Supermarkt.csv
Düsseldorf, kreisfreie Stadt;Wohnungsnahe Grundversorgung - Supermarkt;Wohnungsnahe Grundversorgung - Supermarkt (Meter);Meter;2020;;duesseldorf_Wohnungsnaher_Supermarkt.csv
Düsseldorf, kreisfreie Stadt;Wohnungsnahe Grundversorgung - Supermarkt;Wohnungsnahe Grundversorgung - Supermarkt (Meter);Meter;2021;416.0;duesseldorf_Wohnungsnaher_Supermarkt.csv
Düsseldorf, kreisfreie Stadt;Wohnungsnahe Grundversorgung - Supermarkt;Wohnungsnahe Grundversorgung - Supermarkt (Meter);Meter;2022;;duesseldorf_Wohnungsnaher_Supermarkt.csv
Düsseldorf, kreisfreie Stadt;Wohnungsnahe Grundversorgung - Supermarkt;Wohnungsnahe Grundversorgung - Supermarkt (Meter);Meter;2023;;duesseldorf_Wohnungsnaher_Supermarkt.csv
Essen, kreisfreie Stadt;Abwasserbehandlung;Abwasserbehandlung (%);%;2016;;essen_Abwasserbehandlung.csv
Essen, kreisfreie Stadt;Abwasserbehandlung;Abwasserbehandlung (%);%;2017;;essen_Abwasserbehandlung.csv
Essen, kreisfreie Stadt;Abwasserbehandlung;Abwasserbehandlung (%);%;2018;;essen_Abwasserbehandlung.csv
Essen, kreisfreie Stadt;Abwasserbehandlung;Abwasserbehandlung (%);%;2019;100.0;essen_Abwasserbehandlung.csv
Essen, kreisfreie Stadt;Abwasserbehandlung;Abwasserbehandlung (%);%;2020;100.0;essen_Abwasserbehandlung.csv
Essen, kreisfreie Stadt;Abwasserbehandlung;Abwasserbehandlung (%);%;2021;100.0;essen_Abwasserbehandlung.csv
Essen, kreisfreie Stadt;Abwasserbehandlung;Abwasserbehandlung (%);%;2022;100.0;essen_Abwasserbehandlung.csv
Essen, kreisfreie Stadt;Abwasserbehandlung;Abwasserbehandlung (%);%;2023;100.0;essen_Abwasserbehandlung.csv
Essen, kreisfreie Stadt;Altersarmut;Altersarmut (%);%;2016;5.5;essen_Altersarmut.csv
Essen, kreisfreie Stadt;Altersarmut;Altersarmut (%);%;2017;5.6;essen_Altersarmut.csv
Essen, kreisfreie Stadt;Altersarmut;Altersarmut (%);%;2018;5.7;essen_Altersarmut.csv
Essen, kreisfreie Stadt;Altersarmut;Altersarmut (%);%;2019;5.8;essen_Altersarmut.csv
Essen, kreisfreie Stadt;Altersarmut;Altersarmut (%);%;2020;5.8;essen_Altersarmut.csv
Essen, kreisfreie Stadt;Altersarmut;Altersarmut (%);%;2021;6.3;essen_Altersarmut.csv
Essen, kreisfreie Stadt;Altersarmut;Altersarmut (%);%;2022;6.8;essen_Altersarmut.csv
Essen, kreisfreie Stadt;Altersarmut;Altersarmut (%);%;2023;7.2;essen_Altersarmut.csv
Essen, kreisfreie Stadt;Beschäftigungsquote;Beschäftigungsquote (%);%;2016;50.6;essen_Beschaeftigungsquote.csv
Essen, kreisfreie Stadt;Beschäftigungsquote;Beschäftigungsquote (%);%;2017;51.7;essen_Beschaeftigungsquote.csv
Essen, kreisfreie Stadt;Beschäftigungsquote;Beschäftigungsquote (%);%;2018;53.0;essen_Beschaeftigungsquote.csv
Essen, kreisfreie Stadt;Beschäftigungsquote;Beschäftigungsquote (%);%;2019;54.3;essen_Beschaeftigungsquote.csv
Essen, kreisfreie Stadt;Beschäftigungsquote;Beschäftigungsquote (%);%;2020;54.5;essen_Beschaeftigungsquote.csv
Essen, kreisfreie Stadt;Beschäftigungsquote;Beschäftigungsquote (%);%;2021;55.8;essen_Beschaeftigungsquote.csv
Essen, kreisfreie Stadt;Beschäftigungsquote;Beschäftigungsquote (%);%;2022;56.4;essen_Beschaeftigungsquote.csv
Essen, kreisfreie Stadt;Beschäftigungsquote;Beschäftigungsquote (%);%;2023;56.7;essen_Beschaeftigungsquote.csv
Essen, kreisfreie Stadt;Breitbandversorgung - Private Haushalte;Breitbandversorgung - Private Haushalte (%);%;2016;;essen_Breitbandversorgung_Haushalte.csv
Essen, kreisfreie Stadt;Breitbandversorgung - Private Haushalte;Breitbandversorgung - Private Haushalte (%);%;2017;81.3;essen_Breitbandversorgung_Haushalte.csv
Essen, kreisfreie Stadt;Breitbandversorgung - Private Haushalte;Breitbandversorgung - Private Haushalte (%);%;2018;;essen_Breitbandversorgung_Haushalte.csv
Essen, kreisfreie Stadt;Breitbandversorgung - Private Haushalte;Breitbandversorgung - Private Haushalte (%);%;2019;;essen_Breitbandversorgung_Haushalte.csv
Essen, kreisfreie Stadt;Breitbandversorgung - Private Haushalte;Breitbandversorgung - Private Haushalte (%);%;2020;95.5;essen_Breitbandversorgung_Haushalte.csv
Essen, kreisfreie Stadt;Breitbandversorgung - Private Haushalte;Breitbandversorgung - Private Haushalte (%);%;2021;96.5;essen_Breitbandversorgung_Haushalte.csv
Essen, kreisfreie Stadt;Breitbandversorgung - Private Haushalte;Breitbandversorgung - Private Haushalte (%);%;2022;97.1;essen_Breitbandversorgung_Haushalte.csv
Essen, kreisfreie Stadt;Breitbandversorgung - Private Haushalte;Breitbandversorgung - Private Haushalte (%);%;2023;;essen_Breitbandversorgung_Haushalte.csv
Essen, kreisfreie Stadt;Eingebürgerte im Jahr;Eingebürgerte im Jahr (%);%;2016;1.4;essen_Einbuergerungen.csv
Essen, kreisfreie Stadt;Eingebürgerte im Jahr;Eingebürgerte im Jahr (%);%;2017;1.6;essen_Einbuergerungen.csv
Essen, kreisfreie Stadt;Eingebürgerte im Jahr;Eingebürgerte im Jahr (%);%;2018;1.5;essen_Einbuergerungen.csv
Essen, kreisfreie Stadt;Eingebürgerte im Jahr;Eingebürgerte im Jahr (%);%;2019;1.1;essen_Einbuergerungen.csv
Essen, kreisfreie Stadt;Eingebürgerte im Jahr;Eingebürgerte im Jahr (%);%;2020;0.9;essen_Einbuergerungen.csv
Essen, kreisfreie Stadt;Eingebürgerte im Jahr;Eingebürgerte im Jahr (%);%;2021;0.9;essen_Einbuergerungen.csv
Essen, kreisfreie Stadt;Eingebürgerte im Jahr;Eingebürgerte im Jahr (%);%;2022;1.5;essen_Einbuergerungen.csv
Essen, kreisfreie Stadt;Eingebürgerte im Jahr;Eingebürgerte im Jahr (%);%;2023;1.6;essen_Einbuergerungen.csv
Essen, kreisfreie Stadt;Erwerbstätige Aufstocker:innen - Gesamt;Erwerbstätige Aufstocker:innen - Gesamt (%);%;2016;23.0;essen_Erwerbstaetige_Aufstockende.csv
Essen, kreisfreie Stadt;Erwerbstätige Aufstocker:innen - Gesamt;Erwerbstätige Aufstocker:innen - Gesamt (%);%;2017;23.7;essen_Erwerbstaetige_Aufstockende.csv
Essen, kreisfreie Stadt;Erwerbstätige Aufstocker:innen - Gesamt;Erwerbstätige Aufstocker:innen - Gesamt (%);%;2018;23.9;essen_Erwerbstaetige_Aufstockende.csv
Essen, kreisfreie Stadt;Erwerbstätige Aufstocker:innen - Gesamt;Erwerbstätige Aufstocker:innen - Gesamt (%);%;2019;23.1;essen_Erwerbstaetige_Aufstockende.csv
Essen, kreisfreie Stadt;Erwerbstätige Aufstocker:innen - Gesamt;Erwerbstätige Aufstocker:innen - Gesamt (%);%;2020;20.2;essen_Erwerbstaetige_Aufstockende.csv
Essen, kreisfreie Stadt;Erwerbstätige Aufstocker:innen - Gesamt;Erwerbstätige Aufstocker:innen - Gesamt (%);%;2021;21.0;essen_Erwerbstaetige_Aufstockende.csv
Essen, kreisfreie Stadt;Erwerbstätige Aufstocker:innen - Gesamt;Erwerbstätige Aufstocker:innen - Gesamt (%);%;2022;19.4;essen_Erwerbstaetige_Aufstockende.csv
Essen, kreisfreie Stadt;Erwerbstätige Aufstocker:innen - Gesamt;Erwerbstätige Aufstocker:innen - Gesamt (%);%;2023;20.1;essen_Erwerbstaetige_Aufstockende.csv
Essen, kreisfreie Stadt;Existenzgründungen;Existenzgründungen (Neuerrichtungen je 1.000 Einwohner:innen);Neuerrichtungen je 1.000 Einwohner:innen;2016;8.5;essen_Existenzgruendungen.csv
Essen, kreisfreie Stadt;Existenzgründungen;Existenzgründungen (Neuerrichtungen je 1.000 Einwohner:innen);Neuerrichtungen je 1.000 Einwohner:innen;2017;9.5;essen_Existenzgruendungen.csv
Essen, kreisfreie Stadt;Existenzgründungen;Existenzgründungen (Neuerrichtungen je 1.000 Einwohner:innen);Neuerrichtungen je 1.000 Einwohner:innen;2018;8.9;essen_Existenzgruendungen.csv
Essen, kreisfreie Stadt;Existenzgründungen;Existenzgründungen (Neuerrichtungen je 1.000 Einwohner:innen);Neuerrichtungen je 1.000 Einwohner:innen;2019;8.9;essen_Existenzgruendungen.csv
Essen, kreisfreie Stadt;Existenzgründungen;Existenzgründungen (Neuerrichtungen je 1.000 Einwohner:innen);Neuerrichtungen je 1.000 Einwohner:innen;2020;7.3;essen_Existenzgruendungen.csv
Essen, kreisfreie Stadt;Existenzgründungen;Existenzgründungen (Neuerrichtungen je 1.000 Einwohner:innen);Neuerrichtungen je 1.000 Einwohner:innen;2021;7.9;essen_Existenzgruendungen.csv
Essen, kreisfreie Stadt;Existenzgründungen;Existenzgründungen (Neuerrichtungen je 1.000 Einwohner:innen);Neuerrichtungen je 1.000 Einwohner:innen;2022;7.5;essen_Existenzgruendungen.csv
Essen, kreisfreie Stadt;Existenzgründungen;Existenzgründungen (Neuerrichtungen je 1.000 Einwohner:innen);Neuerrichtungen je 1.000 Einwohner:innen;2023;6.5;essen_Existenzgruendungen.csv
Essen, kreisfreie Stadt;Fertiggestellte Wohngebäude mit erneuerbarer Energie;Fertiggestellte Wohngebäude mit erneuerbarer Energie (%);%;2016;25.0;essen_Wohngebaeude_erneuerbare_Heizenergie.csv
Essen, kreisfreie Stadt;Fertiggestellte Wohngebäude mit erneuerbarer Energie;Fertiggestellte Wohngebäude mit erneuerbarer Energie (%);%;2017;48.3;essen_Wohngebaeude_erneuerbare_Heizenergie.csv
Essen, kreisfreie Stadt;Fertiggestellte Wohngebäude mit erneuerbarer Energie;Fertiggestellte Wohngebäude mit erneuerbarer Energie (%);%;2018;34.5;essen_Wohngebaeude_erneuerbare_Heizenergie.csv
Essen, kreisfreie Stadt;Fertiggestellte Wohngebäude mit erneuerbarer Energie;Fertiggestellte Wohngebäude mit erneuerbarer Energie (%);%;2019;28.6;essen_Wohngebaeude_erneuerbare_Heizenergie.csv
Essen, kreisfreie Stadt;Fertiggestellte Wohngebäude mit erneuerbarer Energie;Fertiggestellte Wohngebäude mit erneuerbarer Energie (%);%;2020;34.4;essen_Wohngebaeude_erneuerbare_Heizenergie.csv
Essen, kreisfreie Stadt;Fertiggestellte Wohngebäude mit erneuerbarer Energie;Fertiggestellte Wohngebäude mit erneuerbarer Energie (%);%;2021;47.3;essen_Wohngebaeude_erneuerbare_Heizenergie.csv
Essen, kreisfreie Stadt;Fertiggestellte Wohngebäude mit erneuerbarer Energie;Fertiggestellte Wohngebäude mit erneuerbarer Energie (%);%;2022;66.1;essen_Wohngebaeude_erneuerbare_Heizenergie.csv
Essen, kreisfreie Stadt;Fertiggestellte Wohngebäude mit erneuerbarer Energie;Fertiggestellte Wohngebäude mit erneuerbarer Energie (%);%;2023;62.9;essen_Wohngebaeude_erneuerbare_Heizenergie.csv
Essen, kreisfreie Stadt;Finanzmittelsaldo;Finanzmittelsaldo (Euro je Einwohner:in);Euro je Einwohner:in;2016;-45.0;essen_Finanzmittelsaldo.csv
Essen, kreisfreie Stadt;Finanzmittelsaldo;Finanzmittelsaldo (Euro je Einwohner:in);Euro je Einwohner:in;2017;456.0;essen_Finanzmittelsaldo.csv
Essen, kreisfreie Stadt;Finanzmittelsaldo;Finanzmittelsaldo (Euro je Einwohner:in);Euro je Einwohner:in;2018;306.0;essen_Finanzmittelsaldo.csv
Essen, kreisfreie Stadt;Finanzmittelsaldo;Finanzmittelsaldo (Euro je Einwohner:in);Euro je Einwohner:in;2019;345.0;essen_Finanzmittelsaldo.csv
Essen, kreisfreie Stadt;Finanzmittelsaldo;Finanzmittelsaldo (Euro je Einwohner:in);Euro je Einwohner:in;2020;280.0;essen_Finanzmittelsaldo.csv
Essen, kreisfreie Stadt;Finanzmittelsaldo;Finanzmittelsaldo (Euro je Einwohner:in);Euro je Einwohner:in;2021;94.0;essen_Finanzmittelsaldo.csv
Essen, kreisfreie Stadt;Finanzmittelsaldo;Finanzmittelsaldo (Euro je Einwohner:in);Euro je Einwohner:in;2022;176.0;essen_Finanzmittelsaldo.csv
Essen, kreisfreie Stadt;Finanzmittelsaldo;Finanzmittelsaldo (Euro je Einwohner:in);Euro je Einwohner:in;2023;195.0;essen_Finanzmittelsaldo.csv
Essen, kreisfreie Stadt;Flächeninanspruchnahme;Flächeninanspruchnahme (%);%;2016;67.6;essen_Flaecheninanspruchnahme.csv
Essen, kreisfreie Stadt;Flächeninanspruchnahme;Flächeninanspruchnahme (%);%;2017;67.1;essen_Flaecheninanspruchnahme.csv
Essen, kreisfreie Stadt;Flächeninanspruchnahme;Flächeninanspruchnahme (%);%;2018;66.9;essen_Flaecheninanspruchnahme.csv
Essen, kreisfreie Stadt;Flächeninanspruchnahme;Flächeninanspruchnahme (%);%;2019;66.7;essen_Flaecheninanspruchnahme.csv
Essen, kreisfreie Stadt;Flächeninanspruchnahme;Flächeninanspruchnahme (%);%;2020;66.6;essen_Flaecheninanspruchnahme.csv
Essen, kreisfreie Stadt;Flächeninanspruchnahme;Flächeninanspruchnahme (%);%;2021;66.6;essen_Flaecheninanspruchnahme.csv
Essen, kreisfreie Stadt;Flächeninanspruchnahme;Flächeninanspruchnahme (%);%;2022;66.2;essen_Flaecheninanspruchnahme.csv
Essen, kreisfreie Stadt;Flächeninanspruchnahme;Flächeninanspruchnahme (%);%;2023;66.1;essen_Flaecheninanspruchnahme.csv
Essen, kreisfreie Stadt;Flächennutzungsintensität;Flächennutzungsintensität (qm/Einwohner:in);qm/Einwohner:in;2016;243.8;essen_Flaechennutzungsintensitaet.csv
Essen, kreisfreie Stadt;Flächennutzungsintensität;Flächennutzungsintensität (qm/Einwohner:in);qm/Einwohner:in;2017;241.9;essen_Flaechennutzungsintensitaet.csv
Essen, kreisfreie Stadt;Flächennutzungsintensität;Flächennutzungsintensität (qm/Einwohner:in);qm/Einwohner:in;2018;241.3;essen_Flaechennutzungsintensitaet.csv
Essen, kreisfreie Stadt;Flächennutzungsintensität;Flächennutzungsintensität (qm/Einwohner:in);qm/Einwohner:in;2019;240.9;essen_Flaechennutzungsintensitaet.csv
Essen, kreisfreie Stadt;Flächennutzungsintensität;Flächennutzungsintensität (qm/Einwohner:in);qm/Einwohner:in;2020;240.6;essen_Flaechennutzungsintensitaet.csv
Essen, kreisfreie Stadt;Flächennutzungsintensität;Flächennutzungsintensität (qm/Einwohner:in);qm/Einwohner:in;2021;241.7;essen_Flaechennutzungsintensitaet.csv
Essen, kreisfreie Stadt;Flächennutzungsintensität;Flächennutzungsintensität (qm/Einwohner:in);qm/Einwohner:in;2022;238.0;essen_Flaechennutzungsintensitaet.csv
Essen, kreisfreie Stadt;Flächennutzungsintensität;Flächennutzungsintensität (qm/Einwohner:in);qm/Einwohner:in;2023;237.1;essen_Flaechennutzungsintensitaet.csv
Essen, kreisfreie Stadt;Hochqualifizierte am Arbeitsort;Hochqualifizierte am Arbeitsort (%);%;2016;17.0;essen_Hochqualifizierte_am_Arbeitsort.csv
Essen, kreisfreie Stadt;Hochqualifizierte am Arbeitsort;Hochqualifizierte am Arbeitsort (%);%;2017;17.9;essen_Hochqualifizierte_am_Arbeitsort.csv
Essen, kreisfreie Stadt;Hochqualifizierte am Arbeitsort;Hochqualifizierte am Arbeitsort (%);%;2018;18.8;essen_Hochqualifizierte_am_Arbeitsort.csv
Essen, kreisfreie Stadt;Hochqualifizierte am Arbeitsort;Hochqualifizierte am Arbeitsort (%);%;2019;19.5;essen_Hochqualifizierte_am_Arbeitsort.csv
Essen, kreisfreie Stadt;Hochqualifizierte am Arbeitsort;Hochqualifizierte am Arbeitsort (%);%;2020;20.3;essen_Hochqualifizierte_am_Arbeitsort.csv
Essen, kreisfreie Stadt;Hochqualifizierte am Arbeitsort;Hochqualifizierte am Arbeitsort (%);%;2021;21.0;essen_Hochqualifizierte_am_Arbeitsort.csv
Essen, kreisfreie Stadt;Hochqualifizierte am Arbeitsort;Hochqualifizierte am Arbeitsort (%);%;2022;21.3;essen_Hochqualifizierte_am_Arbeitsort.csv
Essen, kreisfreie Stadt;Hochqualifizierte am Arbeitsort;Hochqualifizierte am Arbeitsort (%);%;2023;22.0;essen_Hochqualifizierte_am_Arbeitsort.csv
Essen, kreisfreie Stadt;Jugendarmut;Jugendarmut (%);%;2016;26.4;essen_Jugendarmut.csv
Essen, kreisfreie Stadt;Jugendarmut;Jugendarmut (%);%;2017;26.9;essen_Jugendarmut.csv
Essen, kreisfreie Stadt;Jugendarmut;Jugendarmut (%);%;2018;28.3;essen_Jugendarmut.csv
Essen, kreisfreie Stadt;Jugendarmut;Jugendarmut (%);%;2019;28.3;essen_Jugendarmut.csv
Essen, kreisfreie Stadt;Jugendarmut;Jugendarmut (%);%;2020;28.6;essen_Jugendarmut.csv
Essen, kreisfreie Stadt;Jugendarmut;Jugendarmut (%);%;2021;27.8;essen_Jugendarmut.csv
Essen, kreisfreie Stadt;Jugendarmut;Jugendarmut (%);%;2022;28.0;essen_Jugendarmut.csv
Essen, kreisfreie Stadt;Jugendarmut;Jugendarmut (%);%;2023;29.1;essen_Jugendarmut.csv
Essen, kreisfreie Stadt;Kinderarmut;Kinderarmut (%);%;2016;33.2;essen_Kinderarmut.csv
Essen, kreisfreie Stadt;Kinderarmut;Kinderarmut (%);%;2017;32.5;essen_Kinderarmut.csv
Essen, kreisfreie Stadt;Kinderarmut;Kinderarmut (%);%;2018;34.6;essen_Kinderarmut.csv
Essen, kreisfreie Stadt;Kinderarmut;Kinderarmut (%);%;2019;33.7;essen_Kinderarmut.csv
Essen, kreisfreie Stadt;Kinderarmut;Kinderarmut (%);%;2020;32.4;essen_Kinderarmut.csv
Essen, kreisfreie Stadt;Kinderarmut;Kinderarmut (%);%;2021;31.3;essen_Kinderarmut.csv
Essen, kreisfreie Stadt;Kinderarmut;Kinderarmut (%);%;2022;30.7;essen_Kinderarmut.csv
Essen, kreisfreie Stadt;Kinderarmut;Kinderarmut (%);%;2023;30.4;essen_Kinderarmut.csv
Essen, kreisfreie Stadt;Ladesäuleninfrastruktur;Ladesäuleninfrastruktur (Ladepunkte je 1.000 Einwohner:innen);Ladepunkte je 1.000 Einwohner:innen;2016;0.11;essen_Ladesaeuleninfrastruktur.csv
Essen, kreisfreie Stadt;Ladesäuleninfrastruktur;Ladesäuleninfrastruktur (Ladepunkte je 1.000 Einwohner:innen);Ladepunkte je 1.000 Einwohner:innen;2017;0.11;essen_Ladesaeuleninfrastruktur.csv
Essen, kreisfreie Stadt;Ladesäuleninfrastruktur;Ladesäuleninfrastruktur (Ladepunkte je 1.000 Einwohner:innen);Ladepunkte je 1.000 Einwohner:innen;2018;0.21;essen_Ladesaeuleninfrastruktur.csv
Essen, kreisfreie Stadt;Ladesäuleninfrastruktur;Ladesäuleninfrastruktur (Ladepunkte je 1.000 Einwohner:innen);Ladepunkte je 1.000 Einwohner:innen;2019;0.38;essen_Ladesaeuleninfrastruktur.csv
Essen, kreisfreie Stadt;Ladesäuleninfrastruktur;Ladesäuleninfrastruktur (Ladepunkte je 1.000 Einwohner:innen);Ladepunkte je 1.000 Einwohner:innen;2020;0.72;essen_Ladesaeuleninfrastruktur.csv
Essen, kreisfreie Stadt;Ladesäuleninfrastruktur;Ladesäuleninfrastruktur (Ladepunkte je 1.000 Einwohner:innen);Ladepunkte je 1.000 Einwohner:innen;2021;0.83;essen_Ladesaeuleninfrastruktur.csv
Essen, kreisfreie Stadt;Ladesäuleninfrastruktur;Ladesäuleninfrastruktur (Ladepunkte je 1.000 Einwohner:innen);Ladepunkte je 1.000 Einwohner:innen;2022;0.98;essen_Ladesaeuleninfrastruktur.csv
Essen, kreisfreie Stadt;Ladesäuleninfrastruktur;Ladesäuleninfrastruktur (Ladepunkte je 1.000 Einwohner:innen);Ladepunkte je 1.000 Einwohner:innen;2023;1.25;essen_Ladesaeuleninfrastruktur.csv
Essen, kreisfreie Stadt;Landschaftsqualität;Landschaftsqualität (Hemerobiewert);Hemerobiewert;2016;;essen_Landschaftsqualitaet.csv
Essen, kreisfreie Stadt;Landschaftsqualität;Landschaftsqualität (Hemerobiewert);Hemerobiewert;2017;;essen_Landschaftsqualitaet.csv
Essen, kreisfreie Stadt;Landschaftsqualität;Landschaftsqualität (Hemerobiewert);Hemerobiewert;2018;5.2;essen_Landschaftsqualitaet.csv
Essen, kreisfreie Stadt;Landschaftsqualität;Landschaftsqualität (Hemerobiewert);Hemerobiewert;2019;;essen_Landschaftsqualitaet.csv
Essen, kreisfreie Stadt;Landschaftsqualität;Landschaftsqualität (Hemerobiewert);Hemerobiewert;2020;5.2;essen_Landschaftsqualitaet.csv
Essen, kreisfreie Stadt;Landschaftsqualität;Landschaftsqualität (Hemerobiewert);Hemerobiewert;2021;5.2;essen_Landschaftsqualitaet.csv
Essen, kreisfreie Stadt;Landschaftsqualität;Landschaftsqualität (Hemerobiewert);Hemerobiewert;2022;;essen_Landschaftsqualitaet.csv
Essen, kreisfreie Stadt;Landschaftsqualität;Landschaftsqualität (Hemerobiewert);Hemerobiewert;2023;;essen_Landschaftsqualitaet.csv
Essen, kreisfreie Stadt;Langzeitarbeitslosenquote;Langzeitarbeitslosenquote (%);%;2016;7.0;essen_Langzeitarbeitslosenquote.csv
Essen, kreisfreie Stadt;Langzeitarbeitslosenquote;Langzeitarbeitslosenquote (%);%;2017;6.4;essen_Langzeitarbeitslosenquote.csv
Essen, kreisfreie Stadt;Langzeitarbeitslosenquote;Langzeitarbeitslosenquote (%);%;2018;5.7;essen_Langzeitarbeitslosenquote.csv
Essen, kreisfreie Stadt;Langzeitarbeitslosenquote;Langzeitarbeitslosenquote (%);%;2019;5.3;essen_Langzeitarbeitslosenquote.csv
Essen, kreisfreie Stadt;Langzeitarbeitslosenquote;Langzeitarbeitslosenquote (%);%;2020;5.5;essen_Langzeitarbeitslosenquote.csv
Essen, kreisfreie Stadt;Langzeitarbeitslosenquote;Langzeitarbeitslosenquote (%);%;2021;6.4;essen_Langzeitarbeitslosenquote.csv
Essen, kreisfreie Stadt;Langzeitarbeitslosenquote;Langzeitarbeitslosenquote (%);%;2022;5.7;essen_Langzeitarbeitslosenquote.csv
Essen, kreisfreie Stadt;Langzeitarbeitslosenquote;Langzeitarbeitslosenquote (%);%;2023;5.6;essen_Langzeitarbeitslosenquote.csv
Essen, kreisfreie Stadt;Liquiditätskredite;Liquiditätskredite (Euro je Einwohner:in);Euro je Einwohner:in;2016;4183.0;essen_Liquiditaetskredite.csv
Essen, kreisfreie Stadt;Liquiditätskredite;Liquiditätskredite (Euro je Einwohner:in);Euro je Einwohner:in;2017;3864.0;essen_Liquiditaetskredite.csv
Essen, kreisfreie Stadt;Liquiditätskredite;Liquiditätskredite (Euro je Einwohner:in);Euro je Einwohner:in;2018;3733.0;essen_Liquiditaetskredite.csv
Essen, kreisfreie Stadt;Liquiditätskredite;Liquiditätskredite (Euro je Einwohner:in);Euro je Einwohner:in;2019;3668.0;essen_Liquiditaetskredite.csv
Essen, kreisfreie Stadt;Liquiditätskredite;Liquiditätskredite (Euro je Einwohner:in);Euro je Einwohner:in;2020;3066.0;essen_Liquiditaetskredite.csv
Essen, kreisfreie Stadt;Liquiditätskredite;Liquiditätskredite (Euro je Einwohner:in);Euro je Einwohner:in;2021;2982.0;essen_Liquiditaetskredite.csv
Essen, kreisfreie Stadt;Liquiditätskredite;Liquiditätskredite (Euro je Einwohner:in);Euro je Einwohner:in;2022;2825.0;essen_Liquiditaetskredite.csv
Essen, kreisfreie Stadt;Liquiditätskredite;Liquiditätskredite (Euro je Einwohner:in);Euro je Einwohner:in;2023;2637.0;essen_Liquiditaetskredite.csv
Essen, kreisfreie Stadt;Luftschadstoffbelastung;Luftschadstoffbelastung (μg / m³);μg / m³;2016;12.44;essen_Luftschadstoffbelastung.csv
Essen, kreisfreie Stadt;Luftschadstoffbelastung;Luftschadstoffbelastung (μg / m³);μg / m³;2017;12.57;essen_Luftschadstoffbelastung.csv
Essen, kreisfreie Stadt;Luftschadstoffbelastung;Luftschadstoffbelastung (μg / m³);μg / m³;2018;12.24;essen_Luftschadstoffbelastung.csv
Essen, kreisfreie Stadt;Luftschadstoffbelastung;Luftschadstoffbelastung (μg / m³);μg / m³;2019;10.79;essen_Luftschadstoffbelastung.csv
Essen, kreisfreie Stadt;Luftschadstoffbelastung;Luftschadstoffbelastung (μg / m³);μg / m³;2020;9.15;essen_Luftschadstoffbelastung.csv
Essen, kreisfreie Stadt;Luftschadstoffbelastung;Luftschadstoffbelastung (μg / m³);μg / m³;2021;10.62;essen_Luftschadstoffbelastung.csv
Essen, kreisfreie Stadt;Luftschadstoffbelastung;Luftschadstoffbelastung (μg / m³);μg / m³;2022;10.1;essen_Luftschadstoffbelastung.csv
Essen, kreisfreie Stadt;Luftschadstoffbelastung;Luftschadstoffbelastung (μg / m³);μg / m³;2023;8.47;essen_Luftschadstoffbelastung.csv
Essen, kreisfreie Stadt;Naherholungsflächen;Naherholungsflächen (m² je Einwohner:in);m² je Einwohner:in;2016;42.77;essen_Naherholungsflaechen.csv
Essen, kreisfreie Stadt;Naherholungsflächen;Naherholungsflächen (m² je Einwohner:in);m² je Einwohner:in;2017;42.85;essen_Naherholungsflaechen.csv
Essen, kreisfreie Stadt;Naherholungsflächen;Naherholungsflächen (m² je Einwohner:in);m² je Einwohner:in;2018;42.98;essen_Naherholungsflaechen.csv
Essen, kreisfreie Stadt;Naherholungsflächen;Naherholungsflächen (m² je Einwohner:in);m² je Einwohner:in;2019;42.99;essen_Naherholungsflaechen.csv
Essen, kreisfreie Stadt;Naherholungsflächen;Naherholungsflächen (m² je Einwohner:in);m² je Einwohner:in;2020;43.04;essen_Naherholungsflaechen.csv
Essen, kreisfreie Stadt;Naherholungsflächen;Naherholungsflächen (m² je Einwohner:in);m² je Einwohner:in;2021;43.37;essen_Naherholungsflaechen.csv
Essen, kreisfreie Stadt;Naherholungsflächen;Naherholungsflächen (m² je Einwohner:in);m² je Einwohner:in;2022;41.6;essen_Naherholungsflaechen.csv
Essen, kreisfreie Stadt;Naherholungsflächen;Naherholungsflächen (m² je Einwohner:in);m² je Einwohner:in;2023;41.31;essen_Naherholungsflaechen.csv
Essen, kreisfreie Stadt;Naturschutzflächen;Naturschutzflächen (%);%;2016;1.9;essen_Naturschutzflaechen.csv
Essen, kreisfreie Stadt;Naturschutzflächen;Naturschutzflächen (%);%;2017;1.7;essen_Naturschutzflaechen.csv
Essen, kreisfreie Stadt;Naturschutzflächen;Naturschutzflächen (%);%;2018;1.7;essen_Naturschutzflaechen.csv
Essen, kreisfreie Stadt;Naturschutzflächen;Naturschutzflächen (%);%;2019;1.7;essen_Naturschutzflaechen.csv
Essen, kreisfreie Stadt;Naturschutzflächen;Naturschutzflächen (%);%;2020;;essen_Naturschutzflaechen.csv
Essen, kreisfreie Stadt;Naturschutzflächen;Naturschutzflächen (%);%;2021;;essen_Naturschutzflaechen.csv
Essen, kreisfreie Stadt;Naturschutzflächen;Naturschutzflächen (%);%;2022;1.7;essen_Naturschutzflaechen.csv
Essen, kreisfreie Stadt;Naturschutzflächen;Naturschutzflächen (%);%;2023;;essen_Naturschutzflaechen.csv
Essen, kreisfreie Stadt;SGB II-/SGB XII-Quote;SGB II-/SGB XII-Quote (%);%;2016;20.7;essen_SGB_II_XII_Quote.csv
Essen, kreisfreie Stadt;SGB II-/SGB XII-Quote;SGB II-/SGB XII-Quote (%);%;2017;21.2;essen_SGB_II_XII_Quote.csv
Essen, kreisfreie Stadt;SGB II-/SGB XII-Quote;SGB II-/SGB XII-Quote (%);%;2018;20.8;essen_SGB_II_XII_Quote.csv
Essen, kreisfreie Stadt;SGB II-/SGB XII-Quote;SGB II-/SGB XII-Quote (%);%;2019;20.2;essen_SGB_II_XII_Quote.csv
Essen, kreisfreie Stadt;SGB II-/SGB XII-Quote;SGB II-/SGB XII-Quote (%);%;2020;20.1;essen_SGB_II_XII_Quote.csv
Essen, kreisfreie Stadt;SGB II-/SGB XII-Quote;SGB II-/SGB XII-Quote (%);%;2021;19.5;essen_SGB_II_XII_Quote.csv
Essen, kreisfreie Stadt;SGB II-/SGB XII-Quote;SGB II-/SGB XII-Quote (%);%;2022;19.2;essen_SGB_II_XII_Quote.csv
Essen, kreisfreie Stadt;SGB II-/SGB XII-Quote;SGB II-/SGB XII-Quote (%);%;2023;19.6;essen_SGB_II_XII_Quote.csv
Essen, kreisfreie Stadt;Schulabgänger:innen allgmb. Schulen ohne Hauptschulabschluss - Gesamt;Schulabgänger:innen allgmb. Schulen ohne Hauptschulabschluss - Gesamt (%);%;2016;2.7;essen_Schulabgaenger_ohne_Hauptschulabschluss.csv
Essen, kreisfreie Stadt;Schulabgänger:innen allgmb. Schulen ohne Hauptschulabschluss - Gesamt;Schulabgänger:innen allgmb. Schulen ohne Hauptschulabschluss - Gesamt (%);%;2017;4.0;essen_Schulabgaenger_ohne_Hauptschulabschluss.csv
Essen, kreisfreie Stadt;Schulabgänger:innen allgmb. Schulen ohne Hauptschulabschluss - Gesamt;Schulabgänger:innen allgmb. Schulen ohne Hauptschulabschluss - Gesamt (%);%;2018;3.7;essen_Schulabgaenger_ohne_Hauptschulabschluss.csv
Essen, kreisfreie Stadt;Schulabgänger:innen allgmb. Schulen ohne Hauptschulabschluss - Gesamt;Schulabgänger:innen allgmb. Schulen ohne Hauptschulabschluss - Gesamt (%);%;2019;3.1;essen_Schulabgaenger_ohne_Hauptschulabschluss.csv
Essen, kreisfreie Stadt;Schulabgänger:innen allgmb. Schulen ohne Hauptschulabschluss - Gesamt;Schulabgänger:innen allgmb. Schulen ohne Hauptschulabschluss - Gesamt (%);%;2020;2.8;essen_Schulabgaenger_ohne_Hauptschulabschluss.csv
Essen, kreisfreie Stadt;Schulabgänger:innen allgmb. Schulen ohne Hauptschulabschluss - Gesamt;Schulabgänger:innen allgmb. Schulen ohne Hauptschulabschluss - Gesamt (%);%;2021;2.8;essen_Schulabgaenger_ohne_Hauptschulabschluss.csv
Essen, kreisfreie Stadt;Schulabgänger:innen allgmb. Schulen ohne Hauptschulabschluss - Gesamt;Schulabgänger:innen allgmb. Schulen ohne Hauptschulabschluss - Gesamt (%);%;2022;3.5;essen_Schulabgaenger_ohne_Hauptschulabschluss.csv
Essen, kreisfreie Stadt;Schulabgänger:innen allgmb. Schulen ohne Hauptschulabschluss - Gesamt;Schulabgänger:innen allgmb. Schulen ohne Hauptschulabschluss - Gesamt (%);%;2023;3.8;essen_Schulabgaenger_ohne_Hauptschulabschluss.csv
Essen, kreisfreie Stadt;Siedlungslast im Überschwemmungsgebiet;Siedlungslast im Überschwemmungsgebiet (%);%;2016;21.6;essen_Siedlungslast_Ueberschwemmungsgebiet.csv
Essen, kreisfreie Stadt;Siedlungslast im Überschwemmungsgebiet;Siedlungslast im Überschwemmungsgebiet (%);%;2017;21.6;essen_Siedlungslast_Ueberschwemmungsgebiet.csv
Essen, kreisfreie Stadt;Siedlungslast im Überschwemmungsgebiet;Siedlungslast im Überschwemmungsgebiet (%);%;2018;21.6;essen_Siedlungslast_Ueberschwemmungsgebiet.csv
Essen, kreisfreie Stadt;Siedlungslast im Überschwemmungsgebiet;Siedlungslast im Überschwemmungsgebiet (%);%;2019;21.6;essen_Siedlungslast_Ueberschwemmungsgebiet.csv
Essen, kreisfreie Stadt;Siedlungslast im Überschwemmungsgebiet;Siedlungslast im Überschwemmungsgebiet (%);%;2020;21.6;essen_Siedlungslast_Ueberschwemmungsgebiet.csv
Essen, kreisfreie Stadt;Siedlungslast im Überschwemmungsgebiet;Siedlungslast im Überschwemmungsgebiet (%);%;2021;22.5;essen_Siedlungslast_Ueberschwemmungsgebiet.csv
Essen, kreisfreie Stadt;Siedlungslast im Überschwemmungsgebiet;Siedlungslast im Überschwemmungsgebiet (%);%;2022;22.4;essen_Siedlungslast_Ueberschwemmungsgebiet.csv
Essen, kreisfreie Stadt;Siedlungslast im Überschwemmungsgebiet;Siedlungslast im Überschwemmungsgebiet (%);%;2023;22.4;essen_Siedlungslast_Ueberschwemmungsgebiet.csv
Essen, kreisfreie Stadt;Steuereinnahmen pro Einwohner:in;Steuereinnahmen pro Einwohner:in (Euro je Einwohner:in);Euro je Einwohner:in;2016;1253.0;essen_Steuereinnahmen.csv
Essen, kreisfreie Stadt;Steuereinnahmen pro Einwohner:in;Steuereinnahmen pro Einwohner:in (Euro je Einwohner:in);Euro je Einwohner:in;2017;1349.0;essen_Steuereinnahmen.csv
Essen, kreisfreie Stadt;Steuereinnahmen pro Einwohner:in;Steuereinnahmen pro Einwohner:in (Euro je Einwohner:in);Euro je Einwohner:in;2018;1425.0;essen_Steuereinnahmen.csv
Essen, kreisfreie Stadt;Steuereinnahmen pro Einwohner:in;Steuereinnahmen pro Einwohner:in (Euro je Einwohner:in);Euro je Einwohner:in;2019;1495.0;essen_Steuereinnahmen.csv
Essen, kreisfreie Stadt;Steuereinnahmen pro Einwohner:in;Steuereinnahmen pro Einwohner:in (Euro je Einwohner:in);Euro je Einwohner:in;2020;1535.0;essen_Steuereinnahmen.csv
Essen, kreisfreie Stadt;Steuereinnahmen pro Einwohner:in;Steuereinnahmen pro Einwohner:in (Euro je Einwohner:in);Euro je Einwohner:in;2021;1540.0;essen_Steuereinnahmen.csv
Essen, kreisfreie Stadt;Steuereinnahmen pro Einwohner:in;Steuereinnahmen pro Einwohner:in (Euro je Einwohner:in);Euro je Einwohner:in;2022;1547.0;essen_Steuereinnahmen.csv
Essen, kreisfreie Stadt;Steuereinnahmen pro Einwohner:in;Steuereinnahmen pro Einwohner:in (Euro je Einwohner:in);Euro je Einwohner:in;2023;1602.0;essen_Steuereinnahmen.csv
Essen, kreisfreie Stadt;Strom aus erneuerbaren Quellen;Strom aus erneuerbaren Quellen (kW je Einwohner:in);kW je Einwohner:in;2016;;essen_Strom_aus_erneuerbaren_Quellen.csv
Essen, kreisfreie Stadt;Strom aus erneuerbaren Quellen;Strom aus erneuerbaren Quellen (kW je Einwohner:in);kW je Einwohner:in;2017;;essen_Strom_aus_erneuerbaren_Quellen.csv
Essen, kreisfreie Stadt;Strom aus erneuerbaren Quellen;Strom aus erneuerbaren Quellen (kW je Einwohner:in);kW je Einwohner:in;2018;;essen_Strom_aus_erneuerbaren_Quellen.csv
Essen, kreisfreie Stadt;Strom aus erneuerbaren Quellen;Strom aus erneuerbaren Quellen (kW je Einwohner:in);kW je Einwohner:in;2019;0.09;essen_Strom_aus_erneuerbaren_Quellen.csv
Essen, kreisfreie Stadt;Strom aus erneuerbaren Quellen;Strom aus erneuerbaren Quellen (kW je Einwohner:in);kW je Einwohner:in;2020;0.1;essen_Strom_aus_erneuerbaren_Quellen.csv
Essen, kreisfreie Stadt;Strom aus erneuerbaren Quellen;Strom aus erneuerbaren Quellen (kW je Einwohner:in);kW je Einwohner:in;2021;0.11;essen_Strom_aus_erneuerbaren_Quellen.csv
Essen, kreisfreie Stadt;Strom aus erneuerbaren Quellen;Strom aus erneuerbaren Quellen (kW je Einwohner:in);kW je Einwohner:in;2022;;essen_Strom_aus_erneuerbaren_Quellen.csv
Essen, kreisfreie Stadt;Strom aus erneuerbaren Quellen;Strom aus erneuerbaren Quellen (kW je Einwohner:in);kW je Einwohner:in;2023;0.15;essen_Strom_aus_erneuerbaren_Quellen.csv
Essen, kreisfreie Stadt;Unter 3-Jährige in Tageseinrichtungen;Unter 3-Jährige in Tageseinrichtungen (%);%;2016;14.9;essen_U3_in_Tageseinrichtungen.csv
Essen, kreisfreie Stadt;Unter 3-Jährige in Tageseinrichtungen;Unter 3-Jährige in Tageseinrichtungen (%);%;2017;14.8;essen_U3_in_Tageseinrichtungen.csv
Essen, kreisfreie Stadt;Unter 3-Jährige in Tageseinrichtungen;Unter 3-Jährige in Tageseinrichtungen (%);%;2018;14.5;essen_U3_in_Tageseinrichtungen.csv
Essen, kreisfreie Stadt;Unter 3-Jährige in Tageseinrichtungen;Unter 3-Jährige in Tageseinrichtungen (%);%;2019;14.7;essen_U3_in_Tageseinrichtungen.csv
Essen, kreisfreie Stadt;Unter 3-Jährige in Tageseinrichtungen;Unter 3-Jährige in Tageseinrichtungen (%);%;2020;;essen_U3_in_Tageseinrichtungen.csv
Essen, kreisfreie Stadt;Unter 3-Jährige in Tageseinrichtungen;Unter 3-Jährige in Tageseinrichtungen (%);%;2021;16.7;essen_U3_in_Tageseinrichtungen.csv
Essen, kreisfreie Stadt;Unter 3-Jährige in Tageseinrichtungen;Unter 3-Jährige in Tageseinrichtungen (%);%;2022;17.1;essen_U3_in_Tageseinrichtungen.csv
Essen, kreisfreie Stadt;Unter 3-Jährige in Tageseinrichtungen;Unter 3-Jährige in Tageseinrichtungen (%);%;2023;17.6;essen_U3_in_Tageseinrichtungen.csv
Essen, kreisfreie Stadt;Verhältnis der Beschäftigungsquote von Frauen und Männern;Verhältnis der Beschäftigungsquote von Frauen und Männern (%);%;2016;88.2;essen_Verhaeltnis_Beschaeftigung_Frauen_Maenner.csv
Essen, kreisfreie Stadt;Verhältnis der Beschäftigungsquote von Frauen und Männern;Verhältnis der Beschäftigungsquote von Frauen und Männern (%);%;2017;87.8;essen_Verhaeltnis_Beschaeftigung_Frauen_Maenner.csv
Essen, kreisfreie Stadt;Verhältnis der Beschäftigungsquote von Frauen und Männern;Verhältnis der Beschäftigungsquote von Frauen und Männern (%);%;2018;87.5;essen_Verhaeltnis_Beschaeftigung_Frauen_Maenner.csv
Essen, kreisfreie Stadt;Verhältnis der Beschäftigungsquote von Frauen und Männern;Verhältnis der Beschäftigungsquote von Frauen und Männern (%);%;2019;87.0;essen_Verhaeltnis_Beschaeftigung_Frauen_Maenner.csv
Essen, kreisfreie Stadt;Verhältnis der Beschäftigungsquote von Frauen und Männern;Verhältnis der Beschäftigungsquote von Frauen und Männern (%);%;2020;87.7;essen_Verhaeltnis_Beschaeftigung_Frauen_Maenner.csv
Essen, kreisfreie Stadt;Verhältnis der Beschäftigungsquote von Frauen und Männern;Verhältnis der Beschäftigungsquote von Frauen und Männern (%);%;2021;87.5;essen_Verhaeltnis_Beschaeftigung_Frauen_Maenner.csv
Essen, kreisfreie Stadt;Verhältnis der Beschäftigungsquote von Frauen und Männern;Verhältnis der Beschäftigungsquote von Frauen und Männern (%);%;2022;86.8;essen_Verhaeltnis_Beschaeftigung_Frauen_Maenner.csv
Essen, kreisfreie Stadt;Verhältnis der Beschäftigungsquote von Frauen und Männern;Verhältnis der Beschäftigungsquote von Frauen und Männern (%);%;2023;86.9;essen_Verhaeltnis_Beschaeftigung_Frauen_Maenner.csv
Essen, kreisfreie Stadt;Verunglückte im Verkehr;Verunglückte im Verkehr (Verunglückte je 1.000 Einwohner:innen);Verunglückte je 1.000 Einwohner:innen;2016;3.9;essen_Verunglueckte_im_Verkehr.csv
Essen, kreisfreie Stadt;Verunglückte im Verkehr;Verunglückte im Verkehr (Verunglückte je 1.000 Einwohner:innen);Verunglückte je 1.000 Einwohner:innen;2017;3.9;essen_Verunglueckte_im_Verkehr.csv
Essen, kreisfreie Stadt;Verunglückte im Verkehr;Verunglückte im Verkehr (Verunglückte je 1.000 Einwohner:innen);Verunglückte je 1.000 Einwohner:innen;2018;4.0;essen_Verunglueckte_im_Verkehr.csv
Essen, kreisfreie Stadt;Verunglückte im Verkehr;Verunglückte im Verkehr (Verunglückte je 1.000 Einwohner:innen);Verunglückte je 1.000 Einwohner:innen;2019;4.1;essen_Verunglueckte_im_Verkehr.csv
Essen, kreisfreie Stadt;Verunglückte im Verkehr;Verunglückte im Verkehr (Verunglückte je 1.000 Einwohner:innen);Verunglückte je 1.000 Einwohner:innen;2020;3.4;essen_Verunglueckte_im_Verkehr.csv
Essen, kreisfreie Stadt;Verunglückte im Verkehr;Verunglückte im Verkehr (Verunglückte je 1.000 Einwohner:innen);Verunglückte je 1.000 Einwohner:innen;2021;3.4;essen_Verunglueckte_im_Verkehr.csv
Essen, kreisfreie Stadt;Verunglückte im Verkehr;Verunglückte im Verkehr (Verunglückte je 1.000 Einwohner:innen);Verunglückte je 1.000 Einwohner:innen;2022;3.9;essen_Verunglueckte_im_Verkehr.csv
Essen, kreisfreie Stadt;Verunglückte im Verkehr;Verunglückte im Verkehr (Verunglückte je 1.000 Einwohner:innen);Verunglückte je 1.000 Einwohner:innen;2023;4.0;essen_Verunglueckte_im_Verkehr.csv
Essen, kreisfreie Stadt;Vorzeitige Sterblichkeit - Gesamt;Vorzeitige Sterblichkeit - Gesamt (Todesfälle je 1.000 Einwohner:innen);Todesfälle je 1.000 Einwohner:innen;2016;3.0;essen_Vorzeitige_Sterblichkeit.csv
Essen, kreisfreie Stadt;Vorzeitige Sterblichkeit - Gesamt;Vorzeitige Sterblichkeit - Gesamt (Todesfälle je 1.000 Einwohner:innen);Todesfälle je 1.000 Einwohner:innen;2017;3.0;essen_Vorzeitige_Sterblichkeit.csv
Essen, kreisfreie Stadt;Vorzeitige Sterblichkeit - Gesamt;Vorzeitige Sterblichkeit - Gesamt (Todesfälle je 1.000 Einwohner:innen);Todesfälle je 1.000 Einwohner:innen;2018;;essen_Vorzeitige_Sterblichkeit.csv
Essen, kreisfreie Stadt;Vorzeitige Sterblichkeit - Gesamt;Vorzeitige Sterblichkeit - Gesamt (Todesfälle je 1.000 Einwohner:innen);Todesfälle je 1.000 Einwohner:innen;2019;2.7;essen_Vorzeitige_Sterblichkeit.csv
Essen, kreisfreie Stadt;Vorzeitige Sterblichkeit - Gesamt;Vorzeitige Sterblichkeit - Gesamt (Todesfälle je 1.000 Einwohner:innen);Todesfälle je 1.000 Einwohner:innen;2020;2.8;essen_Vorzeitige_Sterblichkeit.csv
Essen, kreisfreie Stadt;Vorzeitige Sterblichkeit - Gesamt;Vorzeitige Sterblichkeit - Gesamt (Todesfälle je 1.000 Einwohner:innen);Todesfälle je 1.000 Einwohner:innen;2021;3.0;essen_Vorzeitige_Sterblichkeit.csv
Essen, kreisfreie Stadt;Vorzeitige Sterblichkeit - Gesamt;Vorzeitige Sterblichkeit - Gesamt (Todesfälle je 1.000 Einwohner:innen);Todesfälle je 1.000 Einwohner:innen;2022;3.1;essen_Vorzeitige_Sterblichkeit.csv
Essen, kreisfreie Stadt;Vorzeitige Sterblichkeit - Gesamt;Vorzeitige Sterblichkeit - Gesamt (Todesfälle je 1.000 Einwohner:innen);Todesfälle je 1.000 Einwohner:innen;2023;3.0;essen_Vorzeitige_Sterblichkeit.csv
Essen, kreisfreie Stadt;Wohnfläche pro Person;Wohnfläche pro Person (m²);m²;2016;40.1;essen_Wohnflaeche.csv
Essen, kreisfreie Stadt;Wohnfläche pro Person;Wohnfläche pro Person (m²);m²;2017;40.1;essen_Wohnflaeche.csv
Essen, kreisfreie Stadt;Wohnfläche pro Person;Wohnfläche pro Person (m²);m²;2018;40.5;essen_Wohnflaeche.csv
Essen, kreisfreie Stadt;Wohnfläche pro Person;Wohnfläche pro Person (m²);m²;2019;40.5;essen_Wohnflaeche.csv
Essen, kreisfreie Stadt;Wohnfläche pro Person;Wohnfläche pro Person (m²);m²;2020;40.6;essen_Wohnflaeche.csv
Essen, kreisfreie Stadt;Wohnfläche pro Person;Wohnfläche pro Person (m²);m²;2021;41.0;essen_Wohnflaeche.csv
Essen, kreisfreie Stadt;Wohnfläche pro Person;Wohnfläche pro Person (m²);m²;2022;40.8;essen_Wohnflaeche.csv
Essen, kreisfreie Stadt;Wohnfläche pro Person;Wohnfläche pro Person (m²);m²;2023;40.9;essen_Wohnflaeche.csv
Essen, kreisfreie Stadt;Wohnungsnahe Grundversorgung - Apotheke;Wohnungsnahe Grundversorgung - Apotheke (Meter);Meter;2016;;essen_Wohnungsnahe_Apotheke.csv
Essen, kreisfreie Stadt;Wohnungsnahe Grundversorgung - Apotheke;Wohnungsnahe Grundversorgung - Apotheke (Meter);Meter;2017;;essen_Wohnungsnahe_Apotheke.csv
Essen, kreisfreie Stadt;Wohnungsnahe Grundversorgung - Apotheke;Wohnungsnahe Grundversorgung - Apotheke (Meter);Meter;2018;;essen_Wohnungsnahe_Apotheke.csv
Essen, kreisfreie Stadt;Wohnungsnahe Grundversorgung - Apotheke;Wohnungsnahe Grundversorgung - Apotheke (Meter);Meter;2019;;essen_Wohnungsnahe_Apotheke.csv
Essen, kreisfreie Stadt;Wohnungsnahe Grundversorgung - Apotheke;Wohnungsnahe Grundversorgung - Apotheke (Meter);Meter;2020;;essen_Wohnungsnahe_Apotheke.csv
Essen, kreisfreie Stadt;Wohnungsnahe Grundversorgung - Apotheke;Wohnungsnahe Grundversorgung - Apotheke (Meter);Meter;2021;523.0;essen_Wohnungsnahe_Apotheke.csv
Essen, kreisfreie Stadt;Wohnungsnahe Grundversorgung - Apotheke;Wohnungsnahe Grundversorgung - Apotheke (Meter);Meter;2022;;essen_Wohnungsnahe_Apotheke.csv
Essen, kreisfreie Stadt;Wohnungsnahe Grundversorgung - Apotheke;Wohnungsnahe Grundversorgung - Apotheke (Meter);Meter;2023;;essen_Wohnungsnahe_Apotheke.csv
Essen, kreisfreie Stadt;Wohnungsnahe Grundversorgung - Grundschule;Wohnungsnahe Grundversorgung - Grundschule (Meter);Meter;2016;;essen_Wohnungsnahe_Grundschule.csv
Essen, kreisfreie Stadt;Wohnungsnahe Grundversorgung - Grundschule;Wohnungsnahe Grundversorgung - Grundschule (Meter);Meter;2017;;essen_Wohnungsnahe_Grundschule.csv
Essen, kreisfreie Stadt;Wohnungsnahe Grundversorgung - Grundschule;Wohnungsnahe Grundversorgung - Grundschule (Meter);Meter;2018;529.0;essen_Wohnungsnahe_Grundschule.csv
Essen, kreisfreie Stadt;Wohnungsnahe Grundversorgung - Grundschule;Wohnungsnahe Grundversorgung - Grundschule (Meter);Meter;2019;;essen_Wohnungsnahe_Grundschule.csv
Essen, kreisfreie Stadt;Wohnungsnahe Grundversorgung - Grundschule;Wohnungsnahe Grundversorgung - Grundschule (Meter);Meter;2020;;essen_Wohnungsnahe_Grundschule.csv
Essen, kreisfreie Stadt;Wohnungsnahe Grundversorgung - Grundschule;Wohnungsnahe Grundversorgung - Grundschule (Meter);Meter;2021;531.0;essen_Wohnungsnahe_Grundschule.csv
Essen, kreisfreie Stadt;Wohnungsnahe Grundversorgung - Grundschule;Wohnungsnahe Grundversorgung - Grundschule (Meter);Meter;2022;;essen_Wohnungsnahe_Grundschule.csv
Essen, kreisfreie Stadt;Wohnungsnahe Grundversorgung - Grundschule;Wohnungsnahe Grundversorgung - Grundschule (Meter);Meter;2023;;essen_Wohnungsnahe_Grundschule.csv
Essen, kreisfreie Stadt;Wohnungsnahe Grundversorgung - Hausarzt;Wohnungsnahe Grundversorgung - Hausarzt (Meter);Meter;2016;;essen_Wohnungsnaher_Hausarzt.csv
Essen, kreisfreie Stadt;Wohnungsnahe Grundversorgung - Hausarzt;Wohnungsnahe Grundversorgung - Hausarzt (Meter);Meter;2017;;essen_Wohnungsnaher_Hausarzt.csv
Essen, kreisfreie Stadt;Wohnungsnahe Grundversorgung - Hausarzt;Wohnungsnahe Grundversorgung - Hausarzt (Meter);Meter;2018;;essen_Wohnungsnaher_Hausarzt.csv
Essen, kreisfreie Stadt;Wohnungsnahe Grundversorgung - Hausarzt;Wohnungsnahe Grundversorgung - Hausarzt (Meter);Meter;2019;;essen_Wohnungsnaher_Hausarzt.csv
Essen, kreisfreie Stadt;Wohnungsnahe Grundversorgung - Hausarzt;Wohnungsnahe Grundversorgung - Hausarzt (Meter);Meter;2020;;essen_Wohnungsnaher_Hausarzt.csv
Essen, kreisfreie Stadt;Wohnungsnahe Grundversorgung - Hausarzt;Wohnungsnahe Grundversorgung - Hausarzt (Meter);Meter;2021;425.0;essen_Wohnungsnaher_Hausarzt.csv
Essen, kreisfreie Stadt;Wohnungsnahe Grundversorgung - Hausarzt;Wohnungsnahe Grundversorgung - Hausarzt (Meter);Meter;2022;;essen_Wohnungsnaher_Hausarzt.csv
Essen, kreisfreie Stadt;Wohnungsnahe Grundversorgung - Hausarzt;Wohnungsnahe Grundversorgung - Hausarzt (Meter);Meter;2023;;essen_Wohnungsnaher_Hausarzt.csv
Essen, kreisfreie Stadt;Wohnungsnahe Grundversorgung - Supermarkt;Wohnungsnahe Grundversorgung - Supermarkt (Meter);Meter;2016;;essen_Wohnungsnaher_Supermarkt.csv
Essen, kreisfreie Stadt;Wohnungsnahe Grundversorgung - Supermarkt;Wohnungsnahe Grundversorgung - Supermarkt (Meter);Meter;2017;;essen_Wohnungsnaher_Supermarkt.csv
Essen, kreisfreie Stadt;Wohnungsnahe Grundversorgung - Supermarkt;Wohnungsnahe Grundversorgung - Supermarkt (Meter);Meter;2018;;essen_Wohnungsnaher_Supermarkt.csv
Essen, kreisfreie Stadt;Wohnungsnahe Grundversorgung - Supermarkt;Wohnungsnahe Grundversorgung - Supermarkt (Meter);Meter;2019;;essen_Wohnungsnaher_Supermarkt.csv
Essen, kreisfreie Stadt;Wohnungsnahe Grundversorgung - Supermarkt;Wohnungsnahe Grundversorgung - Supermarkt (Meter);Meter;2020;;essen_Wohnungsnaher_Supermarkt.csv
Essen, kreisfreie Stadt;Wohnungsnahe Grundversorgung - Supermarkt;Wohnungsnahe Grundversorgung - Supermarkt (Meter);Meter;2021;477.0;essen_Wohnungsnaher_Supermarkt.csv
Essen, kreisfreie Stadt;Wohnungsnahe Grundversorgung - Supermarkt;Wohnungsnahe Grundversorgung - Supermarkt (Meter);Meter;2022;;essen_Wohnungsnaher_Supermarkt.csv
Essen, kreisfreie Stadt;Wohnungsnahe Grundversorgung - Supermarkt;Wohnungsnahe Grundversorgung - Supermarkt (Meter);Meter;2023;;essen_Wohnungsnaher_Supermarkt.csv
Hagen, kreisfreie Stadt;Abwasserbehandlung;Abwasserbehandlung (%);%;2016;;hagen_Abwasserbehandlung.csv
Hagen, kreisfreie Stadt;Abwasserbehandlung;Abwasserbehandlung (%);%;2017;;hagen_Abwasserbehandlung.csv
Hagen, kreisfreie Stadt;Abwasserbehandlung;Abwasserbehandlung (%);%;2018;;hagen_Abwasserbehandlung.csv
Hagen, kreisfreie Stadt;Abwasserbehandlung;Abwasserbehandlung (%);%;2019;100.0;hagen_Abwasserbehandlung.csv
Hagen, kreisfreie Stadt;Abwasserbehandlung;Abwasserbehandlung (%);%;2020;100.0;hagen_Abwasserbehandlung.csv
Hagen, kreisfreie Stadt;Abwasserbehandlung;Abwasserbehandlung (%);%;2021;100.0;hagen_Abwasserbehandlung.csv
Hagen, kreisfreie Stadt;Abwasserbehandlung;Abwasserbehandlung (%);%;2022;100.0;hagen_Abwasserbehandlung.csv
Hagen, kreisfreie Stadt;Abwasserbehandlung;Abwasserbehandlung (%);%;2023;100.0;hagen_Abwasserbehandlung.csv
Hagen, kreisfreie Stadt;Beschäftigungsquote;Beschäftigungsquote (%);%;2016;54.2;hagen_Beschaeftigungsquote.csv
Hagen, kreisfreie Stadt;Beschäftigungsquote;Beschäftigungsquote (%);%;2017;55.6;hagen_Beschaeftigungsquote.csv
Hagen, kreisfreie Stadt;Beschäftigungsquote;Beschäftigungsquote (%);%;2018;56.5;hagen_Beschaeftigungsquote.csv
Hagen, kreisfreie Stadt;Beschäftigungsquote;Beschäftigungsquote (%);%;2019;57.6;hagen_Beschaeftigungsquote.csv
Hagen, kreisfreie Stadt;Beschäftigungsquote;Beschäftigungsquote (%);%;2020;57.2;hagen_Beschaeftigungsquote.csv
Hagen, kreisfreie Stadt;Beschäftigungsquote;Beschäftigungsquote (%);%;2021;58.5;hagen_Beschaeftigungsquote.csv
Hagen, kreisfreie Stadt;Beschäftigungsquote;Beschäftigungsquote (%);%;2022;59.1;hagen_Beschaeftigungsquote.csv
Hagen, kreisfreie Stadt;Beschäftigungsquote;Beschäftigungsquote (%);%;2023;59.2;hagen_Beschaeftigungsquote.csv
Hagen, kreisfreie Stadt;Breitbandversorgung - Private Haushalte;Breitbandversorgung - Private Haushalte (%);%;2016;;hagen_Breitbandversorgung_Haushalte.csv
Hagen, kreisfreie Stadt;Breitbandversorgung - Private Haushalte;Breitbandversorgung - Private Haushalte (%);%;2017;84.7;hagen_Breitbandversorgung_Haushalte.csv
Hagen, kreisfreie Stadt;Breitbandversorgung - Private Haushalte;Breitbandversorgung - Private Haushalte (%);%;2018;;hagen_Breitbandversorgung_Haushalte.csv
Hagen, kreisfreie Stadt;Breitbandversorgung - Private Haushalte;Breitbandversorgung - Private Haushalte (%);%;2019;;hagen_Breitbandversorgung_Haushalte.csv
Hagen, kreisfreie Stadt;Breitbandversorgung - Private Haushalte;Breitbandversorgung - Private Haushalte (%);%;2020;98.0;hagen_Breitbandversorgung_Haushalte.csv
Hagen, kreisfreie Stadt;Breitbandversorgung - Private Haushalte;Breitbandversorgung - Private Haushalte (%);%;2021;98.2;hagen_Breitbandversorgung_Haushalte.csv
Hagen, kreisfreie Stadt;Breitbandversorgung - Private Haushalte;Breitbandversorgung - Private Haushalte (%);%;2022;97.9;hagen_Breitbandversorgung_Haushalte.csv
Hagen, kreisfreie Stadt;Breitbandversorgung - Private Haushalte;Breitbandversorgung - Private Haushalte (%);%;2023;;hagen_Breitbandversorgung_Haushalte.csv
Hagen, kreisfreie Stadt;Eingebürgerte im Jahr;Eingebürgerte im Jahr (%);%;2016;1.4;hagen_Einbuergerungen.csv
Hagen, kreisfreie Stadt;Eingebürgerte im Jahr;Eingebürgerte im Jahr (%);%;2017;1.2;hagen_Einbuergerungen.csv
Hagen, kreisfreie Stadt;Eingebürgerte im Jahr;Eingebürgerte im Jahr (%);%;2018;1.0;hagen_Einbuergerungen.csv
Hagen, kreisfreie Stadt;Eingebürgerte im Jahr;Eingebürgerte im Jahr (%);%;2019;1.0;hagen_Einbuergerungen.csv
Hagen, kreisfreie Stadt;Eingebürgerte im Jahr;Eingebürgerte im Jahr (%);%;2020;0.7;hagen_Einbuergerungen.csv
Hagen, kreisfreie Stadt;Eingebürgerte im Jahr;Eingebürgerte im Jahr (%);%;2021;1.1;hagen_Einbuergerungen.csv
Hagen, kreisfreie Stadt;Eingebürgerte im Jahr;Eingebürgerte im Jahr (%);%;2022;2.2;hagen_Einbuergerungen.csv
Hagen, kreisfreie Stadt;Eingebürgerte im Jahr;Eingebürgerte im Jahr (%);%;2023;2.5;hagen_Einbuergerungen.csv
Hagen, kreisfreie Stadt;Erwerbstätige Aufstocker:innen - Gesamt;Erwerbstätige Aufstocker:innen - Gesamt (%);%;2016;24.1;hagen_Erwerbstaetige_Aufstockende.csv
Hagen, kreisfreie Stadt;Erwerbstätige Aufstocker:innen - Gesamt;Erwerbstätige Aufstocker:innen - Gesamt (%);%;2017;24.1;hagen_Erwerbstaetige_Aufstockende.csv
Hagen, kreisfreie Stadt;Erwerbstätige Aufstocker:innen - Gesamt;Erwerbstätige Aufstocker:innen - Gesamt (%);%;2018;23.6;hagen_Erwerbstaetige_Aufstockende.csv
Hagen, kreisfreie Stadt;Erwerbstätige Aufstocker:innen - Gesamt;Erwerbstätige Aufstocker:innen - Gesamt (%);%;2019;23.3;hagen_Erwerbstaetige_Aufstockende.csv
Hagen, kreisfreie Stadt;Erwerbstätige Aufstocker:innen - Gesamt;Erwerbstätige Aufstocker:innen - Gesamt (%);%;2020;21.8;hagen_Erwerbstaetige_Aufstockende.csv
Hagen, kreisfreie Stadt;Erwerbstätige Aufstocker:innen - Gesamt;Erwerbstätige Aufstocker:innen - Gesamt (%);%;2021;21.4;hagen_Erwerbstaetige_Aufstockende.csv
Hagen, kreisfreie Stadt;Erwerbstätige Aufstocker:innen - Gesamt;Erwerbstätige Aufstocker:innen - Gesamt (%);%;2022;19.0;hagen_Erwerbstaetige_Aufstockende.csv
Hagen, kreisfreie Stadt;Erwerbstätige Aufstocker:innen - Gesamt;Erwerbstätige Aufstocker:innen - Gesamt (%);%;2023;19.2;hagen_Erwerbstaetige_Aufstockende.csv
Hagen, kreisfreie Stadt;Fertiggestellte Wohngebäude mit erneuerbarer Energie;Fertiggestellte Wohngebäude mit erneuerbarer Energie (%);%;2016;47.0;hagen_Wohngebaeude_erneuerbare_Heizenergie.csv
Hagen, kreisfreie Stadt;Fertiggestellte Wohngebäude mit erneuerbarer Energie;Fertiggestellte Wohngebäude mit erneuerbarer Energie (%);%;2017;67.7;hagen_Wohngebaeude_erneuerbare_Heizenergie.csv
Hagen, kreisfreie Stadt;Fertiggestellte Wohngebäude mit erneuerbarer Energie;Fertiggestellte Wohngebäude mit erneuerbarer Energie (%);%;2018;65.0;hagen_Wohngebaeude_erneuerbare_Heizenergie.csv
Hagen, kreisfreie Stadt;Fertiggestellte Wohngebäude mit erneuerbarer Energie;Fertiggestellte Wohngebäude mit erneuerbarer Energie (%);%;2019;53.1;hagen_Wohngebaeude_erneuerbare_Heizenergie.csv
Hagen, kreisfreie Stadt;Fertiggestellte Wohngebäude mit erneuerbarer Energie;Fertiggestellte Wohngebäude mit erneuerbarer Energie (%);%;2020;39.6;hagen_Wohngebaeude_erneuerbare_Heizenergie.csv
Hagen, kreisfreie Stadt;Fertiggestellte Wohngebäude mit erneuerbarer Energie;Fertiggestellte Wohngebäude mit erneuerbarer Energie (%);%;2021;83.8;hagen_Wohngebaeude_erneuerbare_Heizenergie.csv
Hagen, kreisfreie Stadt;Fertiggestellte Wohngebäude mit erneuerbarer Energie;Fertiggestellte Wohngebäude mit erneuerbarer Energie (%);%;2022;64.1;hagen_Wohngebaeude_erneuerbare_Heizenergie.csv
Hagen, kreisfreie Stadt;Fertiggestellte Wohngebäude mit erneuerbarer Energie;Fertiggestellte Wohngebäude mit erneuerbarer Energie (%);%;2023;84.0;hagen_Wohngebaeude_erneuerbare_Heizenergie.csv
Hagen, kreisfreie Stadt;Finanzmittelsaldo;Finanzmittelsaldo (Euro je Einwohner:in);Euro je Einwohner:in;2016;-144.0;hagen_Finanzmittelsaldo.csv
Hagen, kreisfreie Stadt;Finanzmittelsaldo;Finanzmittelsaldo (Euro je Einwohner:in);Euro je Einwohner:in;2017;472.0;hagen_Finanzmittelsaldo.csv
Hagen, kreisfreie Stadt;Finanzmittelsaldo;Finanzmittelsaldo (Euro je Einwohner:in);Euro je Einwohner:in;2018;282.0;hagen_Finanzmittelsaldo.csv
Hagen, kreisfreie Stadt;Finanzmittelsaldo;Finanzmittelsaldo (Euro je Einwohner:in);Euro je Einwohner:in;2019;234.0;hagen_Finanzmittelsaldo.csv
Hagen, kreisfreie Stadt;Finanzmittelsaldo;Finanzmittelsaldo (Euro je Einwohner:in);Euro je Einwohner:in;2020;164.0;hagen_Finanzmittelsaldo.csv
Hagen, kreisfreie Stadt;Finanzmittelsaldo;Finanzmittelsaldo (Euro je Einwohner:in);Euro je Einwohner:in;2021;156.0;hagen_Finanzmittelsaldo.csv
Hagen, kreisfreie Stadt;Finanzmittelsaldo;Finanzmittelsaldo (Euro je Einwohner:in);Euro je Einwohner:in;2022;288.0;hagen_Finanzmittelsaldo.csv
Hagen, kreisfreie Stadt;Finanzmittelsaldo;Finanzmittelsaldo (Euro je Einwohner:in);Euro je Einwohner:in;2023;134.0;hagen_Finanzmittelsaldo.csv
Hagen, kreisfreie Stadt;Flächeninanspruchnahme;Flächeninanspruchnahme (%);%;2016;36.1;hagen_Flaecheninanspruchnahme.csv
Hagen, kreisfreie Stadt;Flächeninanspruchnahme;Flächeninanspruchnahme (%);%;2017;36.0;hagen_Flaecheninanspruchnahme.csv
Hagen, kreisfreie Stadt;Flächeninanspruchnahme;Flächeninanspruchnahme (%);%;2018;35.8;hagen_Flaecheninanspruchnahme.csv
Hagen, kreisfreie Stadt;Flächeninanspruchnahme;Flächeninanspruchnahme (%);%;2019;36.2;hagen_Flaecheninanspruchnahme.csv
Hagen, kreisfreie Stadt;Flächeninanspruchnahme;Flächeninanspruchnahme (%);%;2020;36.6;hagen_Flaecheninanspruchnahme.csv
Hagen, kreisfreie Stadt;Flächeninanspruchnahme;Flächeninanspruchnahme (%);%;2021;36.6;hagen_Flaecheninanspruchnahme.csv
Hagen, kreisfreie Stadt;Flächeninanspruchnahme;Flächeninanspruchnahme (%);%;2022;36.6;hagen_Flaecheninanspruchnahme.csv
Hagen, kreisfreie Stadt;Flächeninanspruchnahme;Flächeninanspruchnahme (%);%;2023;36.6;hagen_Flaecheninanspruchnahme.csv
Hagen, kreisfreie Stadt;Flächennutzungsintensität;Flächennutzungsintensität (qm/Einwohner:in);qm/Einwohner:in;2016;308.0;hagen_Flaechennutzungsintensitaet.csv
Hagen, kreisfreie Stadt;Flächennutzungsintensität;Flächennutzungsintensität (qm/Einwohner:in);qm/Einwohner:in;2017;307.4;hagen_Flaechennutzungsintensitaet.csv
Hagen, kreisfreie Stadt;Flächennutzungsintensität;Flächennutzungsintensität (qm/Einwohner:in);qm/Einwohner:in;2018;303.8;hagen_Flaechennutzungsintensitaet.csv
Hagen, kreisfreie Stadt;Flächennutzungsintensität;Flächennutzungsintensität (qm/Einwohner:in);qm/Einwohner:in;2019;308.1;hagen_Flaechennutzungsintensitaet.csv
Hagen, kreisfreie Stadt;Flächennutzungsintensität;Flächennutzungsintensität (qm/Einwohner:in);qm/Einwohner:in;2020;310.8;hagen_Flaechennutzungsintensitaet.csv
Hagen, kreisfreie Stadt;Flächennutzungsintensität;Flächennutzungsintensität (qm/Einwohner:in);qm/Einwohner:in;2021;310.9;hagen_Flaechennutzungsintensitaet.csv
Hagen, kreisfreie Stadt;Flächennutzungsintensität;Flächennutzungsintensität (qm/Einwohner:in);qm/Einwohner:in;2022;309.1;hagen_Flaechennutzungsintensitaet.csv
Hagen, kreisfreie Stadt;Flächennutzungsintensität;Flächennutzungsintensität (qm/Einwohner:in);qm/Einwohner:in;2023;308.6;hagen_Flaechennutzungsintensitaet.csv
Hagen, kreisfreie Stadt;Hochqualifizierte am Arbeitsort;Hochqualifizierte am Arbeitsort (%);%;2016;11.1;hagen_Hochqualifizierte_am_Arbeitsort.csv
Hagen, kreisfreie Stadt;Hochqualifizierte am Arbeitsort;Hochqualifizierte am Arbeitsort (%);%;2017;11.3;hagen_Hochqualifizierte_am_Arbeitsort.csv
Hagen, kreisfreie Stadt;Hochqualifizierte am Arbeitsort;Hochqualifizierte am Arbeitsort (%);%;2018;11.6;hagen_Hochqualifizierte_am_Arbeitsort.csv
Hagen, kreisfreie Stadt;Hochqualifizierte am Arbeitsort;Hochqualifizierte am Arbeitsort (%);%;2019;12.0;hagen_Hochqualifizierte_am_Arbeitsort.csv
Hagen, kreisfreie Stadt;Hochqualifizierte am Arbeitsort;Hochqualifizierte am Arbeitsort (%);%;2020;12.5;hagen_Hochqualifizierte_am_Arbeitsort.csv
Hagen, kreisfreie Stadt;Hochqualifizierte am Arbeitsort;Hochqualifizierte am Arbeitsort (%);%;2021;12.8;hagen_Hochqualifizierte_am_Arbeitsort.csv
Hagen, kreisfreie Stadt;Hochqualifizierte am Arbeitsort;Hochqualifizierte am Arbeitsort (%);%;2022;13.3;hagen_Hochqualifizierte_am_Arbeitsort.csv
Hagen, kreisfreie Stadt;Hochqualifizierte am Arbeitsort;Hochqualifizierte am Arbeitsort (%);%;2023;13.7;hagen_Hochqualifizierte_am_Arbeitsort.csv
Hagen, kreisfreie Stadt;Jugendarmut;Jugendarmut (%);%;2016;22.5;hagen_Jugendarmut.csv
Hagen, kreisfreie Stadt;Jugendarmut;Jugendarmut (%);%;2017;22.5;hagen_Jugendarmut.csv
Hagen, kreisfreie Stadt;Jugendarmut;Jugendarmut (%);%;2018;23.3;hagen_Jugendarmut.csv
Hagen, kreisfreie Stadt;Jugendarmut;Jugendarmut (%);%;2019;23.5;hagen_Jugendarmut.csv
Hagen, kreisfreie Stadt;Jugendarmut;Jugendarmut (%);%;2020;24.9;hagen_Jugendarmut.csv
Hagen, kreisfreie Stadt;Jugendarmut;Jugendarmut (%);%;2021;25.6;hagen_Jugendarmut.csv
Hagen, kreisfreie Stadt;Jugendarmut;Jugendarmut (%);%;2022;26.9;hagen_Jugendarmut.csv
Hagen, kreisfreie Stadt;Jugendarmut;Jugendarmut (%);%;2023;26.1;hagen_Jugendarmut.csv
Hagen, kreisfreie Stadt;Kinderarmut;Kinderarmut (%);%;2016;30.0;hagen_Kinderarmut.csv
Hagen, kreisfreie Stadt;Kinderarmut;Kinderarmut (%);%;2017;29.8;hagen_Kinderarmut.csv
Hagen, kreisfreie Stadt;Kinderarmut;Kinderarmut (%);%;2018;30.5;hagen_Kinderarmut.csv
Hagen, kreisfreie Stadt;Kinderarmut;Kinderarmut (%);%;2019;30.4;hagen_Kinderarmut.csv
Hagen, kreisfreie Stadt;Kinderarmut;Kinderarmut (%);%;2020;31.2;hagen_Kinderarmut.csv
Hagen, kreisfreie Stadt;Kinderarmut;Kinderarmut (%);%;2021;30.4;hagen_Kinderarmut.csv
Hagen, kreisfreie Stadt;Kinderarmut;Kinderarmut (%);%;2022;29.8;hagen_Kinderarmut.csv
Hagen, kreisfreie Stadt;Kinderarmut;Kinderarmut (%);%;2023;29.3;hagen_Kinderarmut.csv
Hagen, kreisfreie Stadt;Ladesäuleninfrastruktur;Ladesäuleninfrastruktur (Ladepunkte je 1.000 Einwohner:innen);Ladepunkte je 1.000 Einwohner:innen;2016;0.02;hagen_Ladesaeuleninfrastruktur.csv
Hagen, kreisfreie Stadt;Ladesäuleninfrastruktur;Ladesäuleninfrastruktur (Ladepunkte je 1.000 Einwohner:innen);Ladepunkte je 1.000 Einwohner:innen;2017;0.02;hagen_Ladesaeuleninfrastruktur.csv
Hagen, kreisfreie Stadt;Ladesäuleninfrastruktur;Ladesäuleninfrastruktur (Ladepunkte je 1.000 Einwohner:innen);Ladepunkte je 1.000 Einwohner:innen;2018;0.13;hagen_Ladesaeuleninfrastruktur.csv
Hagen, kreisfreie Stadt;Ladesäuleninfrastruktur;Ladesäuleninfrastruktur (Ladepunkte je 1.000 Einwohner:innen);Ladepunkte je 1.000 Einwohner:innen;2019;0.28;hagen_Ladesaeuleninfrastruktur.csv
Hagen, kreisfreie Stadt;Ladesäuleninfrastruktur;Ladesäuleninfrastruktur (Ladepunkte je 1.000 Einwohner:innen);Ladepunkte je 1.000 Einwohner:innen;2020;0.34;hagen_Ladesaeuleninfrastruktur.csv
Hagen, kreisfreie Stadt;Ladesäuleninfrastruktur;Ladesäuleninfrastruktur (Ladepunkte je 1.000 Einwohner:innen);Ladepunkte je 1.000 Einwohner:innen;2021;0.43;hagen_Ladesaeuleninfrastruktur.csv
Hagen, kreisfreie Stadt;Ladesäuleninfrastruktur;Ladesäuleninfrastruktur (Ladepunkte je 1.000 Einwohner:innen);Ladepunkte je 1.000 Einwohner:innen;2022;0.59;hagen_Ladesaeuleninfrastruktur.csv
Hagen, kreisfreie Stadt;Ladesäuleninfrastruktur;Ladesäuleninfrastruktur (Ladepunkte je 1.000 Einwohner:innen);Ladepunkte je 1.000 Einwohner:innen;2023;0.88;hagen_Ladesaeuleninfrastruktur.csv
Hagen, kreisfreie Stadt;Landschaftsqualität;Landschaftsqualität (Hemerobiewert);Hemerobiewert;2016;;hagen_Landschaftsqualitaet.csv
Hagen, kreisfreie Stadt;Landschaftsqualität;Landschaftsqualität (Hemerobiewert);Hemerobiewert;2017;;hagen_Landschaftsqualitaet.csv
Hagen, kreisfreie Stadt;Landschaftsqualität;Landschaftsqualität (Hemerobiewert);Hemerobiewert;2018;4.2;hagen_Landschaftsqualitaet.csv
Hagen, kreisfreie Stadt;Landschaftsqualität;Landschaftsqualität (Hemerobiewert);Hemerobiewert;2019;;hagen_Landschaftsqualitaet.csv
Hagen, kreisfreie Stadt;Landschaftsqualität;Landschaftsqualität (Hemerobiewert);Hemerobiewert;2020;4.2;hagen_Landschaftsqualitaet.csv
Hagen, kreisfreie Stadt;Landschaftsqualität;Landschaftsqualität (Hemerobiewert);Hemerobiewert;2021;4.2;hagen_Landschaftsqualitaet.csv
Hagen, kreisfreie Stadt;Landschaftsqualität;Landschaftsqualität (Hemerobiewert);Hemerobiewert;2022;;hagen_Landschaftsqualitaet.csv
Hagen, kreisfreie Stadt;Landschaftsqualität;Landschaftsqualität (Hemerobiewert);Hemerobiewert;2023;;hagen_Landschaftsqualitaet.csv
Hagen, kreisfreie Stadt;Langzeitarbeitslosenquote;Langzeitarbeitslosenquote (%);%;2016;6.2;hagen_Langzeitarbeitslosenquote.csv
Hagen, kreisfreie Stadt;Langzeitarbeitslosenquote;Langzeitarbeitslosenquote (%);%;2017;6.0;hagen_Langzeitarbeitslosenquote.csv
Hagen, kreisfreie Stadt;Langzeitarbeitslosenquote;Langzeitarbeitslosenquote (%);%;2018;5.5;hagen_Langzeitarbeitslosenquote.csv
Hagen, kreisfreie Stadt;Langzeitarbeitslosenquote;Langzeitarbeitslosenquote (%);%;2019;5.3;hagen_Langzeitarbeitslosenquote.csv
Hagen, kreisfreie Stadt;Langzeitarbeitslosenquote;Langzeitarbeitslosenquote (%);%;2020;6.1;hagen_Langzeitarbeitslosenquote.csv
Hagen, kreisfreie Stadt;Langzeitarbeitslosenquote;Langzeitarbeitslosenquote (%);%;2021;7.2;hagen_Langzeitarbeitslosenquote.csv
Hagen, kreisfreie Stadt;Langzeitarbeitslosenquote;Langzeitarbeitslosenquote (%);%;2022;7.0;hagen_Langzeitarbeitslosenquote.csv
Hagen, kreisfreie Stadt;Langzeitarbeitslosenquote;Langzeitarbeitslosenquote (%);%;2023;6.5;hagen_Langzeitarbeitslosenquote.csv
Hagen, kreisfreie Stadt;Liquiditätskredite;Liquiditätskredite (Euro je Einwohner:in);Euro je Einwohner:in;2016;6164.0;hagen_Liquiditaetskredite.csv
Hagen, kreisfreie Stadt;Liquiditätskredite;Liquiditätskredite (Euro je Einwohner:in);Euro je Einwohner:in;2017;5763.0;hagen_Liquiditaetskredite.csv
Hagen, kreisfreie Stadt;Liquiditätskredite;Liquiditätskredite (Euro je Einwohner:in);Euro je Einwohner:in;2018;5432.0;hagen_Liquiditaetskredite.csv
Hagen, kreisfreie Stadt;Liquiditätskredite;Liquiditätskredite (Euro je Einwohner:in);Euro je Einwohner:in;2019;5243.0;hagen_Liquiditaetskredite.csv
Hagen, kreisfreie Stadt;Liquiditätskredite;Liquiditätskredite (Euro je Einwohner:in);Euro je Einwohner:in;2020;5090.0;hagen_Liquiditaetskredite.csv
Hagen, kreisfreie Stadt;Liquiditätskredite;Liquiditätskredite (Euro je Einwohner:in);Euro je Einwohner:in;2021;4979.0;hagen_Liquiditaetskredite.csv
Hagen, kreisfreie Stadt;Liquiditätskredite;Liquiditätskredite (Euro je Einwohner:in);Euro je Einwohner:in;2022;4697.0;hagen_Liquiditaetskredite.csv
Hagen, kreisfreie Stadt;Liquiditätskredite;Liquiditätskredite (Euro je Einwohner:in);Euro je Einwohner:in;2023;4501.0;hagen_Liquiditaetskredite.csv
Hagen, kreisfreie Stadt;Luftschadstoffbelastung;Luftschadstoffbelastung (μg / m³);μg / m³;2016;10.65;hagen_Luftschadstoffbelastung.csv
Hagen, kreisfreie Stadt;Luftschadstoffbelastung;Luftschadstoffbelastung (μg / m³);μg / m³;2017;11.26;hagen_Luftschadstoffbelastung.csv
Hagen, kreisfreie Stadt;Luftschadstoffbelastung;Luftschadstoffbelastung (μg / m³);μg / m³;2018;10.22;hagen_Luftschadstoffbelastung.csv
Hagen, kreisfreie Stadt;Luftschadstoffbelastung;Luftschadstoffbelastung (μg / m³);μg / m³;2019;9.37;hagen_Luftschadstoffbelastung.csv
Hagen, kreisfreie Stadt;Luftschadstoffbelastung;Luftschadstoffbelastung (μg / m³);μg / m³;2020;7.63;hagen_Luftschadstoffbelastung.csv
Hagen, kreisfreie Stadt;Luftschadstoffbelastung;Luftschadstoffbelastung (μg / m³);μg / m³;2021;9.82;hagen_Luftschadstoffbelastung.csv
Hagen, kreisfreie Stadt;Luftschadstoffbelastung;Luftschadstoffbelastung (μg / m³);μg / m³;2022;8.38;hagen_Luftschadstoffbelastung.csv
Hagen, kreisfreie Stadt;Luftschadstoffbelastung;Luftschadstoffbelastung (μg / m³);μg / m³;2023;7.47;hagen_Luftschadstoffbelastung.csv
Hagen, kreisfreie Stadt;Naherholungsflächen;Naherholungsflächen (m² je Einwohner:in);m² je Einwohner:in;2016;26.61;hagen_Naherholungsflaechen.csv
Hagen, kreisfreie Stadt;Naherholungsflächen;Naherholungsflächen (m² je Einwohner:in);m² je Einwohner:in;2017;27.59;hagen_Naherholungsflaechen.csv
Hagen, kreisfreie Stadt;Naherholungsflächen;Naherholungsflächen (m² je Einwohner:in);m² je Einwohner:in;2018;28.18;hagen_Naherholungsflaechen.csv
Hagen, kreisfreie Stadt;Naherholungsflächen;Naherholungsflächen (m² je Einwohner:in);m² je Einwohner:in;2019;32.86;hagen_Naherholungsflaechen.csv
Hagen, kreisfreie Stadt;Naherholungsflächen;Naherholungsflächen (m² je Einwohner:in);m² je Einwohner:in;2020;35.51;hagen_Naherholungsflaechen.csv
Hagen, kreisfreie Stadt;Naherholungsflächen;Naherholungsflächen (m² je Einwohner:in);m² je Einwohner:in;2021;35.82;hagen_Naherholungsflaechen.csv
Hagen, kreisfreie Stadt;Naherholungsflächen;Naherholungsflächen (m² je Einwohner:in);m² je Einwohner:in;2022;35.83;hagen_Naherholungsflaechen.csv
Hagen, kreisfreie Stadt;Naherholungsflächen;Naherholungsflächen (m² je Einwohner:in);m² je Einwohner:in;2023;35.7;hagen_Naherholungsflaechen.csv
Hagen, kreisfreie Stadt;Naturschutzflächen;Naturschutzflächen (%);%;2016;3.5;hagen_Naturschutzflaechen.csv
Hagen, kreisfreie Stadt;Naturschutzflächen;Naturschutzflächen (%);%;2017;3.7;hagen_Naturschutzflaechen.csv
Hagen, kreisfreie Stadt;Naturschutzflächen;Naturschutzflächen (%);%;2018;3.7;hagen_Naturschutzflaechen.csv
Hagen, kreisfreie Stadt;Naturschutzflächen;Naturschutzflächen (%);%;2019;3.7;hagen_Naturschutzflaechen.csv
Hagen, kreisfreie Stadt;Naturschutzflächen;Naturschutzflächen (%);%;2020;;hagen_Naturschutzflaechen.csv
Hagen, kreisfreie Stadt;Naturschutzflächen;Naturschutzflächen (%);%;2021;;hagen_Naturschutzflaechen.csv
Hagen, kreisfreie Stadt;Naturschutzflächen;Naturschutzflächen (%);%;2022;3.7;hagen_Naturschutzflaechen.csv
Hagen, kreisfreie Stadt;Naturschutzflächen;Naturschutzflächen (%);%;2023;;hagen_Naturschutzflaechen.csv
Hagen, kreisfreie Stadt;SGB II-/SGB XII-Quote;SGB II-/SGB XII-Quote (%);%;2016;19.3;hagen_SGB_II_XII_Quote.csv
Hagen, kreisfreie Stadt;SGB II-/SGB XII-Quote;SGB II-/SGB XII-Quote (%);%;2017;19.8;hagen_SGB_II_XII_Quote.csv
Hagen, kreisfreie Stadt;SGB II-/SGB XII-Quote;SGB II-/SGB XII-Quote (%);%;2018;18.6;hagen_SGB_II_XII_Quote.csv
Hagen, kreisfreie Stadt;SGB II-/SGB XII-Quote;SGB II-/SGB XII-Quote (%);%;2019;18.4;hagen_SGB_II_XII_Quote.csv
Hagen, kreisfreie Stadt;SGB II-/SGB XII-Quote;SGB II-/SGB XII-Quote (%);%;2020;19.1;hagen_SGB_II_XII_Quote.csv
Hagen, kreisfreie Stadt;SGB II-/SGB XII-Quote;SGB II-/SGB XII-Quote (%);%;2021;18.7;hagen_SGB_II_XII_Quote.csv
Hagen, kreisfreie Stadt;SGB II-/SGB XII-Quote;SGB II-/SGB XII-Quote (%);%;2022;18.6;hagen_SGB_II_XII_Quote.csv
Hagen, kreisfreie Stadt;SGB II-/SGB XII-Quote;SGB II-/SGB XII-Quote (%);%;2023;18.8;hagen_SGB_II_XII_Quote.csv
Hagen, kreisfreie Stadt;Schulabgänger:innen allgmb. Schulen ohne Hauptschulabschluss - Gesamt;Schulabgänger:innen allgmb. Schulen ohne Hauptschulabschluss - Gesamt (%);%;2016;2.0;hagen_Schulabgaenger_ohne_Hauptschulabschluss.csv
Hagen, kreisfreie Stadt;Schulabgänger:innen allgmb. Schulen ohne Hauptschulabschluss - Gesamt;Schulabgänger:innen allgmb. Schulen ohne Hauptschulabschluss - Gesamt (%);%;2017;2.8;hagen_Schulabgaenger_ohne_Hauptschulabschluss.csv
Hagen, kreisfreie Stadt;Schulabgänger:innen allgmb. Schulen ohne Hauptschulabschluss - Gesamt;Schulabgänger:innen allgmb. Schulen ohne Hauptschulabschluss - Gesamt (%);%;2018;2.9;hagen_Schulabgaenger_ohne_Hauptschulabschluss.csv
Hagen, kreisfreie Stadt;Schulabgänger:innen allgmb. Schulen ohne Hauptschulabschluss - Gesamt;Schulabgänger:innen allgmb. Schulen ohne Hauptschulabschluss - Gesamt (%);%;2019;3.1;hagen_Schulabgaenger_ohne_Hauptschulabschluss.csv
Hagen, kreisfreie Stadt;Schulabgänger:innen allgmb. Schulen ohne Hauptschulabschluss - Gesamt;Schulabgänger:innen allgmb. Schulen ohne Hauptschulabschluss - Gesamt (%);%;2020;2.9;hagen_Schulabgaenger_ohne_Hauptschulabschluss.csv
Hagen, kreisfreie Stadt;Schulabgänger:innen allgmb. Schulen ohne Hauptschulabschluss - Gesamt;Schulabgänger:innen allgmb. Schulen ohne Hauptschulabschluss - Gesamt (%);%;2021;2.4;hagen_Schulabgaenger_ohne_Hauptschulabschluss.csv
Hagen, kreisfreie Stadt;Schulabgänger:innen allgmb. Schulen ohne Hauptschulabschluss - Gesamt;Schulabgänger:innen allgmb. Schulen ohne Hauptschulabschluss - Gesamt (%);%;2022;3.2;hagen_Schulabgaenger_ohne_Hauptschulabschluss.csv
Hagen, kreisfreie Stadt;Schulabgänger:innen allgmb. Schulen ohne Hauptschulabschluss - Gesamt;Schulabgänger:innen allgmb. Schulen ohne Hauptschulabschluss - Gesamt (%);%;2023;3.0;hagen_Schulabgaenger_ohne_Hauptschulabschluss.csv
Hagen, kreisfreie Stadt;Siedlungslast im Überschwemmungsgebiet;Siedlungslast im Überschwemmungsgebiet (%);%;2016;11.7;hagen_Siedlungslast_Ueberschwemmungsgebiet.csv
Hagen, kreisfreie Stadt;Siedlungslast im Überschwemmungsgebiet;Siedlungslast im Überschwemmungsgebiet (%);%;2017;11.8;hagen_Siedlungslast_Ueberschwemmungsgebiet.csv
Hagen, kreisfreie Stadt;Siedlungslast im Überschwemmungsgebiet;Siedlungslast im Überschwemmungsgebiet (%);%;2018;11.8;hagen_Siedlungslast_Ueberschwemmungsgebiet.csv
Hagen, kreisfreie Stadt;Siedlungslast im Überschwemmungsgebiet;Siedlungslast im Überschwemmungsgebiet (%);%;2019;11.8;hagen_Siedlungslast_Ueberschwemmungsgebiet.csv
Hagen, kreisfreie Stadt;Siedlungslast im Überschwemmungsgebiet;Siedlungslast im Überschwemmungsgebiet (%);%;2020;11.8;hagen_Siedlungslast_Ueberschwemmungsgebiet.csv
Hagen, kreisfreie Stadt;Siedlungslast im Überschwemmungsgebiet;Siedlungslast im Überschwemmungsgebiet (%);%;2021;11.7;hagen_Siedlungslast_Ueberschwemmungsgebiet.csv
Hagen, kreisfreie Stadt;Siedlungslast im Überschwemmungsgebiet;Siedlungslast im Überschwemmungsgebiet (%);%;2022;11.7;hagen_Siedlungslast_Ueberschwemmungsgebiet.csv
Hagen, kreisfreie Stadt;Siedlungslast im Überschwemmungsgebiet;Siedlungslast im Überschwemmungsgebiet (%);%;2023;11.7;hagen_Siedlungslast_Ueberschwemmungsgebiet.csv
Hagen, kreisfreie Stadt;Steuereinnahmen pro Einwohner:in;Steuereinnahmen pro Einwohner:in (Euro je Einwohner:in);Euro je Einwohner:in;2016;1110.0;hagen_Steuereinnahmen.csv
Hagen, kreisfreie Stadt;Steuereinnahmen pro Einwohner:in;Steuereinnahmen pro Einwohner:in (Euro je Einwohner:in);Euro je Einwohner:in;2017;1166.0;hagen_Steuereinnahmen.csv
Hagen, kreisfreie Stadt;Steuereinnahmen pro Einwohner:in;Steuereinnahmen pro Einwohner:in (Euro je Einwohner:in);Euro je Einwohner:in;2018;1246.0;hagen_Steuereinnahmen.csv
Hagen, kreisfreie Stadt;Steuereinnahmen pro Einwohner:in;Steuereinnahmen pro Einwohner:in (Euro je Einwohner:in);Euro je Einwohner:in;2019;1299.0;hagen_Steuereinnahmen.csv
Hagen, kreisfreie Stadt;Steuereinnahmen pro Einwohner:in;Steuereinnahmen pro Einwohner:in (Euro je Einwohner:in);Euro je Einwohner:in;2020;1300.0;hagen_Steuereinnahmen.csv
Hagen, kreisfreie Stadt;Steuereinnahmen pro Einwohner:in;Steuereinnahmen pro Einwohner:in (Euro je Einwohner:in);Euro je Einwohner:in;2021;1306.0;hagen_Steuereinnahmen.csv
Hagen, kreisfreie Stadt;Steuereinnahmen pro Einwohner:in;Steuereinnahmen pro Einwohner:in (Euro je Einwohner:in);Euro je Einwohner:in;2022;1360.0;hagen_Steuereinnahmen.csv
Hagen, kreisfreie Stadt;Steuereinnahmen pro Einwohner:in;Steuereinnahmen pro Einwohner:in (Euro je Einwohner:in);Euro je Einwohner:in;2023;1414.0;hagen_Steuereinnahmen.csv
Hagen, kreisfreie Stadt;Strom aus erneuerbaren Quellen;Strom aus erneuerbaren Quellen (kW je Einwohner:in);kW je Einwohner:in;2016;;hagen_Strom_aus_erneuerbaren_Quellen.csv
Hagen, kreisfreie Stadt;Strom aus erneuerbaren Quellen;Strom aus erneuerbaren Quellen (kW je Einwohner:in);kW je Einwohner:in;2017;;hagen_Strom_aus_erneuerbaren_Quellen.csv
Hagen, kreisfreie Stadt;Strom aus erneuerbaren Quellen;Strom aus erneuerbaren Quellen (kW je Einwohner:in);kW je Einwohner:in;2018;;hagen_Strom_aus_erneuerbaren_Quellen.csv
Hagen, kreisfreie Stadt;Strom aus erneuerbaren Quellen;Strom aus erneuerbaren Quellen (kW je Einwohner:in);kW je Einwohner:in;2019;0.45;hagen_Strom_aus_erneuerbaren_Quellen.csv
Hagen, kreisfreie Stadt;Strom aus erneuerbaren Quellen;Strom aus erneuerbaren Quellen (kW je Einwohner:in);kW je Einwohner:in;2020;0.46;hagen_Strom_aus_erneuerbaren_Quellen.csv
Hagen, kreisfreie Stadt;Strom aus erneuerbaren Quellen;Strom aus erneuerbaren Quellen (kW je Einwohner:in);kW je Einwohner:in;2021;0.47;hagen_Strom_aus_erneuerbaren_Quellen.csv
Hagen, kreisfreie Stadt;Strom aus erneuerbaren Quellen;Strom aus erneuerbaren Quellen (kW je Einwohner:in);kW je Einwohner:in;2022;;hagen_Strom_aus_erneuerbaren_Quellen.csv
Hagen, kreisfreie Stadt;Strom aus erneuerbaren Quellen;Strom aus erneuerbaren Quellen (kW je Einwohner:in);kW je Einwohner:in;2023;0.39;hagen_Strom_aus_erneuerbaren_Quellen.csv
Hagen, kreisfreie Stadt;Unter 3-Jährige in Tageseinrichtungen;Unter 3-Jährige in Tageseinrichtungen (%);%;2016;15.7;hagen_U3_in_Tageseinrichtungen.csv
Hagen, kreisfreie Stadt;Unter 3-Jährige in Tageseinrichtungen;Unter 3-Jährige in Tageseinrichtungen (%);%;2017;17.0;hagen_U3_in_Tageseinrichtungen.csv
Hagen, kreisfreie Stadt;Unter 3-Jährige in Tageseinrichtungen;Unter 3-Jährige in Tageseinrichtungen (%);%;2018;15.9;hagen_U3_in_Tageseinrichtungen.csv
Hagen, kreisfreie Stadt;Unter 3-Jährige in Tageseinrichtungen;Unter 3-Jährige in Tageseinrichtungen (%);%;2019;16.2;hagen_U3_in_Tageseinrichtungen.csv
Hagen, kreisfreie Stadt;Unter 3-Jährige in Tageseinrichtungen;Unter 3-Jährige in Tageseinrichtungen (%);%;2020;16.1;hagen_U3_in_Tageseinrichtungen.csv
Hagen, kreisfreie Stadt;Unter 3-Jährige in Tageseinrichtungen;Unter 3-Jährige in Tageseinrichtungen (%);%;2021;15.8;hagen_U3_in_Tageseinrichtungen.csv
Hagen, kreisfreie Stadt;Unter 3-Jährige in Tageseinrichtungen;Unter 3-Jährige in Tageseinrichtungen (%);%;2022;15.5;hagen_U3_in_Tageseinrichtungen.csv
Hagen, kreisfreie Stadt;Unter 3-Jährige in Tageseinrichtungen;Unter 3-Jährige in Tageseinrichtungen (%);%;2023;15.1;hagen_U3_in_Tageseinrichtungen.csv
Hagen, kreisfreie Stadt;Verhältnis der Beschäftigungsquote von Frauen und Männern;Verhältnis der Beschäftigungsquote von Frauen und Männern (%);%;2016;81.6;hagen_Verhaeltnis_Beschaeftigung_Frauen_Maenner.csv
Hagen, kreisfreie Stadt;Verhältnis der Beschäftigungsquote von Frauen und Männern;Verhältnis der Beschäftigungsquote von Frauen und Männern (%);%;2017;80.8;hagen_Verhaeltnis_Beschaeftigung_Frauen_Maenner.csv
Hagen, kreisfreie Stadt;Verhältnis der Beschäftigungsquote von Frauen und Männern;Verhältnis der Beschäftigungsquote von Frauen und Männern (%);%;2018;80.3;hagen_Verhaeltnis_Beschaeftigung_Frauen_Maenner.csv
Hagen, kreisfreie Stadt;Verhältnis der Beschäftigungsquote von Frauen und Männern;Verhältnis der Beschäftigungsquote von Frauen und Männern (%);%;2019;80.1;hagen_Verhaeltnis_Beschaeftigung_Frauen_Maenner.csv
Hagen, kreisfreie Stadt;Verhältnis der Beschäftigungsquote von Frauen und Männern;Verhältnis der Beschäftigungsquote von Frauen und Männern (%);%;2020;81.2;hagen_Verhaeltnis_Beschaeftigung_Frauen_Maenner.csv
Hagen, kreisfreie Stadt;Verhältnis der Beschäftigungsquote von Frauen und Männern;Verhältnis der Beschäftigungsquote von Frauen und Männern (%);%;2021;81.6;hagen_Verhaeltnis_Beschaeftigung_Frauen_Maenner.csv
Hagen, kreisfreie Stadt;Verhältnis der Beschäftigungsquote von Frauen und Männern;Verhältnis der Beschäftigungsquote von Frauen und Männern (%);%;2022;80.7;hagen_Verhaeltnis_Beschaeftigung_Frauen_Maenner.csv
Hagen, kreisfreie Stadt;Verhältnis der Beschäftigungsquote von Frauen und Männern;Verhältnis der Beschäftigungsquote von Frauen und Männern (%);%;2023;81.5;hagen_Verhaeltnis_Beschaeftigung_Frauen_Maenner.csv
Hagen, kreisfreie Stadt;Verunglückte im Verkehr;Verunglückte im Verkehr (Verunglückte je 1.000 Einwohner:innen);Verunglückte je 1.000 Einwohner:innen;2016;3.9;hagen_Verunglueckte_im_Verkehr.csv
Hagen, kreisfreie Stadt;Verunglückte im Verkehr;Verunglückte im Verkehr (Verunglückte je 1.000 Einwohner:innen);Verunglückte je 1.000 Einwohner:innen;2017;4.3;hagen_Verunglueckte_im_Verkehr.csv
Hagen, kreisfreie Stadt;Verunglückte im Verkehr;Verunglückte im Verkehr (Verunglückte je 1.000 Einwohner:innen);Verunglückte je 1.000 Einwohner:innen;2018;4.2;hagen_Verunglueckte_im_Verkehr.csv
Hagen, kreisfreie Stadt;Verunglückte im Verkehr;Verunglückte im Verkehr (Verunglückte je 1.000 Einwohner:innen);Verunglückte je 1.000 Einwohner:innen;2019;4.4;hagen_Verunglueckte_im_Verkehr.csv
Hagen, kreisfreie Stadt;Verunglückte im Verkehr;Verunglückte im Verkehr (Verunglückte je 1.000 Einwohner:innen);Verunglückte je 1.000 Einwohner:innen;2020;3.7;hagen_Verunglueckte_im_Verkehr.csv
Hagen, kreisfreie Stadt;Verunglückte im Verkehr;Verunglückte im Verkehr (Verunglückte je 1.000 Einwohner:innen);Verunglückte je 1.000 Einwohner:innen;2021;3.4;hagen_Verunglueckte_im_Verkehr.csv
Hagen, kreisfreie Stadt;Verunglückte im Verkehr;Verunglückte im Verkehr (Verunglückte je 1.000 Einwohner:innen);Verunglückte je 1.000 Einwohner:innen;2022;3.6;hagen_Verunglueckte_im_Verkehr.csv
Hagen, kreisfreie Stadt;Verunglückte im Verkehr;Verunglückte im Verkehr (Verunglückte je 1.000 Einwohner:innen);Verunglückte je 1.000 Einwohner:innen;2023;4.0;hagen_Verunglueckte_im_Verkehr.csv
Hagen, kreisfreie Stadt;Vorzeitige Sterblichkeit - Gesamt;Vorzeitige Sterblichkeit - Gesamt (Todesfälle je 1.000 Einwohner:innen);Todesfälle je 1.000 Einwohner:innen;2016;2.9;hagen_Vorzeitige_Sterblichkeit.csv
Hagen, kreisfreie Stadt;Vorzeitige Sterblichkeit - Gesamt;Vorzeitige Sterblichkeit - Gesamt (Todesfälle je 1.000 Einwohner:innen);Todesfälle je 1.000 Einwohner:innen;2017;3.1;hagen_Vorzeitige_Sterblichkeit.csv
Hagen, kreisfreie Stadt;Vorzeitige Sterblichkeit - Gesamt;Vorzeitige Sterblichkeit - Gesamt (Todesfälle je 1.000 Einwohner:innen);Todesfälle je 1.000 Einwohner:innen;2018;;hagen_Vorzeitige_Sterblichkeit.csv
Hagen, kreisfreie Stadt;Vorzeitige Sterblichkeit - Gesamt;Vorzeitige Sterblichkeit - Gesamt (Todesfälle je 1.000 Einwohner:innen);Todesfälle je 1.000 Einwohner:innen;2019;3.4;hagen_Vorzeitige_Sterblichkeit.csv
Hagen, kreisfreie Stadt;Vorzeitige Sterblichkeit - Gesamt;Vorzeitige Sterblichkeit - Gesamt (Todesfälle je 1.000 Einwohner:innen);Todesfälle je 1.000 Einwohner:innen;2020;3.4;hagen_Vorzeitige_Sterblichkeit.csv
Hagen, kreisfreie Stadt;Vorzeitige Sterblichkeit - Gesamt;Vorzeitige Sterblichkeit - Gesamt (Todesfälle je 1.000 Einwohner:innen);Todesfälle je 1.000 Einwohner:innen;2021;3.5;hagen_Vorzeitige_Sterblichkeit.csv
Hagen, kreisfreie Stadt;Vorzeitige Sterblichkeit - Gesamt;Vorzeitige Sterblichkeit - Gesamt (Todesfälle je 1.000 Einwohner:innen);Todesfälle je 1.000 Einwohner:innen;2022;3.3;hagen_Vorzeitige_Sterblichkeit.csv
Hagen, kreisfreie Stadt;Vorzeitige Sterblichkeit - Gesamt;Vorzeitige Sterblichkeit - Gesamt (Todesfälle je 1.000 Einwohner:innen);Todesfälle je 1.000 Einwohner:innen;2023;3.1;hagen_Vorzeitige_Sterblichkeit.csv
Hagen, kreisfreie Stadt;Wohnfläche pro Person;Wohnfläche pro Person (m²);m²;2016;42.4;hagen_Wohnflaeche.csv
Hagen, kreisfreie Stadt;Wohnfläche pro Person;Wohnfläche pro Person (m²);m²;2017;42.5;hagen_Wohnflaeche.csv
Hagen, kreisfreie Stadt;Wohnfläche pro Person;Wohnfläche pro Person (m²);m²;2018;42.5;hagen_Wohnflaeche.csv
Hagen, kreisfreie Stadt;Wohnfläche pro Person;Wohnfläche pro Person (m²);m²;2019;42.4;hagen_Wohnflaeche.csv
Hagen, kreisfreie Stadt;Wohnfläche pro Person;Wohnfläche pro Person (m²);m²;2020;42.5;hagen_Wohnflaeche.csv
Hagen, kreisfreie Stadt;Wohnfläche pro Person;Wohnfläche pro Person (m²);m²;2021;42.6;hagen_Wohnflaeche.csv
Hagen, kreisfreie Stadt;Wohnfläche pro Person;Wohnfläche pro Person (m²);m²;2022;42.4;hagen_Wohnflaeche.csv
Hagen, kreisfreie Stadt;Wohnfläche pro Person;Wohnfläche pro Person (m²);m²;2023;42.4;hagen_Wohnflaeche.csv
Hagen, kreisfreie Stadt;Wohnungsnahe Grundversorgung - Grundschule;Wohnungsnahe Grundversorgung - Grundschule (Meter);Meter;2016;;hagen_Wohnungsnahe_Grundschule.csv
Hagen, kreisfreie Stadt;Wohnungsnahe Grundversorgung - Grundschule;Wohnungsnahe Grundversorgung - Grundschule (Meter);Meter;2017;;hagen_Wohnungsnahe_Grundschule.csv
Hagen, kreisfreie Stadt;Wohnungsnahe Grundversorgung - Grundschule;Wohnungsnahe Grundversorgung - Grundschule (Meter);Meter;2018;639.0;hagen_Wohnungsnahe_Grundschule.csv
Hagen, kreisfreie Stadt;Wohnungsnahe Grundversorgung - Grundschule;Wohnungsnahe Grundversorgung - Grundschule (Meter);Meter;2019;;hagen_Wohnungsnahe_Grundschule.csv
Hagen, kreisfreie Stadt;Wohnungsnahe Grundversorgung - Grundschule;Wohnungsnahe Grundversorgung - Grundschule (Meter);Meter;2020;;hagen_Wohnungsnahe_Grundschule.csv
Hagen, kreisfreie Stadt;Wohnungsnahe Grundversorgung - Grundschule;Wohnungsnahe Grundversorgung - Grundschule (Meter);Meter;2021;634.0;hagen_Wohnungsnahe_Grundschule.csv
Hagen, kreisfreie Stadt;Wohnungsnahe Grundversorgung - Grundschule;Wohnungsnahe Grundversorgung - Grundschule (Meter);Meter;2022;;hagen_Wohnungsnahe_Grundschule.csv
Hagen, kreisfreie Stadt;Wohnungsnahe Grundversorgung - Grundschule;Wohnungsnahe Grundversorgung - Grundschule (Meter);Meter;2023;;hagen_Wohnungsnahe_Grundschule.csv
Hagen, kreisfreie Stadt;Wohnungsnahe Grundversorgung - Hausarzt;Wohnungsnahe Grundversorgung - Hausarzt (Meter);Meter;2016;;hagen_Wohnungsnaher_Hausarzt.csv
Hagen, kreisfreie Stadt;Wohnungsnahe Grundversorgung - Hausarzt;Wohnungsnahe Grundversorgung - Hausarzt (Meter);Meter;2017;;hagen_Wohnungsnaher_Hausarzt.csv
Hagen, kreisfreie Stadt;Wohnungsnahe Grundversorgung - Hausarzt;Wohnungsnahe Grundversorgung - Hausarzt (Meter);Meter;2018;;hagen_Wohnungsnaher_Hausarzt.csv
Hagen, kreisfreie Stadt;Wohnungsnahe Grundversorgung - Hausarzt;Wohnungsnahe Grundversorgung - Hausarzt (Meter);Meter;2019;;hagen_Wohnungsnaher_Hausarzt.csv
Hagen, kreisfreie Stadt;Wohnungsnahe Grundversorgung - Hausarzt;Wohnungsnahe Grundversorgung - Hausarzt (Meter);Meter;2020;;hagen_Wohnungsnaher_Hausarzt.csv
Hagen, kreisfreie Stadt;Wohnungsnahe Grundversorgung - Hausarzt;Wohnungsnahe Grundversorgung - Hausarzt (Meter);Meter;2021;538.0;hagen_Wohnungsnaher_Hausarzt.csv
Hagen, kreisfreie Stadt;Wohnungsnahe Grundversorgung - Hausarzt;Wohnungsnahe Grundversorgung - Hausarzt (Meter);Meter;2022;;hagen_Wohnungsnaher_Hausarzt.csv
Hagen, kreisfreie Stadt;Wohnungsnahe Grundversorgung - Hausarzt;Wohnungsnahe Grundversorgung - Hausarzt (Meter);Meter;2023;;hagen_Wohnungsnaher_Hausarzt.csv
Hagen, kreisfreie Stadt;Wohnungsnahe Grundversorgung - Supermarkt;Wohnungsnahe Grundversorgung - Supermarkt (Meter);Meter;2016;;hagen_Wohnungsnaher_Supermarkt.csv
Hagen, kreisfreie Stadt;Wohnungsnahe Grundversorgung - Supermarkt;Wohnungsnahe Grundversorgung - Supermarkt (Meter);Meter;2017;;hagen_Wohnungsnaher_Supermarkt.csv
Hagen, kreisfreie Stadt;Wohnungsnahe Grundversorgung - Supermarkt;Wohnungsnahe Grundversorgung - Supermarkt (Meter);Meter;2018;;hagen_Wohnungsnaher_Supermarkt.csv
Hagen, kreisfreie Stadt;Wohnungsnahe Grundversorgung - Supermarkt;Wohnungsnahe Grundversorgung - Supermarkt (Meter);Meter;2019;;hagen_Wohnungsnaher_Supermarkt.csv
Hagen, kreisfreie Stadt;Wohnungsnahe Grundversorgung - Supermarkt;Wohnungsnahe Grundversorgung - Supermarkt (Meter);Meter;2020;;hagen_Wohnungsnaher_Supermarkt.csv
Hagen, kreisfreie Stadt;Wohnungsnahe Grundversorgung - Supermarkt;Wohnungsnahe Grundversorgung - Supermarkt (Meter);Meter;2021;602.0;hagen_Wohnungsnaher_Supermarkt.csv
Hagen, kreisfreie Stadt;Wohnungsnahe Grundversorgung - Supermarkt;Wohnungsnahe Grundversorgung - Supermarkt (Meter);Meter;2022;;hagen_Wohnungsnaher_Supermarkt.csv
Hagen, kreisfreie Stadt;Wohnungsnahe Grundversorgung - Supermarkt;Wohnungsnahe Grundversorgung - Supermarkt (Meter);Meter;2023;;hagen_Wohnungsnaher_Supermarkt.csv
Köln, kreisfreie Stadt;Abwasserbehandlung;Abwasserbehandlung (%);%;2016;;koeln_Abwasserbehandlung.csv
Köln, kreisfreie Stadt;Abwasserbehandlung;Abwasserbehandlung (%);%;2017;;koeln_Abwasserbehandlung.csv
Köln, kreisfreie Stadt;Abwasserbehandlung;Abwasserbehandlung (%);%;2018;;koeln_Abwasserbehandlung.csv
Köln, kreisfreie Stadt;Abwasserbehandlung;Abwasserbehandlung (%);%;2019;100.0;koeln_Abwasserbehandlung.csv
Köln, kreisfreie Stadt;Abwasserbehandlung;Abwasserbehandlung (%);%;2020;100.0;koeln_Abwasserbehandlung.csv
Köln, kreisfreie Stadt;Abwasserbehandlung;Abwasserbehandlung (%);%;2021;100.0;koeln_Abwasserbehandlung.csv
Köln, kreisfreie Stadt;Abwasserbehandlung;Abwasserbehandlung (%);%;2022;100.0;koeln_Abwasserbehandlung.csv
Köln, kreisfreie Stadt;Abwasserbehandlung;Abwasserbehandlung (%);%;2023;100.0;koeln_Abwasserbehandlung.csv
Köln, kreisfreie Stadt;Altersarmut;Altersarmut (%);%;2016;7.5;koeln_Altersarmut.csv
Köln, kreisfreie Stadt;Altersarmut;Altersarmut (%);%;2017;7.6;koeln_Altersarmut.csv
Köln, kreisfreie Stadt;Altersarmut;Altersarmut (%);%;2018;7.8;koeln_Altersarmut.csv
Köln, kreisfreie Stadt;Altersarmut;Altersarmut (%);%;2019;7.9;koeln_Altersarmut.csv
Köln, kreisfreie Stadt;Altersarmut;Altersarmut (%);%;2020;8.0;koeln_Altersarmut.csv
Köln, kreisfreie Stadt;Altersarmut;Altersarmut (%);%;2021;8.2;koeln_Altersarmut.csv
Köln, kreisfreie Stadt;Altersarmut;Altersarmut (%);%;2022;8.6;koeln_Altersarmut.csv
Köln, kreisfreie Stadt;Altersarmut;Altersarmut (%);%;2023;8.9;koeln_Altersarmut.csv
Köln, kreisfreie Stadt;Beschäftigungsquote;Beschäftigungsquote (%);%;2016;52.3;koeln_Beschaeftigungsquote.csv
Köln, kreisfreie Stadt;Beschäftigungsquote;Beschäftigungsquote (%);%;2017;53.8;koeln_Beschaeftigungsquote.csv
Köln, kreisfreie Stadt;Beschäftigungsquote;Beschäftigungsquote (%);%;2018;55.0;koeln_Beschaeftigungsquote.csv
Köln, kreisfreie Stadt;Beschäftigungsquote;Beschäftigungsquote (%);%;2019;56.2;koeln_Beschaeftigungsquote.csv
Köln, kreisfreie Stadt;Beschäftigungsquote;Beschäftigungsquote (%);%;2020;56.2;koeln_Beschaeftigungsquote.csv
Köln, kreisfreie Stadt;Beschäftigungsquote;Beschäftigungsquote (%);%;2021;57.9;koeln_Beschaeftigungsquote.csv
Köln, kreisfreie Stadt;Beschäftigungsquote;Beschäftigungsquote (%);%;2022;58.4;koeln_Beschaeftigungsquote.csv
Köln, kreisfreie Stadt;Beschäftigungsquote;Beschäftigungsquote (%);%;2023;58.6;koeln_Beschaeftigungsquote.csv
Köln, kreisfreie Stadt;Breitbandversorgung - Private Haushalte;Breitbandversorgung - Private Haushalte (%);%;2016;;koeln_Breitbandversorgung_Haushalte.csv
Köln, kreisfreie Stadt;Breitbandversorgung - Private Haushalte;Breitbandversorgung - Private Haushalte (%);%;2017;93.9;koeln_Breitbandversorgung_Haushalte.csv
Köln, kreisfreie Stadt;Breitbandversorgung - Private Haushalte;Breitbandversorgung - Private Haushalte (%);%;2018;;koeln_Breitbandversorgung_Haushalte.csv
Köln, kreisfreie Stadt;Breitbandversorgung - Private Haushalte;Breitbandversorgung - Private Haushalte (%);%;2019;;koeln_Breitbandversorgung_Haushalte.csv
Köln, kreisfreie Stadt;Breitbandversorgung - Private Haushalte;Breitbandversorgung - Private Haushalte (%);%;2020;99.0;koeln_Breitbandversorgung_Haushalte.csv
Köln, kreisfreie Stadt;Breitbandversorgung - Private Haushalte;Breitbandversorgung - Private Haushalte (%);%;2021;99.1;koeln_Breitbandversorgung_Haushalte.csv
Köln, kreisfreie Stadt;Breitbandversorgung - Private Haushalte;Breitbandversorgung - Private Haushalte (%);%;2022;99.3;koeln_Breitbandversorgung_Haushalte.csv
Köln, kreisfreie Stadt;Breitbandversorgung - Private Haushalte;Breitbandversorgung - Private Haushalte (%);%;2023;;koeln_Breitbandversorgung_Haushalte.csv
Köln, kreisfreie Stadt;Eingebürgerte im Jahr;Eingebürgerte im Jahr (%);%;2016;1.4;koeln_Einbuergerungen.csv
Köln, kreisfreie Stadt;Eingebürgerte im Jahr;Eingebürgerte im Jahr (%);%;2017;1.4;koeln_Einbuergerungen.csv
Köln, kreisfreie Stadt;Eingebürgerte im Jahr;Eingebürgerte im Jahr (%);%;2018;1.6;koeln_Einbuergerungen.csv
Köln, kreisfreie Stadt;Eingebürgerte im Jahr;Eingebürgerte im Jahr (%);%;2019;1.6;koeln_Einbuergerungen.csv
Köln, kreisfreie Stadt;Eingebürgerte im Jahr;Eingebürgerte im Jahr (%);%;2020;1.3;koeln_Einbuergerungen.csv
Köln, kreisfreie Stadt;Eingebürgerte im Jahr;Eingebürgerte im Jahr (%);%;2021;1.1;koeln_Einbuergerungen.csv
Köln, kreisfreie Stadt;Eingebürgerte im Jahr;Eingebürgerte im Jahr (%);%;2022;1.5;koeln_Einbuergerungen.csv
Köln, kreisfreie Stadt;Eingebürgerte im Jahr;Eingebürgerte im Jahr (%);%;2023;1.7;koeln_Einbuergerungen.csv
Köln, kreisfreie Stadt;Erwerbstätige Aufstocker:innen - Gesamt;Erwerbstätige Aufstocker:innen - Gesamt (%);%;2016;26.6;koeln_Erwerbstaetige_Aufstockende.csv
Köln, kreisfreie Stadt;Erwerbstätige Aufstocker:innen - Gesamt;Erwerbstätige Aufstocker:innen - Gesamt (%);%;2017;26.6;koeln_Erwerbstaetige_Aufstockende.csv
Köln, kreisfreie Stadt;Erwerbstätige Aufstocker:innen - Gesamt;Erwerbstätige Aufstocker:innen - Gesamt (%);%;2018;26.5;koeln_Erwerbstaetige_Aufstockende.csv
Köln, kreisfreie Stadt;Erwerbstätige Aufstocker:innen - Gesamt;Erwerbstätige Aufstocker:innen - Gesamt (%);%;2019;26.5;koeln_Erwerbstaetige_Aufstockende.csv
Köln, kreisfreie Stadt;Erwerbstätige Aufstocker:innen - Gesamt;Erwerbstätige Aufstocker:innen - Gesamt (%);%;2020;23.0;koeln_Erwerbstaetige_Aufstockende.csv
Köln, kreisfreie Stadt;Erwerbstätige Aufstocker:innen - Gesamt;Erwerbstätige Aufstocker:innen - Gesamt (%);%;2021;24.2;koeln_Erwerbstaetige_Aufstockende.csv
Köln, kreisfreie Stadt;Erwerbstätige Aufstocker:innen - Gesamt;Erwerbstätige Aufstocker:innen - Gesamt (%);%;2022;22.6;koeln_Erwerbstaetige_Aufstockende.csv
Köln, kreisfreie Stadt;Erwerbstätige Aufstocker:innen - Gesamt;Erwerbstätige Aufstocker:innen - Gesamt (%);%;2023;23.4;koeln_Erwerbstaetige_Aufstockende.csv
Köln, kreisfreie Stadt;Existenzgründungen;Existenzgründungen (Neuerrichtungen je 1.000 Einwohner:innen);Neuerrichtungen je 1.000 Einwohner:innen;2016;9.2;koeln_Existenzgruendungen.csv
Köln, kreisfreie Stadt;Existenzgründungen;Existenzgründungen (Neuerrichtungen je 1.000 Einwohner:innen);Neuerrichtungen je 1.000 Einwohner:innen;2017;8.0;koeln_Existenzgruendungen.csv
Köln, kreisfreie Stadt;Existenzgründungen;Existenzgründungen (Neuerrichtungen je 1.000 Einwohner:innen);Neuerrichtungen je 1.000 Einwohner:innen;2018;9.5;koeln_Existenzgruendungen.csv
Köln, kreisfreie Stadt;Existenzgründungen;Existenzgründungen (Neuerrichtungen je 1.000 Einwohner:innen);Neuerrichtungen je 1.000 Einwohner:innen;2019;9.6;koeln_Existenzgruendungen.csv
Köln, kreisfreie Stadt;Existenzgründungen;Existenzgründungen (Neuerrichtungen je 1.000 Einwohner:innen);Neuerrichtungen je 1.000 Einwohner:innen;2020;7.7;koeln_Existenzgruendungen.csv
Köln, kreisfreie Stadt;Existenzgründungen;Existenzgründungen (Neuerrichtungen je 1.000 Einwohner:innen);Neuerrichtungen je 1.000 Einwohner:innen;2021;7.4;koeln_Existenzgruendungen.csv
Köln, kreisfreie Stadt;Existenzgründungen;Existenzgründungen (Neuerrichtungen je 1.000 Einwohner:innen);Neuerrichtungen je 1.000 Einwohner:innen;2022;4.3;koeln_Existenzgruendungen.csv
Köln, kreisfreie Stadt;Existenzgründungen;Existenzgründungen (Neuerrichtungen je 1.000 Einwohner:innen);Neuerrichtungen je 1.000 Einwohner:innen;2023;11.3;koeln_Existenzgruendungen.csv
Köln, kreisfreie Stadt;Fertiggestellte Wohngebäude mit erneuerbarer Energie;Fertiggestellte Wohngebäude mit erneuerbarer Energie (%);%;2016;20.9;koeln_Wohngebaeude_erneuerbare_Heizenergie.csv
Köln, kreisfreie Stadt;Fertiggestellte Wohngebäude mit erneuerbarer Energie;Fertiggestellte Wohngebäude mit erneuerbarer Energie (%);%;2017;19.5;koeln_Wohngebaeude_erneuerbare_Heizenergie.csv
Köln, kreisfreie Stadt;Fertiggestellte Wohngebäude mit erneuerbarer Energie;Fertiggestellte Wohngebäude mit erneuerbarer Energie (%);%;2018;36.0;koeln_Wohngebaeude_erneuerbare_Heizenergie.csv
Köln, kreisfreie Stadt;Fertiggestellte Wohngebäude mit erneuerbarer Energie;Fertiggestellte Wohngebäude mit erneuerbarer Energie (%);%;2019;24.6;koeln_Wohngebaeude_erneuerbare_Heizenergie.csv
Köln, kreisfreie Stadt;Fertiggestellte Wohngebäude mit erneuerbarer Energie;Fertiggestellte Wohngebäude mit erneuerbarer Energie (%);%;2020;43.8;koeln_Wohngebaeude_erneuerbare_Heizenergie.csv
Köln, kreisfreie Stadt;Fertiggestellte Wohngebäude mit erneuerbarer Energie;Fertiggestellte Wohngebäude mit erneuerbarer Energie (%);%;2021;38.0;koeln_Wohngebaeude_erneuerbare_Heizenergie.csv
Köln, kreisfreie Stadt;Fertiggestellte Wohngebäude mit erneuerbarer Energie;Fertiggestellte Wohngebäude mit erneuerbarer Energie (%);%;2022;25.5;koeln_Wohngebaeude_erneuerbare_Heizenergie.csv
Köln, kreisfreie Stadt;Fertiggestellte Wohngebäude mit erneuerbarer Energie;Fertiggestellte Wohngebäude mit erneuerbarer Energie (%);%;2023;37.4;koeln_Wohngebaeude_erneuerbare_Heizenergie.csv
Köln, kreisfreie Stadt;Finanzmittelsaldo;Finanzmittelsaldo (Euro je Einwohner:in);Euro je Einwohner:in;2016;177.0;koeln_Finanzmittelsaldo.csv
Köln, kreisfreie Stadt;Finanzmittelsaldo;Finanzmittelsaldo (Euro je Einwohner:in);Euro je Einwohner:in;2017;50.0;koeln_Finanzmittelsaldo.csv
Köln, kreisfreie Stadt;Finanzmittelsaldo;Finanzmittelsaldo (Euro je Einwohner:in);Euro je Einwohner:in;2018;200.0;koeln_Finanzmittelsaldo.csv
Köln, kreisfreie Stadt;Finanzmittelsaldo;Finanzmittelsaldo (Euro je Einwohner:in);Euro je Einwohner:in;2019;11.0;koeln_Finanzmittelsaldo.csv
Köln, kreisfreie Stadt;Finanzmittelsaldo;Finanzmittelsaldo (Euro je Einwohner:in);Euro je Einwohner:in;2020;20.0;koeln_Finanzmittelsaldo.csv
Köln, kreisfreie Stadt;Finanzmittelsaldo;Finanzmittelsaldo (Euro je Einwohner:in);Euro je Einwohner:in;2021;-90.0;koeln_Finanzmittelsaldo.csv
Köln, kreisfreie Stadt;Finanzmittelsaldo;Finanzmittelsaldo (Euro je Einwohner:in);Euro je Einwohner:in;2022;245.0;koeln_Finanzmittelsaldo.csv
Köln, kreisfreie Stadt;Finanzmittelsaldo;Finanzmittelsaldo (Euro je Einwohner:in);Euro je Einwohner:in;2023;-401.0;koeln_Finanzmittelsaldo.csv
Köln, kreisfreie Stadt;Flächeninanspruchnahme;Flächeninanspruchnahme (%);%;2016;61.3;koeln_Flaecheninanspruchnahme.csv
Köln, kreisfreie Stadt;Flächeninanspruchnahme;Flächeninanspruchnahme (%);%;2017;61.2;koeln_Flaecheninanspruchnahme.csv
Köln, kreisfreie Stadt;Flächeninanspruchnahme;Flächeninanspruchnahme (%);%;2018;61.1;koeln_Flaecheninanspruchnahme.csv
Köln, kreisfreie Stadt;Flächeninanspruchnahme;Flächeninanspruchnahme (%);%;2019;61.1;koeln_Flaecheninanspruchnahme.csv
Köln, kreisfreie Stadt;Flächeninanspruchnahme;Flächeninanspruchnahme (%);%;2020;60.4;koeln_Flaecheninanspruchnahme.csv
Köln, kreisfreie Stadt;Flächeninanspruchnahme;Flächeninanspruchnahme (%);%;2021;60.5;koeln_Flaecheninanspruchnahme.csv
Köln, kreisfreie Stadt;Flächeninanspruchnahme;Flächeninanspruchnahme (%);%;2022;60.5;koeln_Flaecheninanspruchnahme.csv
Köln, kreisfreie Stadt;Flächeninanspruchnahme;Flächeninanspruchnahme (%);%;2023;60.5;koeln_Flaecheninanspruchnahme.csv
Köln, kreisfreie Stadt;Flächennutzungsintensität;Flächennutzungsintensität (qm/Einwohner:in);qm/Einwohner:in;2016;230.7;koeln_Flaechennutzungsintensitaet.csv
Köln, kreisfreie Stadt;Flächennutzungsintensität;Flächennutzungsintensität (qm/Einwohner:in);qm/Einwohner:in;2017;229.4;koeln_Flaechennutzungsintensitaet.csv
Köln, kreisfreie Stadt;Flächennutzungsintensität;Flächennutzungsintensität (qm/Einwohner:in);qm/Einwohner:in;2018;228.0;koeln_Flaechennutzungsintensitaet.csv
Köln, kreisfreie Stadt;Flächennutzungsintensität;Flächennutzungsintensität (qm/Einwohner:in);qm/Einwohner:in;2019;227.5;koeln_Flaechennutzungsintensitaet.csv
Köln, kreisfreie Stadt;Flächennutzungsintensität;Flächennutzungsintensität (qm/Einwohner:in);qm/Einwohner:in;2020;225.7;koeln_Flaechennutzungsintensitaet.csv
Köln, kreisfreie Stadt;Flächennutzungsintensität;Flächennutzungsintensität (qm/Einwohner:in);qm/Einwohner:in;2021;228.3;koeln_Flaechennutzungsintensitaet.csv
Köln, kreisfreie Stadt;Flächennutzungsintensität;Flächennutzungsintensität (qm/Einwohner:in);qm/Einwohner:in;2022;226.0;koeln_Flaechennutzungsintensitaet.csv
Köln, kreisfreie Stadt;Flächennutzungsintensität;Flächennutzungsintensität (qm/Einwohner:in);qm/Einwohner:in;2023;225.5;koeln_Flaechennutzungsintensitaet.csv
Köln, kreisfreie Stadt;Hochqualifizierte am Arbeitsort;Hochqualifizierte am Arbeitsort (%);%;2016;22.3;koeln_Hochqualifizierte_am_Arbeitsort.csv
Köln, kreisfreie Stadt;Hochqualifizierte am Arbeitsort;Hochqualifizierte am Arbeitsort (%);%;2017;23.2;koeln_Hochqualifizierte_am_Arbeitsort.csv
Köln, kreisfreie Stadt;Hochqualifizierte am Arbeitsort;Hochqualifizierte am Arbeitsort (%);%;2018;24.3;koeln_Hochqualifizierte_am_Arbeitsort.csv
Köln, kreisfreie Stadt;Hochqualifizierte am Arbeitsort;Hochqualifizierte am Arbeitsort (%);%;2019;25.4;koeln_Hochqualifizierte_am_Arbeitsort.csv
Köln, kreisfreie Stadt;Hochqualifizierte am Arbeitsort;Hochqualifizierte am Arbeitsort (%);%;2020;26.5;koeln_Hochqualifizierte_am_Arbeitsort.csv
Köln, kreisfreie Stadt;Hochqualifizierte am Arbeitsort;Hochqualifizierte am Arbeitsort (%);%;2021;27.4;koeln_Hochqualifizierte_am_Arbeitsort.csv
Köln, kreisfreie Stadt;Hochqualifizierte am Arbeitsort;Hochqualifizierte am Arbeitsort (%);%;2022;28.2;koeln_Hochqualifizierte_am_Arbeitsort.csv
Köln, kreisfreie Stadt;Hochqualifizierte am Arbeitsort;Hochqualifizierte am Arbeitsort (%);%;2023;28.9;koeln_Hochqualifizierte_am_Arbeitsort.csv
Köln, kreisfreie Stadt;Jugendarmut;Jugendarmut (%);%;2016;19.6;koeln_Jugendarmut.csv
Köln, kreisfreie Stadt;Jugendarmut;Jugendarmut (%);%;2017;19.9;koeln_Jugendarmut.csv
Köln, kreisfreie Stadt;Jugendarmut;Jugendarmut (%);%;2018;20.5;koeln_Jugendarmut.csv
Köln, kreisfreie Stadt;Jugendarmut;Jugendarmut (%);%;2019;20.3;koeln_Jugendarmut.csv
Köln, kreisfreie Stadt;Jugendarmut;Jugendarmut (%);%;2020;21.5;koeln_Jugendarmut.csv
Köln, kreisfreie Stadt;Jugendarmut;Jugendarmut (%);%;2021;21.0;koeln_Jugendarmut.csv
Köln, kreisfreie Stadt;Jugendarmut;Jugendarmut (%);%;2022;21.5;koeln_Jugendarmut.csv
Köln, kreisfreie Stadt;Jugendarmut;Jugendarmut (%);%;2023;21.0;koeln_Jugendarmut.csv
Köln, kreisfreie Stadt;Kinderarmut;Kinderarmut (%);%;2016;21.5;koeln_Kinderarmut.csv
Köln, kreisfreie Stadt;Kinderarmut;Kinderarmut (%);%;2017;21.3;koeln_Kinderarmut.csv
Köln, kreisfreie Stadt;Kinderarmut;Kinderarmut (%);%;2018;22.1;koeln_Kinderarmut.csv
Köln, kreisfreie Stadt;Kinderarmut;Kinderarmut (%);%;2019;21.7;koeln_Kinderarmut.csv
Köln, kreisfreie Stadt;Kinderarmut;Kinderarmut (%);%;2020;22.3;koeln_Kinderarmut.csv
Köln, kreisfreie Stadt;Kinderarmut;Kinderarmut (%);%;2021;21.6;koeln_Kinderarmut.csv
Köln, kreisfreie Stadt;Kinderarmut;Kinderarmut (%);%;2022;21.7;koeln_Kinderarmut.csv
Köln, kreisfreie Stadt;Kinderarmut;Kinderarmut (%);%;2023;21.0;koeln_Kinderarmut.csv
Köln, kreisfreie Stadt;Ladesäuleninfrastruktur;Ladesäuleninfrastruktur (Ladepunkte je 1.000 Einwohner:innen);Ladepunkte je 1.000 Einwohner:innen;2016;0.06;koeln_Ladesaeuleninfrastruktur.csv
Köln, kreisfreie Stadt;Ladesäuleninfrastruktur;Ladesäuleninfrastruktur (Ladepunkte je 1.000 Einwohner:innen);Ladepunkte je 1.000 Einwohner:innen;2017;0.09;koeln_Ladesaeuleninfrastruktur.csv
Köln, kreisfreie Stadt;Ladesäuleninfrastruktur;Ladesäuleninfrastruktur (Ladepunkte je 1.000 Einwohner:innen);Ladepunkte je 1.000 Einwohner:innen;2018;0.14;koeln_Ladesaeuleninfrastruktur.csv
Köln, kreisfreie Stadt;Ladesäuleninfrastruktur;Ladesäuleninfrastruktur (Ladepunkte je 1.000 Einwohner:innen);Ladepunkte je 1.000 Einwohner:innen;2019;0.25;koeln_Ladesaeuleninfrastruktur.csv
Köln, kreisfreie Stadt;Ladesäuleninfrastruktur;Ladesäuleninfrastruktur (Ladepunkte je 1.000 Einwohner:innen);Ladepunkte je 1.000 Einwohner:innen;2020;0.29;koeln_Ladesaeuleninfrastruktur.csv
Köln, kreisfreie Stadt;Ladesäuleninfrastruktur;Ladesäuleninfrastruktur (Ladepunkte je 1.000 Einwohner:innen);Ladepunkte je 1.000 Einwohner:innen;2021;0.5;koeln_Ladesaeuleninfrastruktur.csv
Köln, kreisfreie Stadt;Ladesäuleninfrastruktur;Ladesäuleninfrastruktur (Ladepunkte je 1.000 Einwohner:innen);Ladepunkte je 1.000 Einwohner:innen;2022;0.94;koeln_Ladesaeuleninfrastruktur.csv
Köln, kreisfreie Stadt;Ladesäuleninfrastruktur;Ladesäuleninfrastruktur (Ladepunkte je 1.000 Einwohner:innen);Ladepunkte je 1.000 Einwohner:innen;2023;1.3;koeln_Ladesaeuleninfrastruktur.csv
Köln, kreisfreie Stadt;Landschaftsqualität;Landschaftsqualität (Hemerobiewert);Hemerobiewert;2016;;koeln_Landschaftsqualitaet.csv
Köln, kreisfreie Stadt;Landschaftsqualität;Landschaftsqualität (Hemerobiewert);Hemerobiewert;2017;;koeln_Landschaftsqualitaet.csv
Köln, kreisfreie Stadt;Landschaftsqualität;Landschaftsqualität (Hemerobiewert);Hemerobiewert;2018;5.1;koeln_Landschaftsqualitaet.csv
Köln, kreisfreie Stadt;Landschaftsqualität;Landschaftsqualität (Hemerobiewert);Hemerobiewert;2019;;koeln_Landschaftsqualitaet.csv
Köln, kreisfreie Stadt;Landschaftsqualität;Landschaftsqualität (Hemerobiewert);Hemerobiewert;2020;5.1;koeln_Landschaftsqualitaet.csv
Köln, kreisfreie Stadt;Landschaftsqualität;Landschaftsqualität (Hemerobiewert);Hemerobiewert;2021;5.1;koeln_Landschaftsqualitaet.csv
Köln, kreisfreie Stadt;Landschaftsqualität;Landschaftsqualität (Hemerobiewert);Hemerobiewert;2022;;koeln_Landschaftsqualitaet.csv
Köln, kreisfreie Stadt;Landschaftsqualität;Landschaftsqualität (Hemerobiewert);Hemerobiewert;2023;;koeln_Landschaftsqualitaet.csv
Köln, kreisfreie Stadt;Langzeitarbeitslosenquote;Langzeitarbeitslosenquote (%);%;2016;5.3;koeln_Langzeitarbeitslosenquote.csv
Köln, kreisfreie Stadt;Langzeitarbeitslosenquote;Langzeitarbeitslosenquote (%);%;2017;4.7;koeln_Langzeitarbeitslosenquote.csv
Köln, kreisfreie Stadt;Langzeitarbeitslosenquote;Langzeitarbeitslosenquote (%);%;2018;4.4;koeln_Langzeitarbeitslosenquote.csv
Köln, kreisfreie Stadt;Langzeitarbeitslosenquote;Langzeitarbeitslosenquote (%);%;2019;4.2;koeln_Langzeitarbeitslosenquote.csv
Köln, kreisfreie Stadt;Langzeitarbeitslosenquote;Langzeitarbeitslosenquote (%);%;2020;4.6;koeln_Langzeitarbeitslosenquote.csv
Köln, kreisfreie Stadt;Langzeitarbeitslosenquote;Langzeitarbeitslosenquote (%);%;2021;5.7;koeln_Langzeitarbeitslosenquote.csv
Köln, kreisfreie Stadt;Langzeitarbeitslosenquote;Langzeitarbeitslosenquote (%);%;2022;5.3;koeln_Langzeitarbeitslosenquote.csv
Köln, kreisfreie Stadt;Langzeitarbeitslosenquote;Langzeitarbeitslosenquote (%);%;2023;4.9;koeln_Langzeitarbeitslosenquote.csv
Köln, kreisfreie Stadt;Liquiditätskredite;Liquiditätskredite (Euro je Einwohner:in);Euro je Einwohner:in;2016;691.0;koeln_Liquiditaetskredite.csv
Köln, kreisfreie Stadt;Liquiditätskredite;Liquiditätskredite (Euro je Einwohner:in);Euro je Einwohner:in;2017;644.0;koeln_Liquiditaetskredite.csv
Köln, kreisfreie Stadt;Liquiditätskredite;Liquiditätskredite (Euro je Einwohner:in);Euro je Einwohner:in;2018;804.0;koeln_Liquiditaetskredite.csv
Köln, kreisfreie Stadt;Liquiditätskredite;Liquiditätskredite (Euro je Einwohner:in);Euro je Einwohner:in;2019;836.0;koeln_Liquiditaetskredite.csv
Köln, kreisfreie Stadt;Liquiditätskredite;Liquiditätskredite (Euro je Einwohner:in);Euro je Einwohner:in;2020;662.0;koeln_Liquiditaetskredite.csv
Köln, kreisfreie Stadt;Liquiditätskredite;Liquiditätskredite (Euro je Einwohner:in);Euro je Einwohner:in;2021;685.0;koeln_Liquiditaetskredite.csv
Köln, kreisfreie Stadt;Liquiditätskredite;Liquiditätskredite (Euro je Einwohner:in);Euro je Einwohner:in;2022;1065.0;koeln_Liquiditaetskredite.csv
Köln, kreisfreie Stadt;Liquiditätskredite;Liquiditätskredite (Euro je Einwohner:in);Euro je Einwohner:in;2023;838.0;koeln_Liquiditaetskredite.csv
Köln, kreisfreie Stadt;Luftschadstoffbelastung;Luftschadstoffbelastung (μg / m³);μg / m³;2016;12.48;koeln_Luftschadstoffbelastung.csv
Köln, kreisfreie Stadt;Luftschadstoffbelastung;Luftschadstoffbelastung (μg / m³);μg / m³;2017;12.36;koeln_Luftschadstoffbelastung.csv
Köln, kreisfreie Stadt;Luftschadstoffbelastung;Luftschadstoffbelastung (μg / m³);μg / m³;2018;11.43;koeln_Luftschadstoffbelastung.csv
Köln, kreisfreie Stadt;Luftschadstoffbelastung;Luftschadstoffbelastung (μg / m³);μg / m³;2019;10.8;koeln_Luftschadstoffbelastung.csv
Köln, kreisfreie Stadt;Luftschadstoffbelastung;Luftschadstoffbelastung (μg / m³);μg / m³;2020;9.34;koeln_Luftschadstoffbelastung.csv
Köln, kreisfreie Stadt;Luftschadstoffbelastung;Luftschadstoffbelastung (μg / m³);μg / m³;2021;11.81;koeln_Luftschadstoffbelastung.csv
Köln, kreisfreie Stadt;Luftschadstoffbelastung;Luftschadstoffbelastung (μg / m³);μg / m³;2022;9.1;koeln_Luftschadstoffbelastung.csv
Köln, kreisfreie Stadt;Luftschadstoffbelastung;Luftschadstoffbelastung (μg / m³);μg / m³;2023;7.62;koeln_Luftschadstoffbelastung.csv
Köln, kreisfreie Stadt;Naherholungsflächen;Naherholungsflächen (m² je Einwohner:in);m² je Einwohner:in;2016;41.45;koeln_Naherholungsflaechen.csv
Köln, kreisfreie Stadt;Naherholungsflächen;Naherholungsflächen (m² je Einwohner:in);m² je Einwohner:in;2017;41.25;koeln_Naherholungsflaechen.csv
Köln, kreisfreie Stadt;Naherholungsflächen;Naherholungsflächen (m² je Einwohner:in);m² je Einwohner:in;2018;40.94;koeln_Naherholungsflaechen.csv
Köln, kreisfreie Stadt;Naherholungsflächen;Naherholungsflächen (m² je Einwohner:in);m² je Einwohner:in;2019;40.86;koeln_Naherholungsflaechen.csv
Köln, kreisfreie Stadt;Naherholungsflächen;Naherholungsflächen (m² je Einwohner:in);m² je Einwohner:in;2020;38.04;koeln_Naherholungsflaechen.csv
Köln, kreisfreie Stadt;Naherholungsflächen;Naherholungsflächen (m² je Einwohner:in);m² je Einwohner:in;2021;38.65;koeln_Naherholungsflaechen.csv
Köln, kreisfreie Stadt;Naherholungsflächen;Naherholungsflächen (m² je Einwohner:in);m² je Einwohner:in;2022;38.2;koeln_Naherholungsflaechen.csv
Köln, kreisfreie Stadt;Naherholungsflächen;Naherholungsflächen (m² je Einwohner:in);m² je Einwohner:in;2023;38.07;koeln_Naherholungsflaechen.csv
Köln, kreisfreie Stadt;Naturschutzflächen;Naturschutzflächen (%);%;2016;8.3;koeln_Naturschutzflaechen.csv
Köln, kreisfreie Stadt;Naturschutzflächen;Naturschutzflächen (%);%;2017;9.0;koeln_Naturschutzflaechen.csv
Köln, kreisfreie Stadt;Naturschutzflächen;Naturschutzflächen (%);%;2018;9.0;koeln_Naturschutzflaechen.csv
Köln, kreisfreie Stadt;Naturschutzflächen;Naturschutzflächen (%);%;2019;9.0;koeln_Naturschutzflaechen.csv
Köln, kreisfreie Stadt;Naturschutzflächen;Naturschutzflächen (%);%;2020;;koeln_Naturschutzflaechen.csv
Köln, kreisfreie Stadt;Naturschutzflächen;Naturschutzflächen (%);%;2021;;koeln_Naturschutzflaechen.csv
Köln, kreisfreie Stadt;Naturschutzflächen;Naturschutzflächen (%);%;2022;9.0;koeln_Naturschutzflaechen.csv
Köln, kreisfreie Stadt;Naturschutzflächen;Naturschutzflächen (%);%;2023;;koeln_Naturschutzflaechen.csv
Köln, kreisfreie Stadt;SGB II-/SGB XII-Quote;SGB II-/SGB XII-Quote (%);%;2016;14.0;koeln_SGB_II_XII_Quote.csv
Köln, kreisfreie Stadt;SGB II-/SGB XII-Quote;SGB II-/SGB XII-Quote (%);%;2017;14.0;koeln_SGB_II_XII_Quote.csv
Köln, kreisfreie Stadt;SGB II-/SGB XII-Quote;SGB II-/SGB XII-Quote (%);%;2018;13.7;koeln_SGB_II_XII_Quote.csv
Köln, kreisfreie Stadt;SGB II-/SGB XII-Quote;SGB II-/SGB XII-Quote (%);%;2019;13.3;koeln_SGB_II_XII_Quote.csv
Köln, kreisfreie Stadt;SGB II-/SGB XII-Quote;SGB II-/SGB XII-Quote (%);%;2020;14.2;koeln_SGB_II_XII_Quote.csv
Köln, kreisfreie Stadt;SGB II-/SGB XII-Quote;SGB II-/SGB XII-Quote (%);%;2021;13.7;koeln_SGB_II_XII_Quote.csv
Köln, kreisfreie Stadt;SGB II-/SGB XII-Quote;SGB II-/SGB XII-Quote (%);%;2022;13.6;koeln_SGB_II_XII_Quote.csv
Köln, kreisfreie Stadt;SGB II-/SGB XII-Quote;SGB II-/SGB XII-Quote (%);%;2023;13.4;koeln_SGB_II_XII_Quote.csv
Köln, kreisfreie Stadt;Schulabgänger:innen allgmb. Schulen ohne Hauptschulabschluss - Gesamt;Schulabgänger:innen allgmb. Schulen ohne Hauptschulabschluss - Gesamt (%);%;2016;2.2;koeln_Schulabgaenger_ohne_Hauptschulabschluss.csv
Köln, kreisfreie Stadt;Schulabgänger:innen allgmb. Schulen ohne Hauptschulabschluss - Gesamt;Schulabgänger:innen allgmb. Schulen ohne Hauptschulabschluss - Gesamt (%);%;2017;2.0;koeln_Schulabgaenger_ohne_Hauptschulabschluss.csv
Köln, kreisfreie Stadt;Schulabgänger:innen allgmb. Schulen ohne Hauptschulabschluss - Gesamt;Schulabgänger:innen allgmb. Schulen ohne Hauptschulabschluss - Gesamt (%);%;2018;3.6;koeln_Schulabgaenger_ohne_Hauptschulabschluss.csv
Köln, kreisfreie Stadt;Schulabgänger:innen allgmb. Schulen ohne Hauptschulabschluss - Gesamt;Schulabgänger:innen allgmb. Schulen ohne Hauptschulabschluss - Gesamt (%);%;2019;3.6;koeln_Schulabgaenger_ohne_Hauptschulabschluss.csv
Köln, kreisfreie Stadt;Schulabgänger:innen allgmb. Schulen ohne Hauptschulabschluss - Gesamt;Schulabgänger:innen allgmb. Schulen ohne Hauptschulabschluss - Gesamt (%);%;2020;2.1;koeln_Schulabgaenger_ohne_Hauptschulabschluss.csv
Köln, kreisfreie Stadt;Schulabgänger:innen allgmb. Schulen ohne Hauptschulabschluss - Gesamt;Schulabgänger:innen allgmb. Schulen ohne Hauptschulabschluss - Gesamt (%);%;2021;2.1;koeln_Schulabgaenger_ohne_Hauptschulabschluss.csv
Köln, kreisfreie Stadt;Schulabgänger:innen allgmb. Schulen ohne Hauptschulabschluss - Gesamt;Schulabgänger:innen allgmb. Schulen ohne Hauptschulabschluss - Gesamt (%);%;2022;2.0;koeln_Schulabgaenger_ohne_Hauptschulabschluss.csv
Köln, kreisfreie Stadt;Schulabgänger:innen allgmb. Schulen ohne Hauptschulabschluss - Gesamt;Schulabgänger:innen allgmb. Schulen ohne Hauptschulabschluss - Gesamt (%);%;2023;3.1;koeln_Schulabgaenger_ohne_Hauptschulabschluss.csv
Köln, kreisfreie Stadt;Siedlungslast im Überschwemmungsgebiet;Siedlungslast im Überschwemmungsgebiet (%);%;2016;7.9;koeln_Siedlungslast_Ueberschwemmungsgebiet.csv
Köln, kreisfreie Stadt;Siedlungslast im Überschwemmungsgebiet;Siedlungslast im Überschwemmungsgebiet (%);%;2017;7.8;koeln_Siedlungslast_Ueberschwemmungsgebiet.csv
Köln, kreisfreie Stadt;Siedlungslast im Überschwemmungsgebiet;Siedlungslast im Überschwemmungsgebiet (%);%;2018;7.8;koeln_Siedlungslast_Ueberschwemmungsgebiet.csv
Köln, kreisfreie Stadt;Siedlungslast im Überschwemmungsgebiet;Siedlungslast im Überschwemmungsgebiet (%);%;2019;7.8;koeln_Siedlungslast_Ueberschwemmungsgebiet.csv
Köln, kreisfreie Stadt;Siedlungslast im Überschwemmungsgebiet;Siedlungslast im Überschwemmungsgebiet (%);%;2020;7.8;koeln_Siedlungslast_Ueberschwemmungsgebiet.csv
Köln, kreisfreie Stadt;Siedlungslast im Überschwemmungsgebiet;Siedlungslast im Überschwemmungsgebiet (%);%;2021;7.8;koeln_Siedlungslast_Ueberschwemmungsgebiet.csv
Köln, kreisfreie Stadt;Siedlungslast im Überschwemmungsgebiet;Siedlungslast im Überschwemmungsgebiet (%);%;2022;7.8;koeln_Siedlungslast_Ueberschwemmungsgebiet.csv
Köln, kreisfreie Stadt;Siedlungslast im Überschwemmungsgebiet;Siedlungslast im Überschwemmungsgebiet (%);%;2023;7.8;koeln_Siedlungslast_Ueberschwemmungsgebiet.csv
Köln, kreisfreie Stadt;Steuereinnahmen pro Einwohner:in;Steuereinnahmen pro Einwohner:in (Euro je Einwohner:in);Euro je Einwohner:in;2016;1751.0;koeln_Steuereinnahmen.csv
Köln, kreisfreie Stadt;Steuereinnahmen pro Einwohner:in;Steuereinnahmen pro Einwohner:in (Euro je Einwohner:in);Euro je Einwohner:in;2017;1825.0;koeln_Steuereinnahmen.csv
Köln, kreisfreie Stadt;Steuereinnahmen pro Einwohner:in;Steuereinnahmen pro Einwohner:in (Euro je Einwohner:in);Euro je Einwohner:in;2018;1922.0;koeln_Steuereinnahmen.csv
Köln, kreisfreie Stadt;Steuereinnahmen pro Einwohner:in;Steuereinnahmen pro Einwohner:in (Euro je Einwohner:in);Euro je Einwohner:in;2019;2065.0;koeln_Steuereinnahmen.csv
Köln, kreisfreie Stadt;Steuereinnahmen pro Einwohner:in;Steuereinnahmen pro Einwohner:in (Euro je Einwohner:in);Euro je Einwohner:in;2020;2061.0;koeln_Steuereinnahmen.csv
Köln, kreisfreie Stadt;Steuereinnahmen pro Einwohner:in;Steuereinnahmen pro Einwohner:in (Euro je Einwohner:in);Euro je Einwohner:in;2021;2170.0;koeln_Steuereinnahmen.csv
Köln, kreisfreie Stadt;Steuereinnahmen pro Einwohner:in;Steuereinnahmen pro Einwohner:in (Euro je Einwohner:in);Euro je Einwohner:in;2022;2271.0;koeln_Steuereinnahmen.csv
Köln, kreisfreie Stadt;Steuereinnahmen pro Einwohner:in;Steuereinnahmen pro Einwohner:in (Euro je Einwohner:in);Euro je Einwohner:in;2023;2350.0;koeln_Steuereinnahmen.csv
Köln, kreisfreie Stadt;Strom aus erneuerbaren Quellen;Strom aus erneuerbaren Quellen (kW je Einwohner:in);kW je Einwohner:in;2016;;koeln_Strom_aus_erneuerbaren_Quellen.csv
Köln, kreisfreie Stadt;Strom aus erneuerbaren Quellen;Strom aus erneuerbaren Quellen (kW je Einwohner:in);kW je Einwohner:in;2017;;koeln_Strom_aus_erneuerbaren_Quellen.csv
Köln, kreisfreie Stadt;Strom aus erneuerbaren Quellen;Strom aus erneuerbaren Quellen (kW je Einwohner:in);kW je Einwohner:in;2018;;koeln_Strom_aus_erneuerbaren_Quellen.csv
Köln, kreisfreie Stadt;Strom aus erneuerbaren Quellen;Strom aus erneuerbaren Quellen (kW je Einwohner:in);kW je Einwohner:in;2019;0.07;koeln_Strom_aus_erneuerbaren_Quellen.csv
Köln, kreisfreie Stadt;Strom aus erneuerbaren Quellen;Strom aus erneuerbaren Quellen (kW je Einwohner:in);kW je Einwohner:in;2020;0.08;koeln_Strom_aus_erneuerbaren_Quellen.csv
Köln, kreisfreie Stadt;Strom aus erneuerbaren Quellen;Strom aus erneuerbaren Quellen (kW je Einwohner:in);kW je Einwohner:in;2021;0.09;koeln_Strom_aus_erneuerbaren_Quellen.csv
Köln, kreisfreie Stadt;Strom aus erneuerbaren Quellen;Strom aus erneuerbaren Quellen (kW je Einwohner:in);kW je Einwohner:in;2022;;koeln_Strom_aus_erneuerbaren_Quellen.csv
Köln, kreisfreie Stadt;Strom aus erneuerbaren Quellen;Strom aus erneuerbaren Quellen (kW je Einwohner:in);kW je Einwohner:in;2023;0.15;koeln_Strom_aus_erneuerbaren_Quellen.csv
Köln, kreisfreie Stadt;Unter 3-Jährige in Tageseinrichtungen;Unter 3-Jährige in Tageseinrichtungen (%);%;2016;22.2;koeln_U3_in_Tageseinrichtungen.csv
Köln, kreisfreie Stadt;Unter 3-Jährige in Tageseinrichtungen;Unter 3-Jährige in Tageseinrichtungen (%);%;2017;22.4;koeln_U3_in_Tageseinrichtungen.csv
Köln, kreisfreie Stadt;Unter 3-Jährige in Tageseinrichtungen;Unter 3-Jährige in Tageseinrichtungen (%);%;2018;22.7;koeln_U3_in_Tageseinrichtungen.csv
Köln, kreisfreie Stadt;Unter 3-Jährige in Tageseinrichtungen;Unter 3-Jährige in Tageseinrichtungen (%);%;2019;22.8;koeln_U3_in_Tageseinrichtungen.csv
Köln, kreisfreie Stadt;Unter 3-Jährige in Tageseinrichtungen;Unter 3-Jährige in Tageseinrichtungen (%);%;2020;;koeln_U3_in_Tageseinrichtungen.csv
Köln, kreisfreie Stadt;Unter 3-Jährige in Tageseinrichtungen;Unter 3-Jährige in Tageseinrichtungen (%);%;2021;23.9;koeln_U3_in_Tageseinrichtungen.csv
Köln, kreisfreie Stadt;Unter 3-Jährige in Tageseinrichtungen;Unter 3-Jährige in Tageseinrichtungen (%);%;2022;25.4;koeln_U3_in_Tageseinrichtungen.csv
Köln, kreisfreie Stadt;Unter 3-Jährige in Tageseinrichtungen;Unter 3-Jährige in Tageseinrichtungen (%);%;2023;25.3;koeln_U3_in_Tageseinrichtungen.csv
Köln, kreisfreie Stadt;Verhältnis der Beschäftigungsquote von Frauen und Männern;Verhältnis der Beschäftigungsquote von Frauen und Männern (%);%;2016;89.2;koeln_Verhaeltnis_Beschaeftigung_Frauen_Maenner.csv
Köln, kreisfreie Stadt;Verhältnis der Beschäftigungsquote von Frauen und Männern;Verhältnis der Beschäftigungsquote von Frauen und Männern (%);%;2017;88.9;koeln_Verhaeltnis_Beschaeftigung_Frauen_Maenner.csv
Köln, kreisfreie Stadt;Verhältnis der Beschäftigungsquote von Frauen und Männern;Verhältnis der Beschäftigungsquote von Frauen und Männern (%);%;2018;88.5;koeln_Verhaeltnis_Beschaeftigung_Frauen_Maenner.csv
Köln, kreisfreie Stadt;Verhältnis der Beschäftigungsquote von Frauen und Männern;Verhältnis der Beschäftigungsquote von Frauen und Männern (%);%;2019;88.5;koeln_Verhaeltnis_Beschaeftigung_Frauen_Maenner.csv
Köln, kreisfreie Stadt;Verhältnis der Beschäftigungsquote von Frauen und Männern;Verhältnis der Beschäftigungsquote von Frauen und Männern (%);%;2020;89.2;koeln_Verhaeltnis_Beschaeftigung_Frauen_Maenner.csv
Köln, kreisfreie Stadt;Verhältnis der Beschäftigungsquote von Frauen und Männern;Verhältnis der Beschäftigungsquote von Frauen und Männern (%);%;2021;89.3;koeln_Verhaeltnis_Beschaeftigung_Frauen_Maenner.csv
Köln, kreisfreie Stadt;Verhältnis der Beschäftigungsquote von Frauen und Männern;Verhältnis der Beschäftigungsquote von Frauen und Männern (%);%;2022;88.8;koeln_Verhaeltnis_Beschaeftigung_Frauen_Maenner.csv
Köln, kreisfreie Stadt;Verhältnis der Beschäftigungsquote von Frauen und Männern;Verhältnis der Beschäftigungsquote von Frauen und Männern (%);%;2023;88.3;koeln_Verhaeltnis_Beschaeftigung_Frauen_Maenner.csv
Köln, kreisfreie Stadt;Verunglückte im Verkehr;Verunglückte im Verkehr (Verunglückte je 1.000 Einwohner:innen);Verunglückte je 1.000 Einwohner:innen;2016;6.0;koeln_Verunglueckte_im_Verkehr.csv
Köln, kreisfreie Stadt;Verunglückte im Verkehr;Verunglückte im Verkehr (Verunglückte je 1.000 Einwohner:innen);Verunglückte je 1.000 Einwohner:innen;2017;5.8;koeln_Verunglueckte_im_Verkehr.csv
Köln, kreisfreie Stadt;Verunglückte im Verkehr;Verunglückte im Verkehr (Verunglückte je 1.000 Einwohner:innen);Verunglückte je 1.000 Einwohner:innen;2018;5.8;koeln_Verunglueckte_im_Verkehr.csv
Köln, kreisfreie Stadt;Verunglückte im Verkehr;Verunglückte im Verkehr (Verunglückte je 1.000 Einwohner:innen);Verunglückte je 1.000 Einwohner:innen;2019;5.6;koeln_Verunglueckte_im_Verkehr.csv
Köln, kreisfreie Stadt;Verunglückte im Verkehr;Verunglückte im Verkehr (Verunglückte je 1.000 Einwohner:innen);Verunglückte je 1.000 Einwohner:innen;2020;4.8;koeln_Verunglueckte_im_Verkehr.csv
Köln, kreisfreie Stadt;Verunglückte im Verkehr;Verunglückte im Verkehr (Verunglückte je 1.000 Einwohner:innen);Verunglückte je 1.000 Einwohner:innen;2021;4.8;koeln_Verunglueckte_im_Verkehr.csv
Köln, kreisfreie Stadt;Verunglückte im Verkehr;Verunglückte im Verkehr (Verunglückte je 1.000 Einwohner:innen);Verunglückte je 1.000 Einwohner:innen;2022;5.5;koeln_Verunglueckte_im_Verkehr.csv
Köln, kreisfreie Stadt;Verunglückte im Verkehr;Verunglückte im Verkehr (Verunglückte je 1.000 Einwohner:innen);Verunglückte je 1.000 Einwohner:innen;2023;5.8;koeln_Verunglueckte_im_Verkehr.csv
Köln, kreisfreie Stadt;Vorzeitige Sterblichkeit - Gesamt;Vorzeitige Sterblichkeit - Gesamt (Todesfälle je 1.000 Einwohner:innen);Todesfälle je 1.000 Einwohner:innen;2016;2.1;koeln_Vorzeitige_Sterblichkeit.csv
Köln, kreisfreie Stadt;Vorzeitige Sterblichkeit - Gesamt;Vorzeitige Sterblichkeit - Gesamt (Todesfälle je 1.000 Einwohner:innen);Todesfälle je 1.000 Einwohner:innen;2017;2.1;koeln_Vorzeitige_Sterblichkeit.csv
Köln, kreisfreie Stadt;Vorzeitige Sterblichkeit - Gesamt;Vorzeitige Sterblichkeit - Gesamt (Todesfälle je 1.000 Einwohner:innen);Todesfälle je 1.000 Einwohner:innen;2018;;koeln_Vorzeitige_Sterblichkeit.csv
Köln, kreisfreie Stadt;Vorzeitige Sterblichkeit - Gesamt;Vorzeitige Sterblichkeit - Gesamt (Todesfälle je 1.000 Einwohner:innen);Todesfälle je 1.000 Einwohner:innen;2019;2.1;koeln_Vorzeitige_Sterblichkeit.csv
Köln, kreisfreie Stadt;Vorzeitige Sterblichkeit - Gesamt;Vorzeitige Sterblichkeit - Gesamt (Todesfälle je 1.000 Einwohner:innen);Todesfälle je 1.000 Einwohner:innen;2020;2.1;koeln_Vorzeitige_Sterblichkeit.csv
Köln, kreisfreie Stadt;Vorzeitige Sterblichkeit - Gesamt;Vorzeitige Sterblichkeit - Gesamt (Todesfälle je 1.000 Einwohner:innen);Todesfälle je 1.000 Einwohner:innen;2021;2.1;koeln_Vorzeitige_Sterblichkeit.csv
Köln, kreisfreie Stadt;Vorzeitige Sterblichkeit - Gesamt;Vorzeitige Sterblichkeit - Gesamt (Todesfälle je 1.000 Einwohner:innen);Todesfälle je 1.000 Einwohner:innen;2022;2.1;koeln_Vorzeitige_Sterblichkeit.csv
Köln, kreisfreie Stadt;Vorzeitige Sterblichkeit - Gesamt;Vorzeitige Sterblichkeit - Gesamt (Todesfälle je 1.000 Einwohner:innen);Todesfälle je 1.000 Einwohner:innen;2023;2.2;koeln_Vorzeitige_Sterblichkeit.csv
Köln, kreisfreie Stadt;Wohnfläche pro Person;Wohnfläche pro Person (m²);m²;2016;38.5;koeln_Wohnflaeche.csv
Köln, kreisfreie Stadt;Wohnfläche pro Person;Wohnfläche pro Person (m²);m²;2017;38.1;koeln_Wohnflaeche.csv
Köln, kreisfreie Stadt;Wohnfläche pro Person;Wohnfläche pro Person (m²);m²;2018;38.5;koeln_Wohnflaeche.csv
Köln, kreisfreie Stadt;Wohnfläche pro Person;Wohnfläche pro Person (m²);m²;2019;38.2;koeln_Wohnflaeche.csv
Köln, kreisfreie Stadt;Wohnfläche pro Person;Wohnfläche pro Person (m²);m²;2020;38.5;koeln_Wohnflaeche.csv
Köln, kreisfreie Stadt;Wohnfläche pro Person;Wohnfläche pro Person (m²);m²;2021;39.1;koeln_Wohnflaeche.csv
Köln, kreisfreie Stadt;Wohnfläche pro Person;Wohnfläche pro Person (m²);m²;2022;38.8;koeln_Wohnflaeche.csv
Köln, kreisfreie Stadt;Wohnfläche pro Person;Wohnfläche pro Person (m²);m²;2023;39.3;koeln_Wohnflaeche.csv
Köln, kreisfreie Stadt;Wohnungsnahe Grundversorgung - Apotheke;Wohnungsnahe Grundversorgung - Apotheke (Meter);Meter;2016;;koeln_Wohnungsnahe_Apotheke.csv
Köln, kreisfreie Stadt;Wohnungsnahe Grundversorgung - Apotheke;Wohnungsnahe Grundversorgung - Apotheke (Meter);Meter;2017;;koeln_Wohnungsnahe_Apotheke.csv
Köln, kreisfreie Stadt;Wohnungsnahe Grundversorgung - Apotheke;Wohnungsnahe Grundversorgung - Apotheke (Meter);Meter;2018;;koeln_Wohnungsnahe_Apotheke.csv
Köln, kreisfreie Stadt;Wohnungsnahe Grundversorgung - Apotheke;Wohnungsnahe Grundversorgung - Apotheke (Meter);Meter;2019;;koeln_Wohnungsnahe_Apotheke.csv
Köln, kreisfreie Stadt;Wohnungsnahe Grundversorgung - Apotheke;Wohnungsnahe Grundversorgung - Apotheke (Meter);Meter;2020;;koeln_Wohnungsnahe_Apotheke.csv
Köln, kreisfreie Stadt;Wohnungsnahe Grundversorgung - Apotheke;Wohnungsnahe Grundversorgung - Apotheke (Meter);Meter;2021;483.0;koeln_Wohnungsnahe_Apotheke.csv
Köln, kreisfreie Stadt;Wohnungsnahe Grundversorgung - Apotheke;Wohnungsnahe Grundversorgung - Apotheke (Meter);Meter;2022;;koeln_Wohnungsnahe_Apotheke.csv
Köln, kreisfreie Stadt;Wohnungsnahe Grundversorgung - Apotheke;Wohnungsnahe Grundversorgung - Apotheke (Meter);Meter;2023;;koeln_Wohnungsnahe_Apotheke.csv
Köln, kreisfreie Stadt;Wohnungsnahe Grundversorgung - Grundschule;Wohnungsnahe Grundversorgung - Grundschule (Meter);Meter;2016;;koeln_Wohnungsnahe_Grundschule.csv
Köln, kreisfreie Stadt;Wohnungsnahe Grundversorgung - Grundschule;Wohnungsnahe Grundversorgung - Grundschule (Meter);Meter;2017;;koeln_Wohnungsnahe_Grundschule.csv
Köln, kreisfreie Stadt;Wohnungsnahe Grundversorgung - Grundschule;Wohnungsnahe Grundversorgung - Grundschule (Meter);Meter;2018;496.0;koeln_Wohnungsnahe_Grundschule.csv
Köln, kreisfreie Stadt;Wohnungsnahe Grundversorgung - Grundschule;Wohnungsnahe Grundversorgung - Grundschule (Meter);Meter;2019;;koeln_Wohnungsnahe_Grundschule.csv
Köln, kreisfreie Stadt;Wohnungsnahe Grundversorgung - Grundschule;Wohnungsnahe Grundversorgung - Grundschule (Meter);Meter;2020;;koeln_Wohnungsnahe_Grundschule.csv
Köln, kreisfreie Stadt;Wohnungsnahe Grundversorgung - Grundschule;Wohnungsnahe Grundversorgung - Grundschule (Meter);Meter;2021;498.0;koeln_Wohnungsnahe_Grundschule.csv
Köln, kreisfreie Stadt;Wohnungsnahe Grundversorgung - Grundschule;Wohnungsnahe Grundversorgung - Grundschule (Meter);Meter;2022;;koeln_Wohnungsnahe_Grundschule.csv
Köln, kreisfreie Stadt;Wohnungsnahe Grundversorgung - Grundschule;Wohnungsnahe Grundversorgung - Grundschule (Meter);Meter;2023;;koeln_Wohnungsnahe_Grundschule.csv
Köln, kreisfreie Stadt;Wohnungsnahe Grundversorgung - Hausarzt;Wohnungsnahe Grundversorgung - Hausarzt (Meter);Meter;2016;;koeln_Wohnungsnaher_Hausarzt.csv
Köln, kreisfreie Stadt;Wohnungsnahe Grundversorgung - Hausarzt;Wohnungsnahe Grundversorgung - Hausarzt (Meter);Meter;2017;;koeln_Wohnungsnaher_Hausarzt.csv
Köln, kreisfreie Stadt;Wohnungsnahe Grundversorgung - Hausarzt;Wohnungsnahe Grundversorgung - Hausarzt (Meter);Meter;2018;;koeln_Wohnungsnaher_Hausarzt.csv
Köln, kreisfreie Stadt;Wohnungsnahe Grundversorgung - Hausarzt;Wohnungsnahe Grundversorgung - Hausarzt (Meter);Meter;2019;;koeln_Wohnungsnaher_Hausarzt.csv
Köln, kreisfreie Stadt;Wohnungsnahe Grundversorgung - Hausarzt;Wohnungsnahe Grundversorgung - Hausarzt (Meter);Meter;2020;;koeln_Wohnungsnaher_Hausarzt.csv
Köln, kreisfreie Stadt;Wohnungsnahe Grundversorgung - Hausarzt;Wohnungsnahe Grundversorgung - Hausarzt (Meter);Meter;2021;344.0;koeln_Wohnungsnaher_Hausarzt.csv
Köln, kreisfreie Stadt;Wohnungsnahe Grundversorgung - Hausarzt;Wohnungsnahe Grundversorgung - Hausarzt (Meter);Meter;2022;;koeln_Wohnungsnaher_Hausarzt.csv
Köln, kreisfreie Stadt;Wohnungsnahe Grundversorgung - Hausarzt;Wohnungsnahe Grundversorgung - Hausarzt (Meter);Meter;2023;;koeln_Wohnungsnaher_Hausarzt.csv
Köln, kreisfreie Stadt;Wohnungsnahe Grundversorgung - Supermarkt;Wohnungsnahe Grundversorgung - Supermarkt (Meter);Meter;2016;;koeln_Wohnungsnaher_Supermarkt.csv
Köln, kreisfreie Stadt;Wohnungsnahe Grundversorgung - Supermarkt;Wohnungsnahe Grundversorgung - Supermarkt (Meter);Meter;2017;;koeln_Wohnungsnaher_Supermarkt.csv
Köln, kreisfreie Stadt;Wohnungsnahe Grundversorgung - Supermarkt;Wohnungsnahe Grundversorgung - Supermarkt (Meter);Meter;2018;;koeln_Wohnungsnaher_Supermarkt.csv
Köln, kreisfreie Stadt;Wohnungsnahe Grundversorgung - Supermarkt;Wohnungsnahe Grundversorgung - Supermarkt (Meter);Meter;2019;;koeln_Wohnungsnaher_Supermarkt.csv
Köln, kreisfreie Stadt;Wohnungsnahe Grundversorgung - Supermarkt;Wohnungsnahe Grundversorgung - Supermarkt (Meter);Meter;2020;;koeln_Wohnungsnaher_Supermarkt.csv
Köln, kreisfreie Stadt;Wohnungsnahe Grundversorgung - Supermarkt;Wohnungsnahe Grundversorgung - Supermarkt (Meter);Meter;2021;407.0;koeln_Wohnungsnaher_Supermarkt.csv
Köln, kreisfreie Stadt;Wohnungsnahe Grundversorgung - Supermarkt;Wohnungsnahe Grundversorgung - Supermarkt (Meter);Meter;2022;;koeln_Wohnungsnaher_Supermarkt.csv
Köln, kreisfreie Stadt;Wohnungsnahe Grundversorgung - Supermarkt;Wohnungsnahe Grundversorgung - Supermarkt (Meter);Meter;2023;;koeln_Wohnungsnaher_Supermarkt.csv
Nordrhein-Westfalen;Abwasserbehandlung;Abwasserbehandlung (%);%;2016;;Nordrhein-Westfalen_Abwasserbehandlung.csv
Nordrhein-Westfalen;Abwasserbehandlung;Abwasserbehandlung (%);%;2017;;Nordrhein-Westfalen_Abwasserbehandlung.csv
Nordrhein-Westfalen;Abwasserbehandlung;Abwasserbehandlung (%);%;2018;;Nordrhein-Westfalen_Abwasserbehandlung.csv
Nordrhein-Westfalen;Abwasserbehandlung;Abwasserbehandlung (%);%;2019;97.8;Nordrhein-Westfalen_Abwasserbehandlung.csv
Nordrhein-Westfalen;Abwasserbehandlung;Abwasserbehandlung (%);%;2020;97.8;Nordrhein-Westfalen_Abwasserbehandlung.csv
Nordrhein-Westfalen;Abwasserbehandlung;Abwasserbehandlung (%);%;2021;97.8;Nordrhein-Westfalen_Abwasserbehandlung.csv
Nordrhein-Westfalen;Abwasserbehandlung;Abwasserbehandlung (%);%;2022;98.1;Nordrhein-Westfalen_Abwasserbehandlung.csv
Nordrhein-Westfalen;Abwasserbehandlung;Abwasserbehandlung (%);%;2023;98.1;Nordrhein-Westfalen_Abwasserbehandlung.csv
Nordrhein-Westfalen;Altersarmut;Altersarmut (%);%;2016;3.9;Nordrhein-Westfalen_Altersarmut.csv
Nordrhein-Westfalen;Altersarmut;Altersarmut (%);%;2017;4.0;Nordrhein-Westfalen_Altersarmut.csv
Nordrhein-Westfalen;Altersarmut;Altersarmut (%);%;2018;4.1;Nordrhein-Westfalen_Altersarmut.csv
Nordrhein-Westfalen;Altersarmut;Altersarmut (%);%;2019;4.1;Nordrhein-Westfalen_Altersarmut.csv
Nordrhein-Westfalen;Altersarmut;Altersarmut (%);%;2020;4.0;Nordrhein-Westfalen_Altersarmut.csv
Nordrhein-Westfalen;Altersarmut;Altersarmut (%);%;2021;4.2;Nordrhein-Westfalen_Altersarmut.csv
Nordrhein-Westfalen;Altersarmut;Altersarmut (%);%;2022;4.5;Nordrhein-Westfalen_Altersarmut.csv
Nordrhein-Westfalen;Altersarmut;Altersarmut (%);%;2023;4.7;Nordrhein-Westfalen_Altersarmut.csv
Nordrhein-Westfalen;Beschäftigungsquote;Beschäftigungsquote (%);%;2016;54.5;Nordrhein-Westfalen_Beschaeftigungsquote.csv
Nordrhein-Westfalen;Beschäftigungsquote;Beschäftigungsquote (%);%;2017;55.9;Nordrhein-Westfalen_Beschaeftigungsquote.csv
Nordrhein-Westfalen;Beschäftigungsquote;Beschäftigungsquote (%);%;2018;57.2;Nordrhein-Westfalen_Beschaeftigungsquote.csv
Nordrhein-Westfalen;Beschäftigungsquote;Beschäftigungsquote (%);%;2019;58.4;Nordrhein-Westfalen_Beschaeftigungsquote.csv
Nordrhein-Westfalen;Beschäftigungsquote;Beschäftigungsquote (%);%;2020;58.7;Nordrhein-Westfalen_Beschaeftigungsquote.csv
Nordrhein-Westfalen;Beschäftigungsquote;Beschäftigungsquote (%);%;2021;60.0;Nordrhein-Westfalen_Beschaeftigungsquote.csv
Nordrhein-Westfalen;Beschäftigungsquote;Beschäftigungsquote (%);%;2022;60.5;Nordrhein-Westfalen_Beschaeftigungsquote.csv
Nordrhein-Westfalen;Beschäftigungsquote;Beschäftigungsquote (%);%;2023;60.9;Nordrhein-Westfalen_Beschaeftigungsquote.csv
Nordrhein-Westfalen;Breitbandversorgung - Private Haushalte;Breitbandversorgung - Private Haushalte (%);%;2016;;Nordrhein-Westfalen_Breitbandversorgung_Haushalte.csv
Nordrhein-Westfalen;Breitbandversorgung - Private Haushalte;Breitbandversorgung - Private Haushalte (%);%;2017;72.2;Nordrhein-Westfalen_Breitbandversorgung_Haushalte.csv
Nordrhein-Westfalen;Breitbandversorgung - Private Haushalte;Breitbandversorgung - Private Haushalte (%);%;2018;;Nordrhein-Westfalen_Breitbandversorgung_Haushalte.csv
Nordrhein-Westfalen;Breitbandversorgung - Private Haushalte;Breitbandversorgung - Private Haushalte (%);%;2019;;Nordrhein-Westfalen_Breitbandversorgung_Haushalte.csv
Nordrhein-Westfalen;Breitbandversorgung - Private Haushalte;Breitbandversorgung - Private Haushalte (%);%;2020;92.4;Nordrhein-Westfalen_Breitbandversorgung_Haushalte.csv
Nordrhein-Westfalen;Breitbandversorgung - Private Haushalte;Breitbandversorgung - Private Haushalte (%);%;2021;93.2;Nordrhein-Westfalen_Breitbandversorgung_Haushalte.csv
Nordrhein-Westfalen;Breitbandversorgung - Private Haushalte;Breitbandversorgung - Private Haushalte (%);%;2022;93.8;Nordrhein-Westfalen_Breitbandversorgung_Haushalte.csv
Nordrhein-Westfalen;Breitbandversorgung - Private Haushalte;Breitbandversorgung - Private Haushalte (%);%;2023;;Nordrhein-Westfalen_Breitbandversorgung_Haushalte.csv
Nordrhein-Westfalen;Eingebürgerte im Jahr;Eingebürgerte im Jahr (%);%;2016;1.3;Nordrhein-Westfalen_Einbuergerungen.csv
Nordrhein-Westfalen;Eingebürgerte im Jahr;Eingebürgerte im Jahr (%);%;2017;1.2;Nordrhein-Westfalen_Einbuergerungen.csv
Nordrhein-Westfalen;Eingebürgerte im Jahr;Eingebürgerte im Jahr (%);%;2018;1.2;Nordrhein-Westfalen_Einbuergerungen.csv
Nordrhein-Westfalen;Eingebürgerte im Jahr;Eingebürgerte im Jahr (%);%;2019;1.3;Nordrhein-Westfalen_Einbuergerungen.csv
Nordrhein-Westfalen;Eingebürgerte im Jahr;Eingebürgerte im Jahr (%);%;2020;1.0;Nordrhein-Westfalen_Einbuergerungen.csv
Nordrhein-Westfalen;Eingebürgerte im Jahr;Eingebürgerte im Jahr (%);%;2021;1.2;Nordrhein-Westfalen_Einbuergerungen.csv
Nordrhein-Westfalen;Eingebürgerte im Jahr;Eingebürgerte im Jahr (%);%;2022;1.6;Nordrhein-Westfalen_Einbuergerungen.csv
Nordrhein-Westfalen;Eingebürgerte im Jahr;Eingebürgerte im Jahr (%);%;2023;1.8;Nordrhein-Westfalen_Einbuergerungen.csv
Nordrhein-Westfalen;Erwerbstätige Aufstocker:innen - Gesamt;Erwerbstätige Aufstocker:innen - Gesamt (%);%;2016;25.4;Nordrhein-Westfalen_Erwerbstaetige_Aufstockende.csv
Nordrhein-Westfalen;Erwerbstätige Aufstocker:innen - Gesamt;Erwerbstätige Aufstocker:innen - Gesamt (%);%;2017;25.3;Nordrhein-Westfalen_Erwerbstaetige_Aufstockende.csv
Nordrhein-Westfalen;Erwerbstätige Aufstocker:innen - Gesamt;Erwerbstätige Aufstocker:innen - Gesamt (%);%;2018;25.5;Nordrhein-Westfalen_Erwerbstaetige_Aufstockende.csv
Nordrhein-Westfalen;Erwerbstätige Aufstocker:innen - Gesamt;Erwerbstätige Aufstocker:innen - Gesamt (%);%;2019;25.1;Nordrhein-Westfalen_Erwerbstaetige_Aufstockende.csv
Nordrhein-Westfalen;Erwerbstätige Aufstocker:innen - Gesamt;Erwerbstätige Aufstocker:innen - Gesamt (%);%;2020;22.4;Nordrhein-Westfalen_Erwerbstaetige_Aufstockende.csv
Nordrhein-Westfalen;Erwerbstätige Aufstocker:innen - Gesamt;Erwerbstätige Aufstocker:innen - Gesamt (%);%;2021;22.8;Nordrhein-Westfalen_Erwerbstaetige_Aufstockende.csv
Nordrhein-Westfalen;Erwerbstätige Aufstocker:innen - Gesamt;Erwerbstätige Aufstocker:innen - Gesamt (%);%;2022;20.2;Nordrhein-Westfalen_Erwerbstaetige_Aufstockende.csv
Nordrhein-Westfalen;Erwerbstätige Aufstocker:innen - Gesamt;Erwerbstätige Aufstocker:innen - Gesamt (%);%;2023;20.8;Nordrhein-Westfalen_Erwerbstaetige_Aufstockende.csv
Nordrhein-Westfalen;Existenzgründungen;Existenzgründungen (Neuerrichtungen je 1.000 Einwohner:innen);Neuerrichtungen je 1.000 Einwohner:innen;2016;7.0;Nordrhein-Westfalen_Existenzgruendungen.csv
Nordrhein-Westfalen;Existenzgründungen;Existenzgründungen (Neuerrichtungen je 1.000 Einwohner:innen);Neuerrichtungen je 1.000 Einwohner:innen;2017;7.9;Nordrhein-Westfalen_Existenzgruendungen.csv
Nordrhein-Westfalen;Existenzgründungen;Existenzgründungen (Neuerrichtungen je 1.000 Einwohner:innen);Neuerrichtungen je 1.000 Einwohner:innen;2018;7.9;Nordrhein-Westfalen_Existenzgruendungen.csv
Nordrhein-Westfalen;Existenzgründungen;Existenzgründungen (Neuerrichtungen je 1.000 Einwohner:innen);Neuerrichtungen je 1.000 Einwohner:innen;2019;8.0;Nordrhein-Westfalen_Existenzgruendungen.csv
Nordrhein-Westfalen;Existenzgründungen;Existenzgründungen (Neuerrichtungen je 1.000 Einwohner:innen);Neuerrichtungen je 1.000 Einwohner:innen;2020;6.5;Nordrhein-Westfalen_Existenzgruendungen.csv
Nordrhein-Westfalen;Existenzgründungen;Existenzgründungen (Neuerrichtungen je 1.000 Einwohner:innen);Neuerrichtungen je 1.000 Einwohner:innen;2021;7.0;Nordrhein-Westfalen_Existenzgruendungen.csv
Nordrhein-Westfalen;Existenzgründungen;Existenzgründungen (Neuerrichtungen je 1.000 Einwohner:innen);Neuerrichtungen je 1.000 Einwohner:innen;2022;6.6;Nordrhein-Westfalen_Existenzgruendungen.csv
Nordrhein-Westfalen;Existenzgründungen;Existenzgründungen (Neuerrichtungen je 1.000 Einwohner:innen);Neuerrichtungen je 1.000 Einwohner:innen;2023;7.3;Nordrhein-Westfalen_Existenzgruendungen.csv
Nordrhein-Westfalen;Fertiggestellte Wohngebäude mit erneuerbarer Energie;Fertiggestellte Wohngebäude mit erneuerbarer Energie (%);%;2016;33.8;Nordrhein-Westfalen_Wohngebaeude_erneuerbare_Heizenergie.csv
Nordrhein-Westfalen;Fertiggestellte Wohngebäude mit erneuerbarer Energie;Fertiggestellte Wohngebäude mit erneuerbarer Energie (%);%;2017;38.5;Nordrhein-Westfalen_Wohngebaeude_erneuerbare_Heizenergie.csv
Nordrhein-Westfalen;Fertiggestellte Wohngebäude mit erneuerbarer Energie;Fertiggestellte Wohngebäude mit erneuerbarer Energie (%);%;2018;44.8;Nordrhein-Westfalen_Wohngebaeude_erneuerbare_Heizenergie.csv
Nordrhein-Westfalen;Fertiggestellte Wohngebäude mit erneuerbarer Energie;Fertiggestellte Wohngebäude mit erneuerbarer Energie (%);%;2019;46.6;Nordrhein-Westfalen_Wohngebaeude_erneuerbare_Heizenergie.csv
Nordrhein-Westfalen;Fertiggestellte Wohngebäude mit erneuerbarer Energie;Fertiggestellte Wohngebäude mit erneuerbarer Energie (%);%;2020;50.2;Nordrhein-Westfalen_Wohngebaeude_erneuerbare_Heizenergie.csv
Nordrhein-Westfalen;Fertiggestellte Wohngebäude mit erneuerbarer Energie;Fertiggestellte Wohngebäude mit erneuerbarer Energie (%);%;2021;55.4;Nordrhein-Westfalen_Wohngebaeude_erneuerbare_Heizenergie.csv
Nordrhein-Westfalen;Fertiggestellte Wohngebäude mit erneuerbarer Energie;Fertiggestellte Wohngebäude mit erneuerbarer Energie (%);%;2022;61.5;Nordrhein-Westfalen_Wohngebaeude_erneuerbare_Heizenergie.csv
Nordrhein-Westfalen;Fertiggestellte Wohngebäude mit erneuerbarer Energie;Fertiggestellte Wohngebäude mit erneuerbarer Energie (%);%;2023;69.0;Nordrhein-Westfalen_Wohngebaeude_erneuerbare_Heizenergie.csv
Nordrhein-Westfalen;Finanzmittelsaldo;Finanzmittelsaldo (Euro je Einwohner:in);Euro je Einwohner:in;2016;57.0;Nordrhein-Westfalen_Finanzmittelsaldo.csv
Nordrhein-Westfalen;Finanzmittelsaldo;Finanzmittelsaldo (Euro je Einwohner:in);Euro je Einwohner:in;2017;185.0;Nordrhein-Westfalen_Finanzmittelsaldo.csv
Nordrhein-Westfalen;Finanzmittelsaldo;Finanzmittelsaldo (Euro je Einwohner:in);Euro je Einwohner:in;2018;181.0;Nordrhein-Westfalen_Finanzmittelsaldo.csv
Nordrhein-Westfalen;Finanzmittelsaldo;Finanzmittelsaldo (Euro je Einwohner:in);Euro je Einwohner:in;2019;160.0;Nordrhein-Westfalen_Finanzmittelsaldo.csv
Nordrhein-Westfalen;Finanzmittelsaldo;Finanzmittelsaldo (Euro je Einwohner:in);Euro je Einwohner:in;2020;103.0;Nordrhein-Westfalen_Finanzmittelsaldo.csv
Nordrhein-Westfalen;Finanzmittelsaldo;Finanzmittelsaldo (Euro je Einwohner:in);Euro je Einwohner:in;2021;90.0;Nordrhein-Westfalen_Finanzmittelsaldo.csv
Nordrhein-Westfalen;Finanzmittelsaldo;Finanzmittelsaldo (Euro je Einwohner:in);Euro je Einwohner:in;2022;118.0;Nordrhein-Westfalen_Finanzmittelsaldo.csv
Nordrhein-Westfalen;Finanzmittelsaldo;Finanzmittelsaldo (Euro je Einwohner:in);Euro je Einwohner:in;2023;-29.0;Nordrhein-Westfalen_Finanzmittelsaldo.csv
Nordrhein-Westfalen;Flächeninanspruchnahme;Flächeninanspruchnahme (%);%;2016;23.5;Nordrhein-Westfalen_Flaecheninanspruchnahme.csv
Nordrhein-Westfalen;Flächeninanspruchnahme;Flächeninanspruchnahme (%);%;2017;23.5;Nordrhein-Westfalen_Flaecheninanspruchnahme.csv
Nordrhein-Westfalen;Flächeninanspruchnahme;Flächeninanspruchnahme (%);%;2018;23.6;Nordrhein-Westfalen_Flaecheninanspruchnahme.csv
Nordrhein-Westfalen;Flächeninanspruchnahme;Flächeninanspruchnahme (%);%;2019;23.7;Nordrhein-Westfalen_Flaecheninanspruchnahme.csv
Nordrhein-Westfalen;Flächeninanspruchnahme;Flächeninanspruchnahme (%);%;2020;23.7;Nordrhein-Westfalen_Flaecheninanspruchnahme.csv
Nordrhein-Westfalen;Flächeninanspruchnahme;Flächeninanspruchnahme (%);%;2021;23.8;Nordrhein-Westfalen_Flaecheninanspruchnahme.csv
Nordrhein-Westfalen;Flächeninanspruchnahme;Flächeninanspruchnahme (%);%;2022;23.8;Nordrhein-Westfalen_Flaecheninanspruchnahme.csv
Nordrhein-Westfalen;Flächeninanspruchnahme;Flächeninanspruchnahme (%);%;2023;23.9;Nordrhein-Westfalen_Flaecheninanspruchnahme.csv
Nordrhein-Westfalen;Flächennutzungsintensität;Flächennutzungsintensität (qm/Einwohner:in);qm/Einwohner:in;2016;447.1;Nordrhein-Westfalen_Flaechennutzungsintensitaet.csv
Nordrhein-Westfalen;Flächennutzungsintensität;Flächennutzungsintensität (qm/Einwohner:in);qm/Einwohner:in;2017;447.9;Nordrhein-Westfalen_Flaechennutzungsintensitaet.csv
Nordrhein-Westfalen;Flächennutzungsintensität;Flächennutzungsintensität (qm/Einwohner:in);qm/Einwohner:in;2018;448.5;Nordrhein-Westfalen_Flaechennutzungsintensitaet.csv
Nordrhein-Westfalen;Flächennutzungsintensität;Flächennutzungsintensität (qm/Einwohner:in);qm/Einwohner:in;2019;449.8;Nordrhein-Westfalen_Flaechennutzungsintensitaet.csv
Nordrhein-Westfalen;Flächennutzungsintensität;Flächennutzungsintensität (qm/Einwohner:in);qm/Einwohner:in;2020;451.5;Nordrhein-Westfalen_Flaechennutzungsintensitaet.csv
Nordrhein-Westfalen;Flächennutzungsintensität;Flächennutzungsintensität (qm/Einwohner:in);qm/Einwohner:in;2021;452.3;Nordrhein-Westfalen_Flaechennutzungsintensitaet.csv
Nordrhein-Westfalen;Flächennutzungsintensität;Flächennutzungsintensität (qm/Einwohner:in);qm/Einwohner:in;2022;447.9;Nordrhein-Westfalen_Flaechennutzungsintensitaet.csv
Nordrhein-Westfalen;Flächennutzungsintensität;Flächennutzungsintensität (qm/Einwohner:in);qm/Einwohner:in;2023;448.8;Nordrhein-Westfalen_Flaechennutzungsintensitaet.csv
Nordrhein-Westfalen;Hochqualifizierte am Arbeitsort;Hochqualifizierte am Arbeitsort (%);%;2016;13.9;Nordrhein-Westfalen_Hochqualifizierte_am_Arbeitsort.csv
Nordrhein-Westfalen;Hochqualifizierte am Arbeitsort;Hochqualifizierte am Arbeitsort (%);%;2017;14.5;Nordrhein-Westfalen_Hochqualifizierte_am_Arbeitsort.csv
Nordrhein-Westfalen;Hochqualifizierte am Arbeitsort;Hochqualifizierte am Arbeitsort (%);%;2018;15.1;Nordrhein-Westfalen_Hochqualifizierte_am_Arbeitsort.csv
Nordrhein-Westfalen;Hochqualifizierte am Arbeitsort;Hochqualifizierte am Arbeitsort (%);%;2019;15.6;Nordrhein-Westfalen_Hochqualifizierte_am_Arbeitsort.csv
Nordrhein-Westfalen;Hochqualifizierte am Arbeitsort;Hochqualifizierte am Arbeitsort (%);%;2020;16.2;Nordrhein-Westfalen_Hochqualifizierte_am_Arbeitsort.csv
Nordrhein-Westfalen;Hochqualifizierte am Arbeitsort;Hochqualifizierte am Arbeitsort (%);%;2021;16.8;Nordrhein-Westfalen_Hochqualifizierte_am_Arbeitsort.csv
Nordrhein-Westfalen;Hochqualifizierte am Arbeitsort;Hochqualifizierte am Arbeitsort (%);%;2022;17.4;Nordrhein-Westfalen_Hochqualifizierte_am_Arbeitsort.csv
Nordrhein-Westfalen;Hochqualifizierte am Arbeitsort;Hochqualifizierte am Arbeitsort (%);%;2023;18.0;Nordrhein-Westfalen_Hochqualifizierte_am_Arbeitsort.csv
Nordrhein-Westfalen;Kinderarmut;Kinderarmut (%);%;2016;18.9;Nordrhein-Westfalen_Kinderarmut.csv
Nordrhein-Westfalen;Kinderarmut;Kinderarmut (%);%;2017;19.5;Nordrhein-Westfalen_Kinderarmut.csv
Nordrhein-Westfalen;Kinderarmut;Kinderarmut (%);%;2018;19.8;Nordrhein-Westfalen_Kinderarmut.csv
Nordrhein-Westfalen;Kinderarmut;Kinderarmut (%);%;2019;19.2;Nordrhein-Westfalen_Kinderarmut.csv
Nordrhein-Westfalen;Kinderarmut;Kinderarmut (%);%;2020;18.9;Nordrhein-Westfalen_Kinderarmut.csv
Nordrhein-Westfalen;Kinderarmut;Kinderarmut (%);%;2021;17.9;Nordrhein-Westfalen_Kinderarmut.csv
Nordrhein-Westfalen;Kinderarmut;Kinderarmut (%);%;2022;18.4;Nordrhein-Westfalen_Kinderarmut.csv
Nordrhein-Westfalen;Kinderarmut;Kinderarmut (%);%;2023;17.9;Nordrhein-Westfalen_Kinderarmut.csv
Nordrhein-Westfalen;Ladesäuleninfrastruktur;Ladesäuleninfrastruktur (Ladepunkte je 1.000 Einwohner:innen);Ladepunkte je 1.000 Einwohner:innen;2016;0.07;Nordrhein-Westfalen_Ladesaeuleninfrastruktur.csv
Nordrhein-Westfalen;Ladesäuleninfrastruktur;Ladesäuleninfrastruktur (Ladepunkte je 1.000 Einwohner:innen);Ladepunkte je 1.000 Einwohner:innen;2017;0.1;Nordrhein-Westfalen_Ladesaeuleninfrastruktur.csv
Nordrhein-Westfalen;Ladesäuleninfrastruktur;Ladesäuleninfrastruktur (Ladepunkte je 1.000 Einwohner:innen);Ladepunkte je 1.000 Einwohner:innen;2018;0.17;Nordrhein-Westfalen_Ladesaeuleninfrastruktur.csv
Nordrhein-Westfalen;Ladesäuleninfrastruktur;Ladesäuleninfrastruktur (Ladepunkte je 1.000 Einwohner:innen);Ladepunkte je 1.000 Einwohner:innen;2019;0.28;Nordrhein-Westfalen_Ladesaeuleninfrastruktur.csv
Nordrhein-Westfalen;Ladesäuleninfrastruktur;Ladesäuleninfrastruktur (Ladepunkte je 1.000 Einwohner:innen);Ladepunkte je 1.000 Einwohner:innen;2020;0.38;Nordrhein-Westfalen_Ladesaeuleninfrastruktur.csv
Nordrhein-Westfalen;Ladesäuleninfrastruktur;Ladesäuleninfrastruktur (Ladepunkte je 1.000 Einwohner:innen);Ladepunkte je 1.000 Einwohner:innen;2021;0.53;Nordrhein-Westfalen_Ladesaeuleninfrastruktur.csv
Nordrhein-Westfalen;Ladesäuleninfrastruktur;Ladesäuleninfrastruktur (Ladepunkte je 1.000 Einwohner:innen);Ladepunkte je 1.000 Einwohner:innen;2022;0.84;Nordrhein-Westfalen_Ladesaeuleninfrastruktur.csv
Nordrhein-Westfalen;Ladesäuleninfrastruktur;Ladesäuleninfrastruktur (Ladepunkte je 1.000 Einwohner:innen);Ladepunkte je 1.000 Einwohner:innen;2023;1.25;Nordrhein-Westfalen_Ladesaeuleninfrastruktur.csv
Nordrhein-Westfalen;Landschaftsqualität;Landschaftsqualität (Hemerobiewert);Hemerobiewert;2016;;Nordrhein-Westfalen_Landschaftsqualitaet.csv
Nordrhein-Westfalen;Landschaftsqualität;Landschaftsqualität (Hemerobiewert);Hemerobiewert;2017;;Nordrhein-Westfalen_Landschaftsqualitaet.csv
Nordrhein-Westfalen;Landschaftsqualität;Landschaftsqualität (Hemerobiewert);Hemerobiewert;2018;4.4;Nordrhein-Westfalen_Landschaftsqualitaet.csv
Nordrhein-Westfalen;Landschaftsqualität;Landschaftsqualität (Hemerobiewert);Hemerobiewert;2019;;Nordrhein-Westfalen_Landschaftsqualitaet.csv
Nordrhein-Westfalen;Landschaftsqualität;Landschaftsqualität (Hemerobiewert);Hemerobiewert;2020;4.4;Nordrhein-Westfalen_Landschaftsqualitaet.csv
Nordrhein-Westfalen;Landschaftsqualität;Landschaftsqualität (Hemerobiewert);Hemerobiewert;2021;4.4;Nordrhein-Westfalen_Landschaftsqualitaet.csv
Nordrhein-Westfalen;Landschaftsqualität;Landschaftsqualität (Hemerobiewert);Hemerobiewert;2022;;Nordrhein-Westfalen_Landschaftsqualitaet.csv
Nordrhein-Westfalen;Landschaftsqualität;Landschaftsqualität (Hemerobiewert);Hemerobiewert;2023;;Nordrhein-Westfalen_Landschaftsqualitaet.csv
Nordrhein-Westfalen;Langzeitarbeitslosenquote;Langzeitarbeitslosenquote (%);%;2016;4.4;Nordrhein-Westfalen_Langzeitarbeitslosenquote.csv
Nordrhein-Westfalen;Langzeitarbeitslosenquote;Langzeitarbeitslosenquote (%);%;2017;4.0;Nordrhein-Westfalen_Langzeitarbeitslosenquote.csv
Nordrhein-Westfalen;Langzeitarbeitslosenquote;Langzeitarbeitslosenquote (%);%;2018;3.7;Nordrhein-Westfalen_Langzeitarbeitslosenquote.csv
Nordrhein-Westfalen;Langzeitarbeitslosenquote;Langzeitarbeitslosenquote (%);%;2019;3.3;Nordrhein-Westfalen_Langzeitarbeitslosenquote.csv
Nordrhein-Westfalen;Langzeitarbeitslosenquote;Langzeitarbeitslosenquote (%);%;2020;3.6;Nordrhein-Westfalen_Langzeitarbeitslosenquote.csv
Nordrhein-Westfalen;Langzeitarbeitslosenquote;Langzeitarbeitslosenquote (%);%;2021;4.3;Nordrhein-Westfalen_Langzeitarbeitslosenquote.csv
Nordrhein-Westfalen;Langzeitarbeitslosenquote;Langzeitarbeitslosenquote (%);%;2022;3.9;Nordrhein-Westfalen_Langzeitarbeitslosenquote.csv
Nordrhein-Westfalen;Langzeitarbeitslosenquote;Langzeitarbeitslosenquote (%);%;2023;3.8;Nordrhein-Westfalen_Langzeitarbeitslosenquote.csv
Nordrhein-Westfalen;Liquiditätskredite;Liquiditätskredite (Euro je Einwohner:in);Euro je Einwohner:in;2016;1566.0;Nordrhein-Westfalen_Liquiditaetskredite.csv
Nordrhein-Westfalen;Liquiditätskredite;Liquiditätskredite (Euro je Einwohner:in);Euro je Einwohner:in;2017;1442.0;Nordrhein-Westfalen_Liquiditaetskredite.csv
Nordrhein-Westfalen;Liquiditätskredite;Liquiditätskredite (Euro je Einwohner:in);Euro je Einwohner:in;2018;1385.0;Nordrhein-Westfalen_Liquiditaetskredite.csv
Nordrhein-Westfalen;Liquiditätskredite;Liquiditätskredite (Euro je Einwohner:in);Euro je Einwohner:in;2019;1318.0;Nordrhein-Westfalen_Liquiditaetskredite.csv
Nordrhein-Westfalen;Liquiditätskredite;Liquiditätskredite (Euro je Einwohner:in);Euro je Einwohner:in;2020;1264.0;Nordrhein-Westfalen_Liquiditaetskredite.csv
Nordrhein-Westfalen;Liquiditätskredite;Liquiditätskredite (Euro je Einwohner:in);Euro je Einwohner:in;2021;1230.0;Nordrhein-Westfalen_Liquiditaetskredite.csv
Nordrhein-Westfalen;Liquiditätskredite;Liquiditätskredite (Euro je Einwohner:in);Euro je Einwohner:in;2022;1169.0;Nordrhein-Westfalen_Liquiditaetskredite.csv
Nordrhein-Westfalen;Liquiditätskredite;Liquiditätskredite (Euro je Einwohner:in);Euro je Einwohner:in;2023;1150.0;Nordrhein-Westfalen_Liquiditaetskredite.csv
Nordrhein-Westfalen;Luftschadstoffbelastung;Luftschadstoffbelastung (μg / m³);μg / m³;2016;;Nordrhein-Westfalen_Luftschadstoffbelastung.csv
Nordrhein-Westfalen;Luftschadstoffbelastung;Luftschadstoffbelastung (μg / m³);μg / m³;2017;;Nordrhein-Westfalen_Luftschadstoffbelastung.csv
Nordrhein-Westfalen;Luftschadstoffbelastung;Luftschadstoffbelastung (μg / m³);μg / m³;2018;;Nordrhein-Westfalen_Luftschadstoffbelastung.csv
Nordrhein-Westfalen;Luftschadstoffbelastung;Luftschadstoffbelastung (μg / m³);μg / m³;2019;;Nordrhein-Westfalen_Luftschadstoffbelastung.csv
Nordrhein-Westfalen;Luftschadstoffbelastung;Luftschadstoffbelastung (μg / m³);μg / m³;2020;;Nordrhein-Westfalen_Luftschadstoffbelastung.csv
Nordrhein-Westfalen;Luftschadstoffbelastung;Luftschadstoffbelastung (μg / m³);μg / m³;2021;;Nordrhein-Westfalen_Luftschadstoffbelastung.csv
Nordrhein-Westfalen;Luftschadstoffbelastung;Luftschadstoffbelastung (μg / m³);μg / m³;2022;;Nordrhein-Westfalen_Luftschadstoffbelastung.csv
Nordrhein-Westfalen;Luftschadstoffbelastung;Luftschadstoffbelastung (μg / m³);μg / m³;2023;;Nordrhein-Westfalen_Luftschadstoffbelastung.csv
Nordrhein-Westfalen;Naherholungsflächen;Naherholungsflächen (m² je Einwohner:in);m² je Einwohner:in;2016;44.81;Nordrhein-Westfalen_Naherholungsflaechen.csv
Nordrhein-Westfalen;Naherholungsflächen;Naherholungsflächen (m² je Einwohner:in);m² je Einwohner:in;2017;46.02;Nordrhein-Westfalen_Naherholungsflaechen.csv
Nordrhein-Westfalen;Naherholungsflächen;Naherholungsflächen (m² je Einwohner:in);m² je Einwohner:in;2018;47.1;Nordrhein-Westfalen_Naherholungsflaechen.csv
Nordrhein-Westfalen;Naherholungsflächen;Naherholungsflächen (m² je Einwohner:in);m² je Einwohner:in;2019;48.06;Nordrhein-Westfalen_Naherholungsflaechen.csv
Nordrhein-Westfalen;Naherholungsflächen;Naherholungsflächen (m² je Einwohner:in);m² je Einwohner:in;2020;48.58;Nordrhein-Westfalen_Naherholungsflaechen.csv
Nordrhein-Westfalen;Naherholungsflächen;Naherholungsflächen (m² je Einwohner:in);m² je Einwohner:in;2021;49.02;Nordrhein-Westfalen_Naherholungsflaechen.csv
Nordrhein-Westfalen;Naherholungsflächen;Naherholungsflächen (m² je Einwohner:in);m² je Einwohner:in;2022;48.51;Nordrhein-Westfalen_Naherholungsflaechen.csv
Nordrhein-Westfalen;Naherholungsflächen;Naherholungsflächen (m² je Einwohner:in);m² je Einwohner:in;2023;48.4;Nordrhein-Westfalen_Naherholungsflaechen.csv
Nordrhein-Westfalen;Naturschutzflächen;Naturschutzflächen (%);%;2016;11.6;Nordrhein-Westfalen_Naturschutzflaechen.csv
Nordrhein-Westfalen;Naturschutzflächen;Naturschutzflächen (%);%;2017;11.7;Nordrhein-Westfalen_Naturschutzflaechen.csv
Nordrhein-Westfalen;Naturschutzflächen;Naturschutzflächen (%);%;2018;11.7;Nordrhein-Westfalen_Naturschutzflaechen.csv
Nordrhein-Westfalen;Naturschutzflächen;Naturschutzflächen (%);%;2019;11.7;Nordrhein-Westfalen_Naturschutzflaechen.csv
Nordrhein-Westfalen;Naturschutzflächen;Naturschutzflächen (%);%;2020;;Nordrhein-Westfalen_Naturschutzflaechen.csv
Nordrhein-Westfalen;Naturschutzflächen;Naturschutzflächen (%);%;2021;;Nordrhein-Westfalen_Naturschutzflaechen.csv
Nordrhein-Westfalen;Naturschutzflächen;Naturschutzflächen (%);%;2022;11.9;Nordrhein-Westfalen_Naturschutzflaechen.csv
Nordrhein-Westfalen;Naturschutzflächen;Naturschutzflächen (%);%;2023;;Nordrhein-Westfalen_Naturschutzflaechen.csv
Nordrhein-Westfalen;SGB II-/SGB XII-Quote;SGB II-/SGB XII-Quote (%);%;2016;12.6;Nordrhein-Westfalen_SGB_II_XII_Quote.csv
Nordrhein-Westfalen;SGB II-/SGB XII-Quote;SGB II-/SGB XII-Quote (%);%;2017;12.7;Nordrhein-Westfalen_SGB_II_XII_Quote.csv
Nordrhein-Westfalen;SGB II-/SGB XII-Quote;SGB II-/SGB XII-Quote (%);%;2018;12.3;Nordrhein-Westfalen_SGB_II_XII_Quote.csv
Nordrhein-Westfalen;SGB II-/SGB XII-Quote;SGB II-/SGB XII-Quote (%);%;2019;11.9;Nordrhein-Westfalen_SGB_II_XII_Quote.csv
Nordrhein-Westfalen;SGB II-/SGB XII-Quote;SGB II-/SGB XII-Quote (%);%;2020;12.0;Nordrhein-Westfalen_SGB_II_XII_Quote.csv
Nordrhein-Westfalen;SGB II-/SGB XII-Quote;SGB II-/SGB XII-Quote (%);%;2021;11.5;Nordrhein-Westfalen_SGB_II_XII_Quote.csv
Nordrhein-Westfalen;SGB II-/SGB XII-Quote;SGB II-/SGB XII-Quote (%);%;2022;11.8;Nordrhein-Westfalen_SGB_II_XII_Quote.csv
Nordrhein-Westfalen;SGB II-/SGB XII-Quote;SGB II-/SGB XII-Quote (%);%;2023;11.9;Nordrhein-Westfalen_SGB_II_XII_Quote.csv
Nordrhein-Westfalen;Schulabgänger:innen allgmb. Schulen ohne Hauptschulabschluss - Gesamt;Schulabgänger:innen allgmb. Schulen ohne Hauptschulabschluss - Gesamt (%);%;2016;2.2;Nordrhein-Westfalen_Schulabgaenger_ohne_Hauptschulabschluss.csv
Nordrhein-Westfalen;Schulabgänger:innen allgmb. Schulen ohne Hauptschulabschluss - Gesamt;Schulabgänger:innen allgmb. Schulen ohne Hauptschulabschluss - Gesamt (%);%;2017;2.6;Nordrhein-Westfalen_Schulabgaenger_ohne_Hauptschulabschluss.csv
Nordrhein-Westfalen;Schulabgänger:innen allgmb. Schulen ohne Hauptschulabschluss - Gesamt;Schulabgänger:innen allgmb. Schulen ohne Hauptschulabschluss - Gesamt (%);%;2018;2.9;Nordrhein-Westfalen_Schulabgaenger_ohne_Hauptschulabschluss.csv
Nordrhein-Westfalen;Schulabgänger:innen allgmb. Schulen ohne Hauptschulabschluss - Gesamt;Schulabgänger:innen allgmb. Schulen ohne Hauptschulabschluss - Gesamt (%);%;2019;2.8;Nordrhein-Westfalen_Schulabgaenger_ohne_Hauptschulabschluss.csv
Nordrhein-Westfalen;Schulabgänger:innen allgmb. Schulen ohne Hauptschulabschluss - Gesamt;Schulabgänger:innen allgmb. Schulen ohne Hauptschulabschluss - Gesamt (%);%;2020;2.1;Nordrhein-Westfalen_Schulabgaenger_ohne_Hauptschulabschluss.csv
Nordrhein-Westfalen;Schulabgänger:innen allgmb. Schulen ohne Hauptschulabschluss - Gesamt;Schulabgänger:innen allgmb. Schulen ohne Hauptschulabschluss - Gesamt (%);%;2021;2.2;Nordrhein-Westfalen_Schulabgaenger_ohne_Hauptschulabschluss.csv
Nordrhein-Westfalen;Schulabgänger:innen allgmb. Schulen ohne Hauptschulabschluss - Gesamt;Schulabgänger:innen allgmb. Schulen ohne Hauptschulabschluss - Gesamt (%);%;2022;2.6;Nordrhein-Westfalen_Schulabgaenger_ohne_Hauptschulabschluss.csv
Nordrhein-Westfalen;Schulabgänger:innen allgmb. Schulen ohne Hauptschulabschluss - Gesamt;Schulabgänger:innen allgmb. Schulen ohne Hauptschulabschluss - Gesamt (%);%;2023;2.9;Nordrhein-Westfalen_Schulabgaenger_ohne_Hauptschulabschluss.csv
Nordrhein-Westfalen;Siedlungslast im Überschwemmungsgebiet;Siedlungslast im Überschwemmungsgebiet (%);%;2016;6.2;Nordrhein-Westfalen_Siedlungslast_Ueberschwemmungsgebiet.csv
Nordrhein-Westfalen;Siedlungslast im Überschwemmungsgebiet;Siedlungslast im Überschwemmungsgebiet (%);%;2017;6.2;Nordrhein-Westfalen_Siedlungslast_Ueberschwemmungsgebiet.csv
Nordrhein-Westfalen;Siedlungslast im Überschwemmungsgebiet;Siedlungslast im Überschwemmungsgebiet (%);%;2018;6.2;Nordrhein-Westfalen_Siedlungslast_Ueberschwemmungsgebiet.csv
Nordrhein-Westfalen;Siedlungslast im Überschwemmungsgebiet;Siedlungslast im Überschwemmungsgebiet (%);%;2019;6.2;Nordrhein-Westfalen_Siedlungslast_Ueberschwemmungsgebiet.csv
Nordrhein-Westfalen;Siedlungslast im Überschwemmungsgebiet;Siedlungslast im Überschwemmungsgebiet (%);%;2020;6.2;Nordrhein-Westfalen_Siedlungslast_Ueberschwemmungsgebiet.csv
Nordrhein-Westfalen;Siedlungslast im Überschwemmungsgebiet;Siedlungslast im Überschwemmungsgebiet (%);%;2021;6.2;Nordrhein-Westfalen_Siedlungslast_Ueberschwemmungsgebiet.csv
Nordrhein-Westfalen;Siedlungslast im Überschwemmungsgebiet;Siedlungslast im Überschwemmungsgebiet (%);%;2022;6.2;Nordrhein-Westfalen_Siedlungslast_Ueberschwemmungsgebiet.csv
Nordrhein-Westfalen;Siedlungslast im Überschwemmungsgebiet;Siedlungslast im Überschwemmungsgebiet (%);%;2023;6.2;Nordrhein-Westfalen_Siedlungslast_Ueberschwemmungsgebiet.csv
Nordrhein-Westfalen;Steuereinnahmen pro Einwohner:in;Steuereinnahmen pro Einwohner:in (Euro je Einwohner:in);Euro je Einwohner:in;2016;1232.0;Nordrhein-Westfalen_Steuereinnahmen.csv
Nordrhein-Westfalen;Steuereinnahmen pro Einwohner:in;Steuereinnahmen pro Einwohner:in (Euro je Einwohner:in);Euro je Einwohner:in;2017;1300.0;Nordrhein-Westfalen_Steuereinnahmen.csv
Nordrhein-Westfalen;Steuereinnahmen pro Einwohner:in;Steuereinnahmen pro Einwohner:in (Euro je Einwohner:in);Euro je Einwohner:in;2018;1379.0;Nordrhein-Westfalen_Steuereinnahmen.csv
Nordrhein-Westfalen;Steuereinnahmen pro Einwohner:in;Steuereinnahmen pro Einwohner:in (Euro je Einwohner:in);Euro je Einwohner:in;2019;1448.0;Nordrhein-Westfalen_Steuereinnahmen.csv
Nordrhein-Westfalen;Steuereinnahmen pro Einwohner:in;Steuereinnahmen pro Einwohner:in (Euro je Einwohner:in);Euro je Einwohner:in;2020;1463.0;Nordrhein-Westfalen_Steuereinnahmen.csv
Nordrhein-Westfalen;Steuereinnahmen pro Einwohner:in;Steuereinnahmen pro Einwohner:in (Euro je Einwohner:in);Euro je Einwohner:in;2021;1503.0;Nordrhein-Westfalen_Steuereinnahmen.csv
Nordrhein-Westfalen;Steuereinnahmen pro Einwohner:in;Steuereinnahmen pro Einwohner:in (Euro je Einwohner:in);Euro je Einwohner:in;2022;1554.0;Nordrhein-Westfalen_Steuereinnahmen.csv
Nordrhein-Westfalen;Steuereinnahmen pro Einwohner:in;Steuereinnahmen pro Einwohner:in (Euro je Einwohner:in);Euro je Einwohner:in;2023;1611.0;Nordrhein-Westfalen_Steuereinnahmen.csv
Nordrhein-Westfalen;Strom aus erneuerbaren Quellen;Strom aus erneuerbaren Quellen (kW je Einwohner:in);kW je Einwohner:in;2016;;Nordrhein-Westfalen_Strom_aus_erneuerbaren_Quellen.csv
Nordrhein-Westfalen;Strom aus erneuerbaren Quellen;Strom aus erneuerbaren Quellen (kW je Einwohner:in);kW je Einwohner:in;2017;;Nordrhein-Westfalen_Strom_aus_erneuerbaren_Quellen.csv
Nordrhein-Westfalen;Strom aus erneuerbaren Quellen;Strom aus erneuerbaren Quellen (kW je Einwohner:in);kW je Einwohner:in;2018;;Nordrhein-Westfalen_Strom_aus_erneuerbaren_Quellen.csv
Nordrhein-Westfalen;Strom aus erneuerbaren Quellen;Strom aus erneuerbaren Quellen (kW je Einwohner:in);kW je Einwohner:in;2019;0.76;Nordrhein-Westfalen_Strom_aus_erneuerbaren_Quellen.csv
Nordrhein-Westfalen;Strom aus erneuerbaren Quellen;Strom aus erneuerbaren Quellen (kW je Einwohner:in);kW je Einwohner:in;2020;0.81;Nordrhein-Westfalen_Strom_aus_erneuerbaren_Quellen.csv
Nordrhein-Westfalen;Strom aus erneuerbaren Quellen;Strom aus erneuerbaren Quellen (kW je Einwohner:in);kW je Einwohner:in;2021;0.87;Nordrhein-Westfalen_Strom_aus_erneuerbaren_Quellen.csv
Nordrhein-Westfalen;Strom aus erneuerbaren Quellen;Strom aus erneuerbaren Quellen (kW je Einwohner:in);kW je Einwohner:in;2022;;Nordrhein-Westfalen_Strom_aus_erneuerbaren_Quellen.csv
Nordrhein-Westfalen;Strom aus erneuerbaren Quellen;Strom aus erneuerbaren Quellen (kW je Einwohner:in);kW je Einwohner:in;2023;0.96;Nordrhein-Westfalen_Strom_aus_erneuerbaren_Quellen.csv
Nordrhein-Westfalen;Unter 3-Jährige in Tageseinrichtungen;Unter 3-Jährige in Tageseinrichtungen (%);%;2016;18.2;Nordrhein-Westfalen_U3_in_Tageseinrichtungen.csv
Nordrhein-Westfalen;Unter 3-Jährige in Tageseinrichtungen;Unter 3-Jährige in Tageseinrichtungen (%);%;2017;18.1;Nordrhein-Westfalen_U3_in_Tageseinrichtungen.csv
Nordrhein-Westfalen;Unter 3-Jährige in Tageseinrichtungen;Unter 3-Jährige in Tageseinrichtungen (%);%;2018;18.4;Nordrhein-Westfalen_U3_in_Tageseinrichtungen.csv
Nordrhein-Westfalen;Unter 3-Jährige in Tageseinrichtungen;Unter 3-Jährige in Tageseinrichtungen (%);%;2019;18.9;Nordrhein-Westfalen_U3_in_Tageseinrichtungen.csv
Nordrhein-Westfalen;Unter 3-Jährige in Tageseinrichtungen;Unter 3-Jährige in Tageseinrichtungen (%);%;2020;;Nordrhein-Westfalen_U3_in_Tageseinrichtungen.csv
Nordrhein-Westfalen;Unter 3-Jährige in Tageseinrichtungen;Unter 3-Jährige in Tageseinrichtungen (%);%;2021;19.7;Nordrhein-Westfalen_U3_in_Tageseinrichtungen.csv
Nordrhein-Westfalen;Unter 3-Jährige in Tageseinrichtungen;Unter 3-Jährige in Tageseinrichtungen (%);%;2022;20.1;Nordrhein-Westfalen_U3_in_Tageseinrichtungen.csv
Nordrhein-Westfalen;Unter 3-Jährige in Tageseinrichtungen;Unter 3-Jährige in Tageseinrichtungen (%);%;2023;20.9;Nordrhein-Westfalen_U3_in_Tageseinrichtungen.csv
Nordrhein-Westfalen;Verhältnis der Beschäftigungsquote von Frauen und Männern;Verhältnis der Beschäftigungsquote von Frauen und Männern (%);%;2016;84.7;Nordrhein-Westfalen_Verhaeltnis_Beschaeftigung_Frauen_Maenner.csv
Nordrhein-Westfalen;Verhältnis der Beschäftigungsquote von Frauen und Männern;Verhältnis der Beschäftigungsquote von Frauen und Männern (%);%;2017;84.7;Nordrhein-Westfalen_Verhaeltnis_Beschaeftigung_Frauen_Maenner.csv
Nordrhein-Westfalen;Verhältnis der Beschäftigungsquote von Frauen und Männern;Verhältnis der Beschäftigungsquote von Frauen und Männern (%);%;2018;84.4;Nordrhein-Westfalen_Verhaeltnis_Beschaeftigung_Frauen_Maenner.csv
Nordrhein-Westfalen;Verhältnis der Beschäftigungsquote von Frauen und Männern;Verhältnis der Beschäftigungsquote von Frauen und Männern (%);%;2019;84.6;Nordrhein-Westfalen_Verhaeltnis_Beschaeftigung_Frauen_Maenner.csv
Nordrhein-Westfalen;Verhältnis der Beschäftigungsquote von Frauen und Männern;Verhältnis der Beschäftigungsquote von Frauen und Männern (%);%;2020;85.3;Nordrhein-Westfalen_Verhaeltnis_Beschaeftigung_Frauen_Maenner.csv
Nordrhein-Westfalen;Verhältnis der Beschäftigungsquote von Frauen und Männern;Verhältnis der Beschäftigungsquote von Frauen und Männern (%);%;2021;85.5;Nordrhein-Westfalen_Verhaeltnis_Beschaeftigung_Frauen_Maenner.csv
Nordrhein-Westfalen;Verhältnis der Beschäftigungsquote von Frauen und Männern;Verhältnis der Beschäftigungsquote von Frauen und Männern (%);%;2022;85.4;Nordrhein-Westfalen_Verhaeltnis_Beschaeftigung_Frauen_Maenner.csv
Nordrhein-Westfalen;Verhältnis der Beschäftigungsquote von Frauen und Männern;Verhältnis der Beschäftigungsquote von Frauen und Männern (%);%;2023;86.0;Nordrhein-Westfalen_Verhaeltnis_Beschaeftigung_Frauen_Maenner.csv
Nordrhein-Westfalen;Verunglückte im Verkehr;Verunglückte im Verkehr (Verunglückte je 1.000 Einwohner:innen);Verunglückte je 1.000 Einwohner:innen;2016;4.4;Nordrhein-Westfalen_Verunglueckte_im_Verkehr.csv
Nordrhein-Westfalen;Verunglückte im Verkehr;Verunglückte im Verkehr (Verunglückte je 1.000 Einwohner:innen);Verunglückte je 1.000 Einwohner:innen;2017;4.3;Nordrhein-Westfalen_Verunglueckte_im_Verkehr.csv
Nordrhein-Westfalen;Verunglückte im Verkehr;Verunglückte im Verkehr (Verunglückte je 1.000 Einwohner:innen);Verunglückte je 1.000 Einwohner:innen;2018;4.5;Nordrhein-Westfalen_Verunglueckte_im_Verkehr.csv
Nordrhein-Westfalen;Verunglückte im Verkehr;Verunglückte im Verkehr (Verunglückte je 1.000 Einwohner:innen);Verunglückte je 1.000 Einwohner:innen;2019;4.4;Nordrhein-Westfalen_Verunglueckte_im_Verkehr.csv
Nordrhein-Westfalen;Verunglückte im Verkehr;Verunglückte im Verkehr (Verunglückte je 1.000 Einwohner:innen);Verunglückte je 1.000 Einwohner:innen;2020;3.7;Nordrhein-Westfalen_Verunglueckte_im_Verkehr.csv
Nordrhein-Westfalen;Verunglückte im Verkehr;Verunglückte im Verkehr (Verunglückte je 1.000 Einwohner:innen);Verunglückte je 1.000 Einwohner:innen;2021;3.8;Nordrhein-Westfalen_Verunglueckte_im_Verkehr.csv
Nordrhein-Westfalen;Verunglückte im Verkehr;Verunglückte im Verkehr (Verunglückte je 1.000 Einwohner:innen);Verunglückte je 1.000 Einwohner:innen;2022;4.3;Nordrhein-Westfalen_Verunglueckte_im_Verkehr.csv
Nordrhein-Westfalen;Verunglückte im Verkehr;Verunglückte im Verkehr (Verunglückte je 1.000 Einwohner:innen);Verunglückte je 1.000 Einwohner:innen;2023;4.4;Nordrhein-Westfalen_Verunglueckte_im_Verkehr.csv
Nordrhein-Westfalen;Vorzeitige Sterblichkeit - Gesamt;Vorzeitige Sterblichkeit - Gesamt (Todesfälle je 1.000 Einwohner:innen);Todesfälle je 1.000 Einwohner:innen;2016;2.5;Nordrhein-Westfalen_Vorzeitige_Sterblichkeit.csv
Nordrhein-Westfalen;Vorzeitige Sterblichkeit - Gesamt;Vorzeitige Sterblichkeit - Gesamt (Todesfälle je 1.000 Einwohner:innen);Todesfälle je 1.000 Einwohner:innen;2017;2.5;Nordrhein-Westfalen_Vorzeitige_Sterblichkeit.csv
Nordrhein-Westfalen;Vorzeitige Sterblichkeit - Gesamt;Vorzeitige Sterblichkeit - Gesamt (Todesfälle je 1.000 Einwohner:innen);Todesfälle je 1.000 Einwohner:innen;2018;;Nordrhein-Westfalen_Vorzeitige_Sterblichkeit.csv
Nordrhein-Westfalen;Vorzeitige Sterblichkeit - Gesamt;Vorzeitige Sterblichkeit - Gesamt (Todesfälle je 1.000 Einwohner:innen);Todesfälle je 1.000 Einwohner:innen;2019;2.5;Nordrhein-Westfalen_Vorzeitige_Sterblichkeit.csv
Nordrhein-Westfalen;Vorzeitige Sterblichkeit - Gesamt;Vorzeitige Sterblichkeit - Gesamt (Todesfälle je 1.000 Einwohner:innen);Todesfälle je 1.000 Einwohner:innen;2020;2.6;Nordrhein-Westfalen_Vorzeitige_Sterblichkeit.csv
Nordrhein-Westfalen;Vorzeitige Sterblichkeit - Gesamt;Vorzeitige Sterblichkeit - Gesamt (Todesfälle je 1.000 Einwohner:innen);Todesfälle je 1.000 Einwohner:innen;2021;2.7;Nordrhein-Westfalen_Vorzeitige_Sterblichkeit.csv
Nordrhein-Westfalen;Vorzeitige Sterblichkeit - Gesamt;Vorzeitige Sterblichkeit - Gesamt (Todesfälle je 1.000 Einwohner:innen);Todesfälle je 1.000 Einwohner:innen;2022;2.7;Nordrhein-Westfalen_Vorzeitige_Sterblichkeit.csv
Nordrhein-Westfalen;Vorzeitige Sterblichkeit - Gesamt;Vorzeitige Sterblichkeit - Gesamt (Todesfälle je 1.000 Einwohner:innen);Todesfälle je 1.000 Einwohner:innen;2023;2.6;Nordrhein-Westfalen_Vorzeitige_Sterblichkeit.csv
Nordrhein-Westfalen;Wohnfläche pro Person;Wohnfläche pro Person (m²);m²;2016;43.6;Nordrhein-Westfalen_Wohnflaeche.csv
Nordrhein-Westfalen;Wohnfläche pro Person;Wohnfläche pro Person (m²);m²;2017;43.6;Nordrhein-Westfalen_Wohnflaeche.csv
Nordrhein-Westfalen;Wohnfläche pro Person;Wohnfläche pro Person (m²);m²;2018;44.0;Nordrhein-Westfalen_Wohnflaeche.csv
Nordrhein-Westfalen;Wohnfläche pro Person;Wohnfläche pro Person (m²);m²;2019;44.0;Nordrhein-Westfalen_Wohnflaeche.csv
Nordrhein-Westfalen;Wohnfläche pro Person;Wohnfläche pro Person (m²);m²;2020;44.3;Nordrhein-Westfalen_Wohnflaeche.csv
Nordrhein-Westfalen;Wohnfläche pro Person;Wohnfläche pro Person (m²);m²;2021;44.6;Nordrhein-Westfalen_Wohnflaeche.csv
Nordrhein-Westfalen;Wohnfläche pro Person;Wohnfläche pro Person (m²);m²;2022;44.3;Nordrhein-Westfalen_Wohnflaeche.csv
Nordrhein-Westfalen;Wohnfläche pro Person;Wohnfläche pro Person (m²);m²;2023;44.7;Nordrhein-Westfalen_Wohnflaeche.csv
Nordrhein-Westfalen;Wohnungsnahe Grundversorgung - Apotheke;Wohnungsnahe Grundversorgung - Apotheke (Meter);Meter;2016;;Nordrhein-Westfalen_Wohnungsnahe_Apotheke.csv
Nordrhein-Westfalen;Wohnungsnahe Grundversorgung - Apotheke;Wohnungsnahe Grundversorgung - Apotheke (Meter);Meter;2017;;Nordrhein-Westfalen_Wohnungsnahe_Apotheke.csv
Nordrhein-Westfalen;Wohnungsnahe Grundversorgung - Apotheke;Wohnungsnahe Grundversorgung - Apotheke (Meter);Meter;2018;;Nordrhein-Westfalen_Wohnungsnahe_Apotheke.csv
Nordrhein-Westfalen;Wohnungsnahe Grundversorgung - Apotheke;Wohnungsnahe Grundversorgung - Apotheke (Meter);Meter;2019;;Nordrhein-Westfalen_Wohnungsnahe_Apotheke.csv
Nordrhein-Westfalen;Wohnungsnahe Grundversorgung - Apotheke;Wohnungsnahe Grundversorgung - Apotheke (Meter);Meter;2020;;Nordrhein-Westfalen_Wohnungsnahe_Apotheke.csv
Nordrhein-Westfalen;Wohnungsnahe Grundversorgung - Apotheke;Wohnungsnahe Grundversorgung - Apotheke (Meter);Meter;2021;927.0;Nordrhein-Westfalen_Wohnungsnahe_Apotheke.csv
Nordrhein-Westfalen;Wohnungsnahe Grundversorgung - Apotheke;Wohnungsnahe Grundversorgung - Apotheke (Meter);Meter;2022;;Nordrhein-Westfalen_Wohnungsnahe_Apotheke.csv
Nordrhein-Westfalen;Wohnungsnahe Grundversorgung - Apotheke;Wohnungsnahe Grundversorgung - Apotheke (Meter);Meter;2023;;Nordrhein-Westfalen_Wohnungsnahe_Apotheke.csv
Nordrhein-Westfalen;Wohnungsnahe Grundversorgung - Grundschule;Wohnungsnahe Grundversorgung - Grundschule (Meter);Meter;2016;;Nordrhein-Westfalen_Wohnungsnahe_Grundschule.csv
Nordrhein-Westfalen;Wohnungsnahe Grundversorgung - Grundschule;Wohnungsnahe Grundversorgung - Grundschule (Meter);Meter;2017;;Nordrhein-Westfalen_Wohnungsnahe_Grundschule.csv
Nordrhein-Westfalen;Wohnungsnahe Grundversorgung - Grundschule;Wohnungsnahe Grundversorgung - Grundschule (Meter);Meter;2018;833.0;Nordrhein-Westfalen_Wohnungsnahe_Grundschule.csv
Nordrhein-Westfalen;Wohnungsnahe Grundversorgung - Grundschule;Wohnungsnahe Grundversorgung - Grundschule (Meter);Meter;2019;;Nordrhein-Westfalen_Wohnungsnahe_Grundschule.csv
Nordrhein-Westfalen;Wohnungsnahe Grundversorgung - Grundschule;Wohnungsnahe Grundversorgung - Grundschule (Meter);Meter;2020;;Nordrhein-Westfalen_Wohnungsnahe_Grundschule.csv
Nordrhein-Westfalen;Wohnungsnahe Grundversorgung - Grundschule;Wohnungsnahe Grundversorgung - Grundschule (Meter);Meter;2021;842.0;Nordrhein-Westfalen_Wohnungsnahe_Grundschule.csv
Nordrhein-Westfalen;Wohnungsnahe Grundversorgung - Grundschule;Wohnungsnahe Grundversorgung - Grundschule (Meter);Meter;2022;;Nordrhein-Westfalen_Wohnungsnahe_Grundschule.csv
Nordrhein-Westfalen;Wohnungsnahe Grundversorgung - Grundschule;Wohnungsnahe Grundversorgung - Grundschule (Meter);Meter;2023;;Nordrhein-Westfalen_Wohnungsnahe_Grundschule.csv
Nordrhein-Westfalen;Wohnungsnahe Grundversorgung - Hausarzt;Wohnungsnahe Grundversorgung - Hausarzt (Meter);Meter;2016;;Nordrhein-Westfalen_Wohnungsnaher_Hausarzt.csv
Nordrhein-Westfalen;Wohnungsnahe Grundversorgung - Hausarzt;Wohnungsnahe Grundversorgung - Hausarzt (Meter);Meter;2017;;Nordrhein-Westfalen_Wohnungsnaher_Hausarzt.csv
Nordrhein-Westfalen;Wohnungsnahe Grundversorgung - Hausarzt;Wohnungsnahe Grundversorgung - Hausarzt (Meter);Meter;2018;;Nordrhein-Westfalen_Wohnungsnaher_Hausarzt.csv
Nordrhein-Westfalen;Wohnungsnahe Grundversorgung - Hausarzt;Wohnungsnahe Grundversorgung - Hausarzt (Meter);Meter;2019;;Nordrhein-Westfalen_Wohnungsnaher_Hausarzt.csv
Nordrhein-Westfalen;Wohnungsnahe Grundversorgung - Hausarzt;Wohnungsnahe Grundversorgung - Hausarzt (Meter);Meter;2020;;Nordrhein-Westfalen_Wohnungsnaher_Hausarzt.csv
Nordrhein-Westfalen;Wohnungsnahe Grundversorgung - Hausarzt;Wohnungsnahe Grundversorgung - Hausarzt (Meter);Meter;2021;739.0;Nordrhein-Westfalen_Wohnungsnaher_Hausarzt.csv
Nordrhein-Westfalen;Wohnungsnahe Grundversorgung - Hausarzt;Wohnungsnahe Grundversorgung - Hausarzt (Meter);Meter;2022;;Nordrhein-Westfalen_Wohnungsnaher_Hausarzt.csv
Nordrhein-Westfalen;Wohnungsnahe Grundversorgung - Hausarzt;Wohnungsnahe Grundversorgung - Hausarzt (Meter);Meter;2023;;Nordrhein-Westfalen_Wohnungsnaher_Hausarzt.csv
Nordrhein-Westfalen;Wohnungsnahe Grundversorgung - Supermarkt;Wohnungsnahe Grundversorgung - Supermarkt (Meter);Meter;2016;;Nordrhein-Westfalen_Wohnungsnaher_Supermarkt.csv
Nordrhein-Westfalen;Wohnungsnahe Grundversorgung - Supermarkt;Wohnungsnahe Grundversorgung - Supermarkt (Meter);Meter;2017;;Nordrhein-Westfalen_Wohnungsnaher_Supermarkt.csv
Nordrhein-Westfalen;Wohnungsnahe Grundversorgung - Supermarkt;Wohnungsnahe Grundversorgung - Supermarkt (Meter);Meter;2018;;Nordrhein-Westfalen_Wohnungsnaher_Supermarkt.csv
Nordrhein-Westfalen;Wohnungsnahe Grundversorgung - Supermarkt;Wohnungsnahe Grundversorgung - Supermarkt (Meter);Meter;2019;;Nordrhein-Westfalen_Wohnungsnaher_Supermarkt.csv
Nordrhein-Westfalen;Wohnungsnahe Grundversorgung - Supermarkt;Wohnungsnahe Grundversorgung - Supermarkt (Meter);Meter;2020;;Nordrhein-Westfalen_Wohnungsnaher_Supermarkt.csv
Nordrhein-Westfalen;Wohnungsnahe Grundversorgung - Supermarkt;Wohnungsnahe Grundversorgung - Supermarkt (Meter);Meter;2021;744.0;Nordrhein-Westfalen_Wohnungsnaher_Supermarkt.csv
Nordrhein-Westfalen;Wohnungsnahe Grundversorgung - Supermarkt;Wohnungsnahe Grundversorgung - Supermarkt (Meter);Meter;2022;;Nordrhein-Westfalen_Wohnungsnaher_Supermarkt.csv
Nordrhein-Westfalen;Wohnungsnahe Grundversorgung - Supermarkt;Wohnungsnahe Grundversorgung - Supermarkt (Meter);Meter;2023;;Nordrhein-Westfalen_Wohnungsnaher_Supermarkt.csv
Ratingen;Abwasserbehandlung;Abwasserbehandlung (%);%;2016;;ratingen_Abwasserbehandlung.csv
Ratingen;Abwasserbehandlung;Abwasserbehandlung (%);%;2017;;ratingen_Abwasserbehandlung.csv
Ratingen;Abwasserbehandlung;Abwasserbehandlung (%);%;2018;;ratingen_Abwasserbehandlung.csv
Ratingen;Abwasserbehandlung;Abwasserbehandlung (%);%;2019;;ratingen_Abwasserbehandlung.csv
Ratingen;Abwasserbehandlung;Abwasserbehandlung (%);%;2020;;ratingen_Abwasserbehandlung.csv
Ratingen;Abwasserbehandlung;Abwasserbehandlung (%);%;2021;;ratingen_Abwasserbehandlung.csv
Ratingen;Abwasserbehandlung;Abwasserbehandlung (%);%;2022;;ratingen_Abwasserbehandlung.csv
Ratingen;Abwasserbehandlung;Abwasserbehandlung (%);%;2023;;ratingen_Abwasserbehandlung.csv
Ratingen;Altersarmut;Altersarmut (%);%;2016;3.4;ratingen_Altersarmut.csv
Ratingen;Altersarmut;Altersarmut (%);%;2017;3.5;ratingen_Altersarmut.csv
Ratingen;Altersarmut;Altersarmut (%);%;2018;3.6;ratingen_Altersarmut.csv
Ratingen;Altersarmut;Altersarmut (%);%;2019;3.7;ratingen_Altersarmut.csv
Ratingen;Altersarmut;Altersarmut (%);%;2020;3.5;ratingen_Altersarmut.csv
Ratingen;Altersarmut;Altersarmut (%);%;2021;3.6;ratingen_Altersarmut.csv
Ratingen;Altersarmut;Altersarmut (%);%;2022;3.7;ratingen_Altersarmut.csv
Ratingen;Altersarmut;Altersarmut (%);%;2023;4.0;ratingen_Altersarmut.csv
Ratingen;Beschäftigungsquote;Beschäftigungsquote (%);%;2016;58.7;ratingen_Beschaeftigungsquote.csv
Ratingen;Beschäftigungsquote;Beschäftigungsquote (%);%;2017;59.8;ratingen_Beschaeftigungsquote.csv
Ratingen;Beschäftigungsquote;Beschäftigungsquote (%);%;2018;60.9;ratingen_Beschaeftigungsquote.csv
Ratingen;Beschäftigungsquote;Beschäftigungsquote (%);%;2019;61.5;ratingen_Beschaeftigungsquote.csv
Ratingen;Beschäftigungsquote;Beschäftigungsquote (%);%;2020;61.8;ratingen_Beschaeftigungsquote.csv
Ratingen;Beschäftigungsquote;Beschäftigungsquote (%);%;2021;63.0;ratingen_Beschaeftigungsquote.csv
Ratingen;Beschäftigungsquote;Beschäftigungsquote (%);%;2022;62.8;ratingen_Beschaeftigungsquote.csv
Ratingen;Beschäftigungsquote;Beschäftigungsquote (%);%;2023;62.8;ratingen_Beschaeftigungsquote.csv
Ratingen;Breitbandversorgung - Private Haushalte;Breitbandversorgung - Private Haushalte (%);%;2016;;ratingen_Breitbandversorgung_Haushalte.csv
Ratingen;Breitbandversorgung - Private Haushalte;Breitbandversorgung - Private Haushalte (%);%;2017;83.4;ratingen_Breitbandversorgung_Haushalte.csv
Ratingen;Breitbandversorgung - Private Haushalte;Breitbandversorgung - Private Haushalte (%);%;2018;;ratingen_Breitbandversorgung_Haushalte.csv
Ratingen;Breitbandversorgung - Private Haushalte;Breitbandversorgung - Private Haushalte (%);%;2019;;ratingen_Breitbandversorgung_Haushalte.csv
Ratingen;Breitbandversorgung - Private Haushalte;Breitbandversorgung - Private Haushalte (%);%;2020;93.1;ratingen_Breitbandversorgung_Haushalte.csv
Ratingen;Breitbandversorgung - Private Haushalte;Breitbandversorgung - Private Haushalte (%);%;2021;93.3;ratingen_Breitbandversorgung_Haushalte.csv
Ratingen;Breitbandversorgung - Private Haushalte;Breitbandversorgung - Private Haushalte (%);%;2022;97.5;ratingen_Breitbandversorgung_Haushalte.csv
Ratingen;Breitbandversorgung - Private Haushalte;Breitbandversorgung - Private Haushalte (%);%;2023;;ratingen_Breitbandversorgung_Haushalte.csv
Ratingen;Eingebürgerte im Jahr;Eingebürgerte im Jahr (%);%;2016;1.4;ratingen_Einbuergerungen.csv
Ratingen;Eingebürgerte im Jahr;Eingebürgerte im Jahr (%);%;2017;1.6;ratingen_Einbuergerungen.csv
Ratingen;Eingebürgerte im Jahr;Eingebürgerte im Jahr (%);%;2018;1.1;ratingen_Einbuergerungen.csv
Ratingen;Eingebürgerte im Jahr;Eingebürgerte im Jahr (%);%;2019;1.9;ratingen_Einbuergerungen.csv
Ratingen;Eingebürgerte im Jahr;Eingebürgerte im Jahr (%);%;2020;1.6;ratingen_Einbuergerungen.csv
Ratingen;Eingebürgerte im Jahr;Eingebürgerte im Jahr (%);%;2021;1.4;ratingen_Einbuergerungen.csv
Ratingen;Eingebürgerte im Jahr;Eingebürgerte im Jahr (%);%;2022;1.1;ratingen_Einbuergerungen.csv
Ratingen;Eingebürgerte im Jahr;Eingebürgerte im Jahr (%);%;2023;2.4;ratingen_Einbuergerungen.csv
Ratingen;Erwerbstätige Aufstocker:innen - Gesamt;Erwerbstätige Aufstocker:innen - Gesamt (%);%;2016;29.7;ratingen_Erwerbstaetige_Aufstockende.csv
Ratingen;Erwerbstätige Aufstocker:innen - Gesamt;Erwerbstätige Aufstocker:innen - Gesamt (%);%;2017;28.3;ratingen_Erwerbstaetige_Aufstockende.csv
Ratingen;Erwerbstätige Aufstocker:innen - Gesamt;Erwerbstätige Aufstocker:innen - Gesamt (%);%;2018;27.4;ratingen_Erwerbstaetige_Aufstockende.csv
Ratingen;Erwerbstätige Aufstocker:innen - Gesamt;Erwerbstätige Aufstocker:innen - Gesamt (%);%;2019;27.0;ratingen_Erwerbstaetige_Aufstockende.csv
Ratingen;Erwerbstätige Aufstocker:innen - Gesamt;Erwerbstätige Aufstocker:innen - Gesamt (%);%;2020;24.9;ratingen_Erwerbstaetige_Aufstockende.csv
Ratingen;Erwerbstätige Aufstocker:innen - Gesamt;Erwerbstätige Aufstocker:innen - Gesamt (%);%;2021;25.0;ratingen_Erwerbstaetige_Aufstockende.csv
Ratingen;Erwerbstätige Aufstocker:innen - Gesamt;Erwerbstätige Aufstocker:innen - Gesamt (%);%;2022;21.6;ratingen_Erwerbstaetige_Aufstockende.csv
Ratingen;Erwerbstätige Aufstocker:innen - Gesamt;Erwerbstätige Aufstocker:innen - Gesamt (%);%;2023;22.5;ratingen_Erwerbstaetige_Aufstockende.csv
Ratingen;Existenzgründungen;Existenzgründungen (Neuerrichtungen je 1.000 Einwohner:innen);Neuerrichtungen je 1.000 Einwohner:innen;2016;;ratingen_Existenzgruendungen.csv
Ratingen;Existenzgründungen;Existenzgründungen (Neuerrichtungen je 1.000 Einwohner:innen);Neuerrichtungen je 1.000 Einwohner:innen;2017;7.9;ratingen_Existenzgruendungen.csv
Ratingen;Existenzgründungen;Existenzgründungen (Neuerrichtungen je 1.000 Einwohner:innen);Neuerrichtungen je 1.000 Einwohner:innen;2018;9.0;ratingen_Existenzgruendungen.csv
Ratingen;Existenzgründungen;Existenzgründungen (Neuerrichtungen je 1.000 Einwohner:innen);Neuerrichtungen je 1.000 Einwohner:innen;2019;7.8;ratingen_Existenzgruendungen.csv
Ratingen;Existenzgründungen;Existenzgründungen (Neuerrichtungen je 1.000 Einwohner:innen);Neuerrichtungen je 1.000 Einwohner:innen;2020;6.7;ratingen_Existenzgruendungen.csv
Ratingen;Existenzgründungen;Existenzgründungen (Neuerrichtungen je 1.000 Einwohner:innen);Neuerrichtungen je 1.000 Einwohner:innen;2021;;ratingen_Existenzgruendungen.csv
Ratingen;Existenzgründungen;Existenzgründungen (Neuerrichtungen je 1.000 Einwohner:innen);Neuerrichtungen je 1.000 Einwohner:innen;2022;6.2;ratingen_Existenzgruendungen.csv
Ratingen;Existenzgründungen;Existenzgründungen (Neuerrichtungen je 1.000 Einwohner:innen);Neuerrichtungen je 1.000 Einwohner:innen;2023;7.0;ratingen_Existenzgruendungen.csv
Ratingen;Fertiggestellte Wohngebäude mit erneuerbarer Energie;Fertiggestellte Wohngebäude mit erneuerbarer Energie (%);%;2016;48.3;ratingen_Wohngebaeude_erneuerbare_Heizenergie.csv
Ratingen;Fertiggestellte Wohngebäude mit erneuerbarer Energie;Fertiggestellte Wohngebäude mit erneuerbarer Energie (%);%;2017;14.7;ratingen_Wohngebaeude_erneuerbare_Heizenergie.csv
Ratingen;Fertiggestellte Wohngebäude mit erneuerbarer Energie;Fertiggestellte Wohngebäude mit erneuerbarer Energie (%);%;2018;48.5;ratingen_Wohngebaeude_erneuerbare_Heizenergie.csv
Ratingen;Fertiggestellte Wohngebäude mit erneuerbarer Energie;Fertiggestellte Wohngebäude mit erneuerbarer Energie (%);%;2019;29.6;ratingen_Wohngebaeude_erneuerbare_Heizenergie.csv
Ratingen;Fertiggestellte Wohngebäude mit erneuerbarer Energie;Fertiggestellte Wohngebäude mit erneuerbarer Energie (%);%;2020;75.0;ratingen_Wohngebaeude_erneuerbare_Heizenergie.csv
Ratingen;Fertiggestellte Wohngebäude mit erneuerbarer Energie;Fertiggestellte Wohngebäude mit erneuerbarer Energie (%);%;2021;69.0;ratingen_Wohngebaeude_erneuerbare_Heizenergie.csv
Ratingen;Fertiggestellte Wohngebäude mit erneuerbarer Energie;Fertiggestellte Wohngebäude mit erneuerbarer Energie (%);%;2022;11.2;ratingen_Wohngebaeude_erneuerbare_Heizenergie.csv
Ratingen;Fertiggestellte Wohngebäude mit erneuerbarer Energie;Fertiggestellte Wohngebäude mit erneuerbarer Energie (%);%;2023;75.0;ratingen_Wohngebaeude_erneuerbare_Heizenergie.csv
Ratingen;Finanzmittelsaldo;Finanzmittelsaldo (Euro je Einwohner:in);Euro je Einwohner:in;2016;276.0;ratingen_Finanzmittelsaldo.csv
Ratingen;Finanzmittelsaldo;Finanzmittelsaldo (Euro je Einwohner:in);Euro je Einwohner:in;2017;314.0;ratingen_Finanzmittelsaldo.csv
Ratingen;Finanzmittelsaldo;Finanzmittelsaldo (Euro je Einwohner:in);Euro je Einwohner:in;2018;71.0;ratingen_Finanzmittelsaldo.csv
Ratingen;Finanzmittelsaldo;Finanzmittelsaldo (Euro je Einwohner:in);Euro je Einwohner:in;2019;539.0;ratingen_Finanzmittelsaldo.csv
Ratingen;Finanzmittelsaldo;Finanzmittelsaldo (Euro je Einwohner:in);Euro je Einwohner:in;2020;492.0;ratingen_Finanzmittelsaldo.csv
Ratingen;Finanzmittelsaldo;Finanzmittelsaldo (Euro je Einwohner:in);Euro je Einwohner:in;2021;393.0;ratingen_Finanzmittelsaldo.csv
Ratingen;Finanzmittelsaldo;Finanzmittelsaldo (Euro je Einwohner:in);Euro je Einwohner:in;2022;288.0;ratingen_Finanzmittelsaldo.csv
Ratingen;Finanzmittelsaldo;Finanzmittelsaldo (Euro je Einwohner:in);Euro je Einwohner:in;2023;298.0;ratingen_Finanzmittelsaldo.csv
Ratingen;Flächeninanspruchnahme;Flächeninanspruchnahme (%);%;2016;37.2;ratingen_Flaecheninanspruchnahme.csv
Ratingen;Flächeninanspruchnahme;Flächeninanspruchnahme (%);%;2017;36.8;ratingen_Flaecheninanspruchnahme.csv
Ratingen;Flächeninanspruchnahme;Flächeninanspruchnahme (%);%;2018;36.8;ratingen_Flaecheninanspruchnahme.csv
Ratingen;Flächeninanspruchnahme;Flächeninanspruchnahme (%);%;2019;36.7;ratingen_Flaecheninanspruchnahme.csv
Ratingen;Flächeninanspruchnahme;Flächeninanspruchnahme (%);%;2020;36.7;ratingen_Flaecheninanspruchnahme.csv
Ratingen;Flächeninanspruchnahme;Flächeninanspruchnahme (%);%;2021;36.8;ratingen_Flaecheninanspruchnahme.csv
Ratingen;Flächeninanspruchnahme;Flächeninanspruchnahme (%);%;2022;36.8;ratingen_Flaecheninanspruchnahme.csv
Ratingen;Flächeninanspruchnahme;Flächeninanspruchnahme (%);%;2023;36.7;ratingen_Flaecheninanspruchnahme.csv
Ratingen;Flächennutzungsintensität;Flächennutzungsintensität (qm/Einwohner:in);qm/Einwohner:in;2016;378.7;ratingen_Flaechennutzungsintensitaet.csv
Ratingen;Flächennutzungsintensität;Flächennutzungsintensität (qm/Einwohner:in);qm/Einwohner:in;2017;374.8;ratingen_Flaechennutzungsintensitaet.csv
Ratingen;Flächennutzungsintensität;Flächennutzungsintensität (qm/Einwohner:in);qm/Einwohner:in;2018;373.7;ratingen_Flaechennutzungsintensitaet.csv
Ratingen;Flächennutzungsintensität;Flächennutzungsintensität (qm/Einwohner:in);qm/Einwohner:in;2019;372.6;ratingen_Flaechennutzungsintensitaet.csv
Ratingen;Flächennutzungsintensität;Flächennutzungsintensität (qm/Einwohner:in);qm/Einwohner:in;2020;375.1;ratingen_Flaechennutzungsintensitaet.csv
Ratingen;Flächennutzungsintensität;Flächennutzungsintensität (qm/Einwohner:in);qm/Einwohner:in;2021;377.4;ratingen_Flaechennutzungsintensitaet.csv
Ratingen;Flächennutzungsintensität;Flächennutzungsintensität (qm/Einwohner:in);qm/Einwohner:in;2022;373.3;ratingen_Flaechennutzungsintensitaet.csv
Ratingen;Flächennutzungsintensität;Flächennutzungsintensität (qm/Einwohner:in);qm/Einwohner:in;2023;372.6;ratingen_Flaechennutzungsintensitaet.csv
Ratingen;Hochqualifizierte am Arbeitsort;Hochqualifizierte am Arbeitsort (%);%;2016;20.8;ratingen_Hochqualifizierte_am_Arbeitsort.csv
Ratingen;Hochqualifizierte am Arbeitsort;Hochqualifizierte am Arbeitsort (%);%;2017;21.6;ratingen_Hochqualifizierte_am_Arbeitsort.csv
Ratingen;Hochqualifizierte am Arbeitsort;Hochqualifizierte am Arbeitsort (%);%;2018;22.3;ratingen_Hochqualifizierte_am_Arbeitsort.csv
Ratingen;Hochqualifizierte am Arbeitsort;Hochqualifizierte am Arbeitsort (%);%;2019;23.1;ratingen_Hochqualifizierte_am_Arbeitsort.csv
Ratingen;Hochqualifizierte am Arbeitsort;Hochqualifizierte am Arbeitsort (%);%;2020;23.2;ratingen_Hochqualifizierte_am_Arbeitsort.csv
Ratingen;Hochqualifizierte am Arbeitsort;Hochqualifizierte am Arbeitsort (%);%;2021;23.6;ratingen_Hochqualifizierte_am_Arbeitsort.csv
Ratingen;Hochqualifizierte am Arbeitsort;Hochqualifizierte am Arbeitsort (%);%;2022;24.1;ratingen_Hochqualifizierte_am_Arbeitsort.csv
Ratingen;Hochqualifizierte am Arbeitsort;Hochqualifizierte am Arbeitsort (%);%;2023;25.4;ratingen_Hochqualifizierte_am_Arbeitsort.csv
Ratingen;Jugendarmut;Jugendarmut (%);%;2016;11.4;ratingen_Jugendarmut.csv
Ratingen;Jugendarmut;Jugendarmut (%);%;2017;11.5;ratingen_Jugendarmut.csv
Ratingen;Jugendarmut;Jugendarmut (%);%;2018;12.0;ratingen_Jugendarmut.csv
Ratingen;Jugendarmut;Jugendarmut (%);%;2019;12.3;ratingen_Jugendarmut.csv
Ratingen;Jugendarmut;Jugendarmut (%);%;2020;12.1;ratingen_Jugendarmut.csv
Ratingen;Jugendarmut;Jugendarmut (%);%;2021;12.3;ratingen_Jugendarmut.csv
Ratingen;Jugendarmut;Jugendarmut (%);%;2022;13.9;ratingen_Jugendarmut.csv
Ratingen;Jugendarmut;Jugendarmut (%);%;2023;13.7;ratingen_Jugendarmut.csv
Ratingen;Kinderarmut;Kinderarmut (%);%;2016;15.5;ratingen_Kinderarmut.csv
Ratingen;Kinderarmut;Kinderarmut (%);%;2017;15.4;ratingen_Kinderarmut.csv
Ratingen;Kinderarmut;Kinderarmut (%);%;2018;16.1;ratingen_Kinderarmut.csv
Ratingen;Kinderarmut;Kinderarmut (%);%;2019;16.0;ratingen_Kinderarmut.csv
Ratingen;Kinderarmut;Kinderarmut (%);%;2020;16.6;ratingen_Kinderarmut.csv
Ratingen;Kinderarmut;Kinderarmut (%);%;2021;15.7;ratingen_Kinderarmut.csv
Ratingen;Kinderarmut;Kinderarmut (%);%;2022;15.7;ratingen_Kinderarmut.csv
Ratingen;Kinderarmut;Kinderarmut (%);%;2023;15.2;ratingen_Kinderarmut.csv
Ratingen;Ladesäuleninfrastruktur;Ladesäuleninfrastruktur (Ladepunkte je 1.000 Einwohner:innen);Ladepunkte je 1.000 Einwohner:innen;2016;0.05;ratingen_Ladesaeuleninfrastruktur.csv
Ratingen;Ladesäuleninfrastruktur;Ladesäuleninfrastruktur (Ladepunkte je 1.000 Einwohner:innen);Ladepunkte je 1.000 Einwohner:innen;2017;0.07;ratingen_Ladesaeuleninfrastruktur.csv
Ratingen;Ladesäuleninfrastruktur;Ladesäuleninfrastruktur (Ladepunkte je 1.000 Einwohner:innen);Ladepunkte je 1.000 Einwohner:innen;2018;0.15;ratingen_Ladesaeuleninfrastruktur.csv
Ratingen;Ladesäuleninfrastruktur;Ladesäuleninfrastruktur (Ladepunkte je 1.000 Einwohner:innen);Ladepunkte je 1.000 Einwohner:innen;2019;0.15;ratingen_Ladesaeuleninfrastruktur.csv
Ratingen;Ladesäuleninfrastruktur;Ladesäuleninfrastruktur (Ladepunkte je 1.000 Einwohner:innen);Ladepunkte je 1.000 Einwohner:innen;2020;0.32;ratingen_Ladesaeuleninfrastruktur.csv
Ratingen;Ladesäuleninfrastruktur;Ladesäuleninfrastruktur (Ladepunkte je 1.000 Einwohner:innen);Ladepunkte je 1.000 Einwohner:innen;2021;0.65;ratingen_Ladesaeuleninfrastruktur.csv
Ratingen;Ladesäuleninfrastruktur;Ladesäuleninfrastruktur (Ladepunkte je 1.000 Einwohner:innen);Ladepunkte je 1.000 Einwohner:innen;2022;0.95;ratingen_Ladesaeuleninfrastruktur.csv
Ratingen;Ladesäuleninfrastruktur;Ladesäuleninfrastruktur (Ladepunkte je 1.000 Einwohner:innen);Ladepunkte je 1.000 Einwohner:innen;2023;1.26;ratingen_Ladesaeuleninfrastruktur.csv
Ratingen;Landschaftsqualität;Landschaftsqualität (Hemerobiewert);Hemerobiewert;2016;;ratingen_Landschaftsqualitaet.csv
Ratingen;Landschaftsqualität;Landschaftsqualität (Hemerobiewert);Hemerobiewert;2017;;ratingen_Landschaftsqualitaet.csv
Ratingen;Landschaftsqualität;Landschaftsqualität (Hemerobiewert);Hemerobiewert;2018;4.4;ratingen_Landschaftsqualitaet.csv
Ratingen;Landschaftsqualität;Landschaftsqualität (Hemerobiewert);Hemerobiewert;2019;;ratingen_Landschaftsqualitaet.csv
Ratingen;Landschaftsqualität;Landschaftsqualität (Hemerobiewert);Hemerobiewert;2020;4.4;ratingen_Landschaftsqualitaet.csv
Ratingen;Landschaftsqualität;Landschaftsqualität (Hemerobiewert);Hemerobiewert;2021;4.4;ratingen_Landschaftsqualitaet.csv
Ratingen;Landschaftsqualität;Landschaftsqualität (Hemerobiewert);Hemerobiewert;2022;;ratingen_Landschaftsqualitaet.csv
Ratingen;Landschaftsqualität;Landschaftsqualität (Hemerobiewert);Hemerobiewert;2023;;ratingen_Landschaftsqualitaet.csv
Ratingen;Langzeitarbeitslosenquote;Langzeitarbeitslosenquote (%);%;2016;3.7;ratingen_Langzeitarbeitslosenquote.csv
Ratingen;Langzeitarbeitslosenquote;Langzeitarbeitslosenquote (%);%;2017;3.5;ratingen_Langzeitarbeitslosenquote.csv
Ratingen;Langzeitarbeitslosenquote;Langzeitarbeitslosenquote (%);%;2018;3.4;ratingen_Langzeitarbeitslosenquote.csv
Ratingen;Langzeitarbeitslosenquote;Langzeitarbeitslosenquote (%);%;2019;3.2;ratingen_Langzeitarbeitslosenquote.csv
Ratingen;Langzeitarbeitslosenquote;Langzeitarbeitslosenquote (%);%;2020;3.6;ratingen_Langzeitarbeitslosenquote.csv
Ratingen;Langzeitarbeitslosenquote;Langzeitarbeitslosenquote (%);%;2021;4.2;ratingen_Langzeitarbeitslosenquote.csv
Ratingen;Langzeitarbeitslosenquote;Langzeitarbeitslosenquote (%);%;2022;3.7;ratingen_Langzeitarbeitslosenquote.csv
Ratingen;Langzeitarbeitslosenquote;Langzeitarbeitslosenquote (%);%;2023;3.5;ratingen_Langzeitarbeitslosenquote.csv
Ratingen;Liquiditätskredite;Liquiditätskredite (Euro je Einwohner:in);Euro je Einwohner:in;2016;0.0;ratingen_Liquiditaetskredite.csv
Ratingen;Liquiditätskredite;Liquiditätskredite (Euro je Einwohner:in);Euro je Einwohner:in;2017;0.0;ratingen_Liquiditaetskredite.csv
Ratingen;Liquiditätskredite;Liquiditätskredite (Euro je Einwohner:in);Euro je Einwohner:in;2018;0.0;ratingen_Liquiditaetskredite.csv
Ratingen;Liquiditätskredite;Liquiditätskredite (Euro je Einwohner:in);Euro je Einwohner:in;2019;0.0;ratingen_Liquiditaetskredite.csv
Ratingen;Liquiditätskredite;Liquiditätskredite (Euro je Einwohner:in);Euro je Einwohner:in;2020;0.0;ratingen_Liquiditaetskredite.csv
Ratingen;Liquiditätskredite;Liquiditätskredite (Euro je Einwohner:in);Euro je Einwohner:in;2021;0.0;ratingen_Liquiditaetskredite.csv
Ratingen;Liquiditätskredite;Liquiditätskredite (Euro je Einwohner:in);Euro je Einwohner:in;2022;0.0;ratingen_Liquiditaetskredite.csv
Ratingen;Liquiditätskredite;Liquiditätskredite (Euro je Einwohner:in);Euro je Einwohner:in;2023;0.0;ratingen_Liquiditaetskredite.csv
Ratingen;Luftschadstoffbelastung;Luftschadstoffbelastung (μg / m³);μg / m³;2016;11.24;ratingen_Luftschadstoffbelastung.csv
Ratingen;Luftschadstoffbelastung;Luftschadstoffbelastung (μg / m³);μg / m³;2017;11.27;ratingen_Luftschadstoffbelastung.csv
Ratingen;Luftschadstoffbelastung;Luftschadstoffbelastung (μg / m³);μg / m³;2018;10.41;ratingen_Luftschadstoffbelastung.csv
Ratingen;Luftschadstoffbelastung;Luftschadstoffbelastung (μg / m³);μg / m³;2019;8.93;ratingen_Luftschadstoffbelastung.csv
Ratingen;Luftschadstoffbelastung;Luftschadstoffbelastung (μg / m³);μg / m³;2020;7.92;ratingen_Luftschadstoffbelastung.csv
Ratingen;Luftschadstoffbelastung;Luftschadstoffbelastung (μg / m³);μg / m³;2021;10.22;ratingen_Luftschadstoffbelastung.csv
Ratingen;Luftschadstoffbelastung;Luftschadstoffbelastung (μg / m³);μg / m³;2022;9.03;ratingen_Luftschadstoffbelastung.csv
Ratingen;Luftschadstoffbelastung;Luftschadstoffbelastung (μg / m³);μg / m³;2023;8.11;ratingen_Luftschadstoffbelastung.csv
Ratingen;Naherholungsflächen;Naherholungsflächen (m² je Einwohner:in);m² je Einwohner:in;2016;72.4;ratingen_Naherholungsflaechen.csv
Ratingen;Naherholungsflächen;Naherholungsflächen (m² je Einwohner:in);m² je Einwohner:in;2017;71.88;ratingen_Naherholungsflaechen.csv
Ratingen;Naherholungsflächen;Naherholungsflächen (m² je Einwohner:in);m² je Einwohner:in;2018;71.48;ratingen_Naherholungsflaechen.csv
Ratingen;Naherholungsflächen;Naherholungsflächen (m² je Einwohner:in);m² je Einwohner:in;2019;71.3;ratingen_Naherholungsflaechen.csv
Ratingen;Naherholungsflächen;Naherholungsflächen (m² je Einwohner:in);m² je Einwohner:in;2020;71.81;ratingen_Naherholungsflaechen.csv
Ratingen;Naherholungsflächen;Naherholungsflächen (m² je Einwohner:in);m² je Einwohner:in;2021;72.2;ratingen_Naherholungsflaechen.csv
Ratingen;Naherholungsflächen;Naherholungsflächen (m² je Einwohner:in);m² je Einwohner:in;2022;71.29;ratingen_Naherholungsflaechen.csv
Ratingen;Naherholungsflächen;Naherholungsflächen (m² je Einwohner:in);m² je Einwohner:in;2023;70.73;ratingen_Naherholungsflaechen.csv
Ratingen;Naturschutzflächen;Naturschutzflächen (%);%;2016;9.6;ratingen_Naturschutzflaechen.csv
Ratingen;Naturschutzflächen;Naturschutzflächen (%);%;2017;9.7;ratingen_Naturschutzflaechen.csv
Ratingen;Naturschutzflächen;Naturschutzflächen (%);%;2018;9.8;ratingen_Naturschutzflaechen.csv
Ratingen;Naturschutzflächen;Naturschutzflächen (%);%;2019;9.8;ratingen_Naturschutzflaechen.csv
Ratingen;Naturschutzflächen;Naturschutzflächen (%);%;2020;;ratingen_Naturschutzflaechen.csv
Ratingen;Naturschutzflächen;Naturschutzflächen (%);%;2021;;ratingen_Naturschutzflaechen.csv
Ratingen;Naturschutzflächen;Naturschutzflächen (%);%;2022;9.8;ratingen_Naturschutzflaechen.csv
Ratingen;Naturschutzflächen;Naturschutzflächen (%);%;2023;;ratingen_Naturschutzflaechen.csv
Ratingen;SGB II-/SGB XII-Quote;SGB II-/SGB XII-Quote (%);%;2016;10.6;ratingen_SGB_II_XII_Quote.csv
Ratingen;SGB II-/SGB XII-Quote;SGB II-/SGB XII-Quote (%);%;2017;10.9;ratingen_SGB_II_XII_Quote.csv
Ratingen;SGB II-/SGB XII-Quote;SGB II-/SGB XII-Quote (%);%;2018;10.5;ratingen_SGB_II_XII_Quote.csv
Ratingen;SGB II-/SGB XII-Quote;SGB II-/SGB XII-Quote (%);%;2019;10.3;ratingen_SGB_II_XII_Quote.csv
Ratingen;SGB II-/SGB XII-Quote;SGB II-/SGB XII-Quote (%);%;2020;10.9;ratingen_SGB_II_XII_Quote.csv
Ratingen;SGB II-/SGB XII-Quote;SGB II-/SGB XII-Quote (%);%;2021;10.4;ratingen_SGB_II_XII_Quote.csv
Ratingen;SGB II-/SGB XII-Quote;SGB II-/SGB XII-Quote (%);%;2022;10.4;ratingen_SGB_II_XII_Quote.csv
Ratingen;SGB II-/SGB XII-Quote;SGB II-/SGB XII-Quote (%);%;2023;10.4;ratingen_SGB_II_XII_Quote.csv
Ratingen;Schulabgänger:innen allgmb. Schulen ohne Hauptschulabschluss - Gesamt;Schulabgänger:innen allgmb. Schulen ohne Hauptschulabschluss - Gesamt (%);%;2016;;ratingen_Schulabgaenger_ohne_Hauptschulabschluss.csv
Ratingen;Schulabgänger:innen allgmb. Schulen ohne Hauptschulabschluss - Gesamt;Schulabgänger:innen allgmb. Schulen ohne Hauptschulabschluss - Gesamt (%);%;2017;4.0;ratingen_Schulabgaenger_ohne_Hauptschulabschluss.csv
Ratingen;Schulabgänger:innen allgmb. Schulen ohne Hauptschulabschluss - Gesamt;Schulabgänger:innen allgmb. Schulen ohne Hauptschulabschluss - Gesamt (%);%;2018;3.8;ratingen_Schulabgaenger_ohne_Hauptschulabschluss.csv
Ratingen;Schulabgänger:innen allgmb. Schulen ohne Hauptschulabschluss - Gesamt;Schulabgänger:innen allgmb. Schulen ohne Hauptschulabschluss - Gesamt (%);%;2019;;ratingen_Schulabgaenger_ohne_Hauptschulabschluss.csv
Ratingen;Schulabgänger:innen allgmb. Schulen ohne Hauptschulabschluss - Gesamt;Schulabgänger:innen allgmb. Schulen ohne Hauptschulabschluss - Gesamt (%);%;2020;1.3;ratingen_Schulabgaenger_ohne_Hauptschulabschluss.csv
Ratingen;Schulabgänger:innen allgmb. Schulen ohne Hauptschulabschluss - Gesamt;Schulabgänger:innen allgmb. Schulen ohne Hauptschulabschluss - Gesamt (%);%;2021;1.3;ratingen_Schulabgaenger_ohne_Hauptschulabschluss.csv
Ratingen;Schulabgänger:innen allgmb. Schulen ohne Hauptschulabschluss - Gesamt;Schulabgänger:innen allgmb. Schulen ohne Hauptschulabschluss - Gesamt (%);%;2022;2.5;ratingen_Schulabgaenger_ohne_Hauptschulabschluss.csv
Ratingen;Schulabgänger:innen allgmb. Schulen ohne Hauptschulabschluss - Gesamt;Schulabgänger:innen allgmb. Schulen ohne Hauptschulabschluss - Gesamt (%);%;2023;1.3;ratingen_Schulabgaenger_ohne_Hauptschulabschluss.csv
Ratingen;Siedlungslast im Überschwemmungsgebiet;Siedlungslast im Überschwemmungsgebiet (%);%;2016;14.3;ratingen_Siedlungslast_Ueberschwemmungsgebiet.csv
Ratingen;Siedlungslast im Überschwemmungsgebiet;Siedlungslast im Überschwemmungsgebiet (%);%;2017;14.3;ratingen_Siedlungslast_Ueberschwemmungsgebiet.csv
Ratingen;Siedlungslast im Überschwemmungsgebiet;Siedlungslast im Überschwemmungsgebiet (%);%;2018;14.4;ratingen_Siedlungslast_Ueberschwemmungsgebiet.csv
Ratingen;Siedlungslast im Überschwemmungsgebiet;Siedlungslast im Überschwemmungsgebiet (%);%;2019;14.5;ratingen_Siedlungslast_Ueberschwemmungsgebiet.csv
Ratingen;Siedlungslast im Überschwemmungsgebiet;Siedlungslast im Überschwemmungsgebiet (%);%;2020;14.5;ratingen_Siedlungslast_Ueberschwemmungsgebiet.csv
Ratingen;Siedlungslast im Überschwemmungsgebiet;Siedlungslast im Überschwemmungsgebiet (%);%;2021;14.5;ratingen_Siedlungslast_Ueberschwemmungsgebiet.csv
Ratingen;Siedlungslast im Überschwemmungsgebiet;Siedlungslast im Überschwemmungsgebiet (%);%;2022;14.5;ratingen_Siedlungslast_Ueberschwemmungsgebiet.csv
Ratingen;Siedlungslast im Überschwemmungsgebiet;Siedlungslast im Überschwemmungsgebiet (%);%;2023;14.5;ratingen_Siedlungslast_Ueberschwemmungsgebiet.csv
Ratingen;Steuereinnahmen pro Einwohner:in;Steuereinnahmen pro Einwohner:in (Euro je Einwohner:in);Euro je Einwohner:in;2016;1989.0;ratingen_Steuereinnahmen.csv
Ratingen;Steuereinnahmen pro Einwohner:in;Steuereinnahmen pro Einwohner:in (Euro je Einwohner:in);Euro je Einwohner:in;2017;2070.0;ratingen_Steuereinnahmen.csv
Ratingen;Steuereinnahmen pro Einwohner:in;Steuereinnahmen pro Einwohner:in (Euro je Einwohner:in);Euro je Einwohner:in;2018;2120.0;ratingen_Steuereinnahmen.csv
Ratingen;Steuereinnahmen pro Einwohner:in;Steuereinnahmen pro Einwohner:in (Euro je Einwohner:in);Euro je Einwohner:in;2019;2314.0;ratingen_Steuereinnahmen.csv
Ratingen;Steuereinnahmen pro Einwohner:in;Steuereinnahmen pro Einwohner:in (Euro je Einwohner:in);Euro je Einwohner:in;2020;2328.0;ratingen_Steuereinnahmen.csv
Ratingen;Steuereinnahmen pro Einwohner:in;Steuereinnahmen pro Einwohner:in (Euro je Einwohner:in);Euro je Einwohner:in;2021;2398.0;ratingen_Steuereinnahmen.csv
Ratingen;Steuereinnahmen pro Einwohner:in;Steuereinnahmen pro Einwohner:in (Euro je Einwohner:in);Euro je Einwohner:in;2022;2503.0;ratingen_Steuereinnahmen.csv
Ratingen;Steuereinnahmen pro Einwohner:in;Steuereinnahmen pro Einwohner:in (Euro je Einwohner:in);Euro je Einwohner:in;2023;2512.0;ratingen_Steuereinnahmen.csv
Ratingen;Strom aus erneuerbaren Quellen;Strom aus erneuerbaren Quellen (kW je Einwohner:in);kW je Einwohner:in;2016;;ratingen_Strom_aus_erneuerbaren_Quellen.csv
Ratingen;Strom aus erneuerbaren Quellen;Strom aus erneuerbaren Quellen (kW je Einwohner:in);kW je Einwohner:in;2017;;ratingen_Strom_aus_erneuerbaren_Quellen.csv
Ratingen;Strom aus erneuerbaren Quellen;Strom aus erneuerbaren Quellen (kW je Einwohner:in);kW je Einwohner:in;2018;;ratingen_Strom_aus_erneuerbaren_Quellen.csv
Ratingen;Strom aus erneuerbaren Quellen;Strom aus erneuerbaren Quellen (kW je Einwohner:in);kW je Einwohner:in;2019;0.12;ratingen_Strom_aus_erneuerbaren_Quellen.csv
Ratingen;Strom aus erneuerbaren Quellen;Strom aus erneuerbaren Quellen (kW je Einwohner:in);kW je Einwohner:in;2020;0.15;ratingen_Strom_aus_erneuerbaren_Quellen.csv
Ratingen;Strom aus erneuerbaren Quellen;Strom aus erneuerbaren Quellen (kW je Einwohner:in);kW je Einwohner:in;2021;0.17;ratingen_Strom_aus_erneuerbaren_Quellen.csv
Ratingen;Strom aus erneuerbaren Quellen;Strom aus erneuerbaren Quellen (kW je Einwohner:in);kW je Einwohner:in;2022;;ratingen_Strom_aus_erneuerbaren_Quellen.csv
Ratingen;Strom aus erneuerbaren Quellen;Strom aus erneuerbaren Quellen (kW je Einwohner:in);kW je Einwohner:in;2023;0.27;ratingen_Strom_aus_erneuerbaren_Quellen.csv
Ratingen;Unter 3-Jährige in Tageseinrichtungen;Unter 3-Jährige in Tageseinrichtungen (%);%;2016;20.4;ratingen_U3_in_Tageseinrichtungen.csv
Ratingen;Unter 3-Jährige in Tageseinrichtungen;Unter 3-Jährige in Tageseinrichtungen (%);%;2017;18.6;ratingen_U3_in_Tageseinrichtungen.csv
Ratingen;Unter 3-Jährige in Tageseinrichtungen;Unter 3-Jährige in Tageseinrichtungen (%);%;2018;18.8;ratingen_U3_in_Tageseinrichtungen.csv
Ratingen;Unter 3-Jährige in Tageseinrichtungen;Unter 3-Jährige in Tageseinrichtungen (%);%;2019;19.0;ratingen_U3_in_Tageseinrichtungen.csv
Ratingen;Unter 3-Jährige in Tageseinrichtungen;Unter 3-Jährige in Tageseinrichtungen (%);%;2020;17.8;ratingen_U3_in_Tageseinrichtungen.csv
Ratingen;Unter 3-Jährige in Tageseinrichtungen;Unter 3-Jährige in Tageseinrichtungen (%);%;2021;19.4;ratingen_U3_in_Tageseinrichtungen.csv
Ratingen;Unter 3-Jährige in Tageseinrichtungen;Unter 3-Jährige in Tageseinrichtungen (%);%;2022;19.3;ratingen_U3_in_Tageseinrichtungen.csv
Ratingen;Unter 3-Jährige in Tageseinrichtungen;Unter 3-Jährige in Tageseinrichtungen (%);%;2023;22.0;ratingen_U3_in_Tageseinrichtungen.csv
Ratingen;Verhältnis der Beschäftigungsquote von Frauen und Männern;Verhältnis der Beschäftigungsquote von Frauen und Männern (%);%;2016;88.1;ratingen_Verhaeltnis_Beschaeftigung_Frauen_Maenner.csv
Ratingen;Verhältnis der Beschäftigungsquote von Frauen und Männern;Verhältnis der Beschäftigungsquote von Frauen und Männern (%);%;2017;88.7;ratingen_Verhaeltnis_Beschaeftigung_Frauen_Maenner.csv
Ratingen;Verhältnis der Beschäftigungsquote von Frauen und Männern;Verhältnis der Beschäftigungsquote von Frauen und Männern (%);%;2018;88.7;ratingen_Verhaeltnis_Beschaeftigung_Frauen_Maenner.csv
Ratingen;Verhältnis der Beschäftigungsquote von Frauen und Männern;Verhältnis der Beschäftigungsquote von Frauen und Männern (%);%;2019;89.8;ratingen_Verhaeltnis_Beschaeftigung_Frauen_Maenner.csv
Ratingen;Verhältnis der Beschäftigungsquote von Frauen und Männern;Verhältnis der Beschäftigungsquote von Frauen und Männern (%);%;2020;90.5;ratingen_Verhaeltnis_Beschaeftigung_Frauen_Maenner.csv
Ratingen;Verhältnis der Beschäftigungsquote von Frauen und Männern;Verhältnis der Beschäftigungsquote von Frauen und Männern (%);%;2021;90.6;ratingen_Verhaeltnis_Beschaeftigung_Frauen_Maenner.csv
Ratingen;Verhältnis der Beschäftigungsquote von Frauen und Männern;Verhältnis der Beschäftigungsquote von Frauen und Männern (%);%;2022;92.2;ratingen_Verhaeltnis_Beschaeftigung_Frauen_Maenner.csv
Ratingen;Verhältnis der Beschäftigungsquote von Frauen und Männern;Verhältnis der Beschäftigungsquote von Frauen und Männern (%);%;2023;93.4;ratingen_Verhaeltnis_Beschaeftigung_Frauen_Maenner.csv
Ratingen;Verunglückte im Verkehr;Verunglückte im Verkehr (Verunglückte je 1.000 Einwohner:innen);Verunglückte je 1.000 Einwohner:innen;2016;5.0;ratingen_Verunglueckte_im_Verkehr.csv
Ratingen;Verunglückte im Verkehr;Verunglückte im Verkehr (Verunglückte je 1.000 Einwohner:innen);Verunglückte je 1.000 Einwohner:innen;2017;5.0;ratingen_Verunglueckte_im_Verkehr.csv
Ratingen;Verunglückte im Verkehr;Verunglückte im Verkehr (Verunglückte je 1.000 Einwohner:innen);Verunglückte je 1.000 Einwohner:innen;2018;5.1;ratingen_Verunglueckte_im_Verkehr.csv
Ratingen;Verunglückte im Verkehr;Verunglückte im Verkehr (Verunglückte je 1.000 Einwohner:innen);Verunglückte je 1.000 Einwohner:innen;2019;5.8;ratingen_Verunglueckte_im_Verkehr.csv
Ratingen;Verunglückte im Verkehr;Verunglückte im Verkehr (Verunglückte je 1.000 Einwohner:innen);Verunglückte je 1.000 Einwohner:innen;2020;4.5;ratingen_Verunglueckte_im_Verkehr.csv
Ratingen;Verunglückte im Verkehr;Verunglückte im Verkehr (Verunglückte je 1.000 Einwohner:innen);Verunglückte je 1.000 Einwohner:innen;2021;3.6;ratingen_Verunglueckte_im_Verkehr.csv
Ratingen;Verunglückte im Verkehr;Verunglückte im Verkehr (Verunglückte je 1.000 Einwohner:innen);Verunglückte je 1.000 Einwohner:innen;2022;4.7;ratingen_Verunglueckte_im_Verkehr.csv
Ratingen;Verunglückte im Verkehr;Verunglückte im Verkehr (Verunglückte je 1.000 Einwohner:innen);Verunglückte je 1.000 Einwohner:innen;2023;4.7;ratingen_Verunglueckte_im_Verkehr.csv
Ratingen;Vorzeitige Sterblichkeit - Gesamt;Vorzeitige Sterblichkeit - Gesamt (Todesfälle je 1.000 Einwohner:innen);Todesfälle je 1.000 Einwohner:innen;2016;;ratingen_Vorzeitige_Sterblichkeit.csv
Ratingen;Vorzeitige Sterblichkeit - Gesamt;Vorzeitige Sterblichkeit - Gesamt (Todesfälle je 1.000 Einwohner:innen);Todesfälle je 1.000 Einwohner:innen;2017;;ratingen_Vorzeitige_Sterblichkeit.csv
Ratingen;Vorzeitige Sterblichkeit - Gesamt;Vorzeitige Sterblichkeit - Gesamt (Todesfälle je 1.000 Einwohner:innen);Todesfälle je 1.000 Einwohner:innen;2018;;ratingen_Vorzeitige_Sterblichkeit.csv
Ratingen;Vorzeitige Sterblichkeit - Gesamt;Vorzeitige Sterblichkeit - Gesamt (Todesfälle je 1.000 Einwohner:innen);Todesfälle je 1.000 Einwohner:innen;2019;2.5;ratingen_Vorzeitige_Sterblichkeit.csv
Ratingen;Vorzeitige Sterblichkeit - Gesamt;Vorzeitige Sterblichkeit - Gesamt (Todesfälle je 1.000 Einwohner:innen);Todesfälle je 1.000 Einwohner:innen;2020;2.4;ratingen_Vorzeitige_Sterblichkeit.csv
Ratingen;Vorzeitige Sterblichkeit - Gesamt;Vorzeitige Sterblichkeit - Gesamt (Todesfälle je 1.000 Einwohner:innen);Todesfälle je 1.000 Einwohner:innen;2021;2.2;ratingen_Vorzeitige_Sterblichkeit.csv
Ratingen;Vorzeitige Sterblichkeit - Gesamt;Vorzeitige Sterblichkeit - Gesamt (Todesfälle je 1.000 Einwohner:innen);Todesfälle je 1.000 Einwohner:innen;2022;2.4;ratingen_Vorzeitige_Sterblichkeit.csv
Ratingen;Vorzeitige Sterblichkeit - Gesamt;Vorzeitige Sterblichkeit - Gesamt (Todesfälle je 1.000 Einwohner:innen);Todesfälle je 1.000 Einwohner:innen;2023;2.5;ratingen_Vorzeitige_Sterblichkeit.csv
Ratingen;Wohnfläche pro Person;Wohnfläche pro Person (m²);m²;2016;47.8;ratingen_Wohnflaeche.csv
Ratingen;Wohnfläche pro Person;Wohnfläche pro Person (m²);m²;2017;47.8;ratingen_Wohnflaeche.csv
Ratingen;Wohnfläche pro Person;Wohnfläche pro Person (m²);m²;2018;47.9;ratingen_Wohnflaeche.csv
Ratingen;Wohnfläche pro Person;Wohnfläche pro Person (m²);m²;2019;47.9;ratingen_Wohnflaeche.csv
Ratingen;Wohnfläche pro Person;Wohnfläche pro Person (m²);m²;2020;48.4;ratingen_Wohnflaeche.csv
Ratingen;Wohnfläche pro Person;Wohnfläche pro Person (m²);m²;2021;48.8;ratingen_Wohnflaeche.csv
Ratingen;Wohnfläche pro Person;Wohnfläche pro Person (m²);m²;2022;48.6;ratingen_Wohnflaeche.csv
Ratingen;Wohnfläche pro Person;Wohnfläche pro Person (m²);m²;2023;48.7;ratingen_Wohnflaeche.csv
Ratingen;Wohnungsnahe Grundversorgung - Apotheke;Wohnungsnahe Grundversorgung - Apotheke (Meter);Meter;2016;;ratingen_Wohnungsnahe_Apotheke.csv
Ratingen;Wohnungsnahe Grundversorgung - Apotheke;Wohnungsnahe Grundversorgung - Apotheke (Meter);Meter;2017;;ratingen_Wohnungsnahe_Apotheke.csv
Ratingen;Wohnungsnahe Grundversorgung - Apotheke;Wohnungsnahe Grundversorgung - Apotheke (Meter);Meter;2018;;ratingen_Wohnungsnahe_Apotheke.csv
Ratingen;Wohnungsnahe Grundversorgung - Apotheke;Wohnungsnahe Grundversorgung - Apotheke (Meter);Meter;2019;;ratingen_Wohnungsnahe_Apotheke.csv
Ratingen;Wohnungsnahe Grundversorgung - Apotheke;Wohnungsnahe Grundversorgung - Apotheke (Meter);Meter;2020;;ratingen_Wohnungsnahe_Apotheke.csv
Ratingen;Wohnungsnahe Grundversorgung - Apotheke;Wohnungsnahe Grundversorgung - Apotheke (Meter);Meter;2021;624.0;ratingen_Wohnungsnahe_Apotheke.csv
Ratingen;Wohnungsnahe Grundversorgung - Apotheke;Wohnungsnahe Grundversorgung - Apotheke (Meter);Meter;2022;;ratingen_Wohnungsnahe_Apotheke.csv
Ratingen;Wohnungsnahe Grundversorgung - Apotheke;Wohnungsnahe Grundversorgung - Apotheke (Meter);Meter;2023;;ratingen_Wohnungsnahe_Apotheke.csv
Ratingen;Wohnungsnahe Grundversorgung - Grundschule;Wohnungsnahe Grundversorgung - Grundschule (Meter);Meter;2016;;ratingen_Wohnungsnahe_Grundschule.csv
Ratingen;Wohnungsnahe Grundversorgung - Grundschule;Wohnungsnahe Grundversorgung - Grundschule (Meter);Meter;2017;;ratingen_Wohnungsnahe_Grundschule.csv
Ratingen;Wohnungsnahe Grundversorgung - Grundschule;Wohnungsnahe Grundversorgung - Grundschule (Meter);Meter;2018;585.0;ratingen_Wohnungsnahe_Grundschule.csv
Ratingen;Wohnungsnahe Grundversorgung - Grundschule;Wohnungsnahe Grundversorgung - Grundschule (Meter);Meter;2019;;ratingen_Wohnungsnahe_Grundschule.csv
Ratingen;Wohnungsnahe Grundversorgung - Grundschule;Wohnungsnahe Grundversorgung - Grundschule (Meter);Meter;2020;;ratingen_Wohnungsnahe_Grundschule.csv
Ratingen;Wohnungsnahe Grundversorgung - Grundschule;Wohnungsnahe Grundversorgung - Grundschule (Meter);Meter;2021;582.0;ratingen_Wohnungsnahe_Grundschule.csv
Ratingen;Wohnungsnahe Grundversorgung - Grundschule;Wohnungsnahe Grundversorgung - Grundschule (Meter);Meter;2022;;ratingen_Wohnungsnahe_Grundschule.csv
Ratingen;Wohnungsnahe Grundversorgung - Grundschule;Wohnungsnahe Grundversorgung - Grundschule (Meter);Meter;2023;;ratingen_Wohnungsnahe_Grundschule.csv
Ratingen;Wohnungsnahe Grundversorgung - Hausarzt;Wohnungsnahe Grundversorgung - Hausarzt (Meter);Meter;2016;;ratingen_Wohnungsnaher_Hausarzt.csv
Ratingen;Wohnungsnahe Grundversorgung - Hausarzt;Wohnungsnahe Grundversorgung - Hausarzt (Meter);Meter;2017;;ratingen_Wohnungsnaher_Hausarzt.csv
Ratingen;Wohnungsnahe Grundversorgung - Hausarzt;Wohnungsnahe Grundversorgung - Hausarzt (Meter);Meter;2018;;ratingen_Wohnungsnaher_Hausarzt.csv
Ratingen;Wohnungsnahe Grundversorgung - Hausarzt;Wohnungsnahe Grundversorgung - Hausarzt (Meter);Meter;2019;;ratingen_Wohnungsnaher_Hausarzt.csv
Ratingen;Wohnungsnahe Grundversorgung - Hausarzt;Wohnungsnahe Grundversorgung - Hausarzt (Meter);Meter;2020;;ratingen_Wohnungsnaher_Hausarzt.csv
Ratingen;Wohnungsnahe Grundversorgung - Hausarzt;Wohnungsnahe Grundversorgung - Hausarzt (Meter);Meter;2021;484.0;ratingen_Wohnungsnaher_Hausarzt.csv
Ratingen;Wohnungsnahe Grundversorgung - Hausarzt;Wohnungsnahe Grundversorgung - Hausarzt (Meter);Meter;2022;;ratingen_Wohnungsnaher_Hausarzt.csv
Ratingen;Wohnungsnahe Grundversorgung - Hausarzt;Wohnungsnahe Grundversorgung - Hausarzt (Meter);Meter;2023;;ratingen_Wohnungsnaher_Hausarzt.csv
Ratingen;Wohnungsnahe Grundversorgung - Supermarkt;Wohnungsnahe Grundversorgung - Supermarkt (Meter);Meter;2016;;ratingen_Wohnungsnaher_Supermarkt.csv
Ratingen;Wohnungsnahe Grundversorgung - Supermarkt;Wohnungsnahe Grundversorgung - Supermarkt (Meter);Meter;2017;;ratingen_Wohnungsnaher_Supermarkt.csv
Ratingen;Wohnungsnahe Grundversorgung - Supermarkt;Wohnungsnahe Grundversorgung - Supermarkt (Meter);Meter;2018;;ratingen_Wohnungsnaher_Supermarkt.csv
Ratingen;Wohnungsnahe Grundversorgung - Supermarkt;Wohnungsnahe Grundversorgung - Supermarkt (Meter);Meter;2019;;ratingen_Wohnungsnaher_Supermarkt.csv
Ratingen;Wohnungsnahe Grundversorgung - Supermarkt;Wohnungsnahe Grundversorgung - Supermarkt (Meter);Meter;2020;;ratingen_Wohnungsnaher_Supermarkt.csv
Ratingen;Wohnungsnahe Grundversorgung - Supermarkt;Wohnungsnahe Grundversorgung - Supermarkt (Meter);Meter;2021;554.0;ratingen_Wohnungsnaher_Supermarkt.csv
Ratingen;Wohnungsnahe Grundversorgung - Supermarkt;Wohnungsnahe Grundversorgung - Supermarkt (Meter);Meter;2022;;ratingen_Wohnungsnaher_Supermarkt.csv
Ratingen;Wohnungsnahe Grundversorgung - Supermarkt;Wohnungsnahe Grundversorgung - Supermarkt (Meter);Meter;2023;;ratingen_Wohnungsnaher_Supermarkt.csv
